Food_Category,Temperature_C,Humidity_%,Storage_Days,Packaging,Moisture_%,pH,Refrigerated,Transport_Hours,Risk
Dairy,11.7,54,52,Damaged,48.6,5.9,No,15,Reject
Vegetables,8.1,64,1,Good,47.1,4.3,Yes,4,Safe
Meat,1.1,88,49,Average,66.7,6.3,Yes,19,Caution
Meat,0.5,52,13,Good,65.2,6.3,Yes,23,Safe
Meat,2.1,68,60,Average,15.3,4.7,No,1,Caution
Dairy,24.3,57,31,Damaged,41,4.4,Yes,3,Reject
Meat,4.3,83,41,Average,69.9,4.6,Yes,22,Caution
Meat,23,66,46,Good,85.2,3.5,Yes,22,Caution
Vegetables,13.8,41,4,Good,31.6,5.1,No,7,Caution
Grains,34.6,54,47,Damaged,43.9,5.3,No,11,Reject
Grains,31.1,64,3,Good,63.1,4.1,No,20,Caution
Meat,28.9,44,26,Good,33.6,5.6,Yes,18,Caution
Vegetables,21.4,63,22,Good,53.5,6.4,Yes,21,Caution
Dairy,4.5,73,37,Damaged,62,3.7,No,21,Reject
Fruits,8.3,89,27,Average,45.2,3.7,Yes,14,Reject
Vegetables,25.6,76,34,Good,9.5,4.1,Yes,18,Caution
Fruits,18.6,67,60,Average,61.1,5.4,Yes,18,Reject
Fruits,20.2,63,40,Good,54.5,6.7,No,24,Reject
Meat,14.7,44,24,Good,56.6,5.1,Yes,8,Caution
Grains,15.8,77,25,Average,80.8,4.8,No,2,Caution
Fruits,3.5,51,34,Good,86.8,4.7,No,13,Caution
Grains,15.3,47,33,Good,64.2,4,No,6,Caution
Fruits,33.8,90,48,Good,31.8,6.1,Yes,8,Caution
Dairy,11,94,54,Damaged,85.7,3.8,No,9,Reject
Fruits,11.6,87,23,Average,9.1,5.2,Yes,2,Caution
Vegetables,1.2,84,38,Good,26.5,6.3,Yes,5,Safe
Fruits,28.4,80,50,Average,12.3,6.1,No,10,Reject
Meat,26.4,40,45,Damaged,87.6,3.7,Yes,13,Reject
Vegetables,9.5,48,3,Good,57.5,4.4,Yes,22,Safe
Dairy,12.3,95,7,Good,79.2,5.8,Yes,19,Caution
Dairy,7.2,77,57,Good,47.5,4.2,No,11,Caution
Meat,11.2,78,56,Good,13.8,6.9,No,14,Reject
Dairy,11.3,59,2,Damaged,43.3,5.2,Yes,22,Caution
Grains,0.6,91,52,Average,76.3,6.2,No,17,Caution
Vegetables,20.6,52,42,Average,20.3,4.5,Yes,19,Reject
Vegetables,17.6,56,28,Average,89,5.1,No,21,Reject
Vegetables,33.8,79,37,Good,36.4,6,Yes,11,Caution
Dairy,5.4,46,31,Average,37.1,5.3,No,15,Reject
Dairy,8.9,54,13,Good,60.8,6.7,No,2,Caution
Dairy,32.4,78,19,Good,23.4,6.2,No,15,Reject
Grains,18.8,72,21,Average,83.5,5,No,5,Caution
Dairy,26.2,59,58,Average,59.2,4.6,No,21,Reject
Fruits,10.2,64,3,Good,82.2,6.8,Yes,3,Safe
Dairy,19.9,63,60,Average,87.4,6.1,Yes,11,Reject
Meat,4,93,44,Good,13.9,4.1,Yes,16,Caution
Dairy,34.4,68,38,Damaged,58.2,5.3,Yes,5,Reject
Grains,27.9,90,10,Average,8.6,3.7,No,16,Reject
Fruits,8,55,32,Damaged,66,3.4,Yes,2,Caution
Vegetables,33.5,57,6,Damaged,71.2,5.1,No,20,Reject
Fruits,31.9,58,59,Average,87.4,5.4,Yes,17,Reject
Vegetables,0.2,92,17,Good,61,5.2,Yes,12,Caution
Meat,0,58,22,Good,82.1,3.6,Yes,4,Safe
Vegetables,27.5,81,9,Good,16.1,6.1,Yes,22,Caution
Vegetables,4.1,78,57,Damaged,76.2,6.2,Yes,17,Caution
Meat,5.5,77,21,Good,33.3,3.6,Yes,8,Safe
Dairy,3,48,18,Average,9.6,5.5,Yes,11,Caution
Fruits,4.2,61,40,Average,27.8,4.1,Yes,20,Caution
Meat,1.6,88,20,Good,27.2,6.4,No,3,Caution
Meat,9.8,62,13,Good,79.4,6,No,4,Caution
Dairy,19.5,52,4,Good,17.4,3.9,Yes,4,Safe
Fruits,18.6,89,51,Good,25,6.2,No,19,Reject
Vegetables,17.2,43,17,Average,63.7,4.9,Yes,21,Reject
Grains,21.7,93,36,Good,51,4.6,No,11,Reject
Grains,2.4,50,29,Damaged,88,6.7,No,6,Caution
Grains,16.3,87,60,Good,37.5,3.8,No,5,Caution
Dairy,23.8,72,42,Damaged,49.1,4.8,No,24,Reject
Vegetables,14.4,72,55,Damaged,21,4.1,Yes,21,Reject
Grains,7.1,56,4,Good,82.7,7,No,4,Safe
Vegetables,4.4,66,42,Damaged,82.2,5.3,Yes,14,Caution
Grains,30,56,33,Good,77.2,6.6,No,23,Caution
Dairy,12.6,69,30,Good,17.3,5.8,Yes,1,Caution
Meat,11.9,92,34,Good,78.4,6.6,Yes,13,Caution
Meat,2.5,88,9,Good,43,4.1,Yes,19,Caution
Grains,5.4,91,15,Good,26.1,5.6,No,17,Caution
Dairy,11.2,48,44,Good,69.6,7.1,No,20,Reject
Fruits,18.8,72,52,Good,16.3,6.9,Yes,3,Caution
Vegetables,9,72,46,Good,89.9,3.8,Yes,18,Caution
Grains,2.6,53,26,Good,9.3,6.4,No,3,Safe
Dairy,27.4,84,51,Good,86.1,7.1,Yes,17,Caution
Meat,18.8,62,47,Damaged,68.1,4.4,Yes,4,Reject
Fruits,3,90,5,Damaged,26.2,3.6,No,3,Caution
Grains,18.8,40,11,Average,89.6,4.2,No,12,Caution
Meat,8.8,94,51,Good,16,6.9,No,12,Reject
Grains,20.3,70,10,Good,15.8,6.5,No,8,Caution
Vegetables,1.4,54,35,Good,36.6,4.6,No,23,Caution
Grains,28.1,43,60,Good,44.8,3.5,No,14,Caution
Fruits,32,60,14,Average,77.4,3.3,Yes,23,Caution
Meat,13.3,47,46,Average,64.1,7.2,Yes,21,Caution
Dairy,14.2,44,8,Damaged,13.1,5.6,Yes,11,Caution
Meat,33.7,49,17,Average,53.8,4.5,No,22,Reject
Fruits,27.8,63,54,Good,41.4,5.8,Yes,21,Caution
Fruits,16.5,78,43,Good,70.5,5.6,No,24,Reject
Fruits,6.3,90,16,Average,76.6,6.9,Yes,11,Caution
Dairy,20.8,52,31,Good,79.9,5.3,Yes,1,Caution
Fruits,15.9,95,46,Good,42,3.4,Yes,3,Caution
Vegetables,23.8,46,15,Average,78.7,5.7,Yes,12,Caution
Dairy,6.2,61,17,Good,15.1,3.2,No,18,Caution
Fruits,32,43,54,Good,23.7,4.5,Yes,21,Caution
Dairy,20.1,89,47,Good,43.8,3.3,Yes,2,Caution
Fruits,34.8,62,17,Good,82.5,6.2,Yes,22,Caution
Vegetables,20.9,82,44,Good,35.3,6.2,No,11,Reject
Vegetables,14.8,60,18,Average,51.3,7,Yes,23,Caution
Grains,18.4,44,6,Average,72.7,4.1,No,11,Caution
Meat,22.7,75,40,Good,56.5,6.9,No,24,Reject
Vegetables,0.5,71,31,Damaged,81.8,3.4,Yes,21,Caution
Grains,7.6,90,6,Average,57.6,3.5,No,9,Safe
Grains,26.5,56,38,Damaged,36.6,5.3,No,4,Reject
Meat,7.7,81,39,Average,76.6,4.2,No,7,Caution
Dairy,22.4,80,51,Good,10.4,6.8,Yes,21,Caution
Vegetables,17.3,48,29,Average,20.8,4.6,Yes,8,Caution
Grains,29,52,47,Good,46,5.8,No,8,Caution
Grains,1.7,67,26,Average,17.8,4.4,No,7,Caution
Grains,15.7,53,55,Average,76.5,3.8,No,24,Reject
Meat,14.1,51,53,Average,12.5,4.7,Yes,2,Caution
Dairy,26,79,50,Good,10.9,5.8,Yes,5,Caution
Fruits,28.7,48,34,Good,45.1,4.2,Yes,14,Caution
Grains,17.2,52,48,Good,9.1,6.1,No,17,Caution
Vegetables,24.9,64,40,Good,41.3,5.3,Yes,16,Caution
Meat,1.3,94,20,Good,29,4.2,No,14,Reject
Dairy,5.6,86,7,Average,28.9,5.3,Yes,5,Safe
Dairy,20.2,77,25,Good,10.4,6.1,No,12,Reject
Grains,10.7,47,28,Good,89.4,6.9,No,3,Caution
Grains,26.3,74,44,Good,64.6,3.5,No,6,Caution
Grains,15.9,72,19,Average,83.6,4.5,No,20,Reject
Fruits,9,46,9,Good,29.8,5.8,Yes,16,Caution
Vegetables,18.5,94,53,Average,67.2,5.7,Yes,9,Reject
Meat,28.1,71,45,Good,68.5,7,No,14,Reject
Dairy,22.9,68,13,Good,34.3,5.7,Yes,21,Caution
Dairy,0.2,52,3,Damaged,76.7,4.4,No,6,Caution
Grains,13.7,70,6,Good,52.9,3.9,No,15,Safe
Fruits,21.2,92,32,Good,80.2,3.8,Yes,1,Caution
Vegetables,12.7,69,52,Average,43.3,6.9,No,23,Reject
Vegetables,29.5,57,25,Good,41.7,5.5,Yes,10,Caution
Grains,2.8,75,31,Good,38.7,6.3,No,4,Safe
Vegetables,33.5,50,29,Average,58.6,5.3,Yes,4,Caution
Meat,19.1,94,2,Damaged,35.6,6.6,No,23,Reject
Grains,5.8,79,56,Average,14,6.9,No,22,Caution
Vegetables,1.7,92,2,Good,46,6.7,No,16,Caution
Grains,1.6,89,58,Damaged,58.3,3.6,No,16,Reject
Grains,4,93,23,Average,27.2,4.7,No,7,Caution
Fruits,23.9,79,46,Damaged,72.5,4.9,No,8,Reject
Fruits,25.1,49,21,Average,87.2,4.1,No,21,Reject
Vegetables,25.9,52,59,Good,64.8,5,Yes,22,Caution
Dairy,14.3,58,5,Good,17.4,3.4,Yes,1,Safe
Grains,8.5,43,21,Average,57.9,4.5,No,20,Caution
Meat,27.2,70,41,Good,34.9,6.1,Yes,4,Caution
Vegetables,6,44,42,Good,19.7,3.3,Yes,10,Safe
Fruits,24.5,54,56,Damaged,60.6,4.9,No,11,Reject
Meat,17.9,44,51,Good,81.6,5.6,No,1,Reject
Grains,8.2,95,38,Damaged,54.3,6.3,No,6,Reject
Dairy,14.9,60,12,Damaged,11,5.1,No,24,Reject
Fruits,3.4,62,14,Damaged,22,5.8,No,13,Reject
Dairy,0.1,86,60,Good,51.4,6.1,No,7,Caution
Vegetables,25.9,49,28,Good,86,3.6,No,19,Reject
Dairy,6.7,59,20,Good,41.5,6.5,No,6,Caution
Dairy,13.2,95,47,Good,48.4,6.5,Yes,20,Caution
Dairy,26.4,83,10,Good,79.8,3.5,Yes,12,Caution
Fruits,12.8,54,60,Good,53.9,6.6,Yes,13,Caution
Dairy,20.6,94,28,Good,27.3,4.4,No,6,Reject
Dairy,29.5,45,53,Good,20.6,4.8,Yes,14,Caution
Fruits,34.9,58,33,Good,13.8,7.1,No,4,Reject
Grains,14.5,84,19,Average,79.9,7.1,No,5,Caution
Grains,29.8,49,32,Good,14.5,6.5,No,13,Caution
Meat,31.3,69,10,Good,75.7,4.1,No,4,Caution
Fruits,29.2,75,21,Good,83.2,4.6,Yes,11,Caution
Meat,24,46,15,Good,51.1,4.9,Yes,11,Caution
Vegetables,33.7,49,23,Average,63.7,3.8,Yes,12,Reject
Grains,13.6,72,33,Average,75.4,4.9,No,13,Caution
Dairy,0.1,71,59,Good,88.4,6.4,Yes,24,Caution
Fruits,25.9,88,40,Damaged,41.6,6.5,No,3,Reject
Grains,17.4,80,35,Good,54.2,3.9,No,6,Caution
Meat,3.6,92,1,Good,40.3,3.7,Yes,3,Safe
Dairy,27,88,22,Good,81.2,6.7,Yes,12,Reject
Dairy,27.5,79,21,Damaged,61.7,4.1,Yes,22,Reject
Grains,29.6,90,20,Average,57.5,4.2,No,6,Reject
Dairy,26.6,52,10,Damaged,70.3,4.7,Yes,3,Caution
Fruits,10,67,34,Good,32,6.6,No,11,Reject
Meat,12.5,71,4,Damaged,12.4,3.3,No,24,Reject
Dairy,21.8,43,20,Good,43.7,5.7,Yes,13,Caution
Dairy,22.3,48,54,Damaged,58.5,5.9,Yes,1,Reject
Fruits,32.4,75,12,Good,33.8,5.6,No,12,Reject
Fruits,28.6,93,8,Average,73.2,3.7,Yes,11,Reject
Fruits,7.5,71,7,Good,89.5,5.1,No,21,Caution
Dairy,12.8,65,37,Average,24.9,4.3,No,5,Reject
Vegetables,15.1,46,56,Average,66,6.1,Yes,23,Reject
Fruits,15.8,52,2,Average,51.3,7.2,Yes,3,Caution
Vegetables,14.6,76,21,Good,75.5,3.9,No,15,Reject
Dairy,22.5,95,30,Good,43.5,6.6,Yes,21,Reject
Meat,10.8,43,48,Damaged,74.3,3.7,Yes,8,Caution
Grains,11.8,88,60,Average,59.7,4.8,No,1,Caution
Fruits,4.8,55,54,Average,51.4,6.7,Yes,4,Caution
Dairy,32,49,35,Good,14.7,6,Yes,14,Caution
Grains,19.1,89,52,Good,81.3,5.9,No,15,Reject
Vegetables,26.7,52,13,Average,48.3,4.1,Yes,8,Caution
Meat,17.2,53,33,Good,65.3,5.1,Yes,5,Caution
Grains,29.7,87,34,Damaged,47.5,6.6,No,11,Reject
Dairy,13.4,55,29,Good,55.4,6.5,Yes,4,Caution
Fruits,11.5,78,25,Good,28.1,5.5,No,19,Reject
Fruits,27.9,59,6,Good,40.9,6.5,Yes,16,Caution
Dairy,24.5,66,58,Average,71,5.6,No,22,Reject
Fruits,27.2,60,46,Good,66.1,5.7,Yes,20,Caution
Fruits,31.1,87,9,Average,36.7,6,No,9,Reject
Vegetables,2.8,55,34,Damaged,65.1,5.5,Yes,19,Caution
Dairy,32.4,49,46,Good,31.1,5.3,No,21,Reject
Meat,19.5,43,23,Good,34.5,4.9,No,13,Reject
Dairy,28.3,54,39,Average,40.7,7.1,No,23,Reject
Meat,5.5,69,34,Average,9.9,3.7,Yes,11,Caution
Dairy,6.8,72,3,Good,80.1,4.3,No,24,Caution
Meat,34.9,68,36,Damaged,45.7,5.8,Yes,14,Reject
Dairy,21.8,48,20,Good,9.9,5,Yes,13,Caution
Fruits,7.1,54,44,Good,59.1,5.2,Yes,5,Safe
Grains,31.7,56,1,Good,35.3,4.3,No,22,Caution
Grains,12.9,46,4,Average,38.5,4.8,No,9,Safe
Grains,6,48,12,Good,68.1,3.7,No,16,Safe
Dairy,18.3,66,10,Good,44.3,6.9,Yes,6,Caution
Fruits,8.3,87,60,Damaged,66.2,4.8,Yes,13,Reject
Dairy,33.4,75,31,Good,69.8,6.1,No,13,Reject
Fruits,30.1,83,7,Good,27.9,5.9,No,5,Caution
Dairy,25,81,38,Good,69.9,4.7,Yes,11,Caution
Vegetables,34,74,41,Damaged,65.4,4.3,No,20,Reject
Dairy,24.5,44,17,Good,73.3,4.9,Yes,12,Caution
Vegetables,16.7,47,11,Average,16.2,3.7,Yes,17,Caution
Dairy,20.3,73,24,Good,35.3,3.3,Yes,17,Caution
Dairy,14.2,55,14,Good,45.5,7,Yes,22,Caution
Vegetables,12.6,71,24,Good,29.4,6.5,Yes,13,Caution
Grains,22,43,23,Good,61,5.3,No,19,Caution
Meat,8.7,64,14,Good,39.9,6,No,23,Caution
Fruits,33.9,65,58,Good,46,6,Yes,9,Caution
Fruits,31.9,47,40,Damaged,88.2,6.5,No,2,Reject
Grains,9.4,82,42,Average,45.9,7.1,No,24,Caution
Fruits,23.2,65,10,Average,59.9,6.8,No,7,Reject
Vegetables,27.6,56,57,Good,34.6,4,No,14,Reject
Vegetables,0.9,54,13,Damaged,12.8,5.6,Yes,24,Caution
Vegetables,11.3,54,10,Good,89.2,7.1,Yes,7,Safe
Vegetables,11.9,93,18,Good,15.5,6.6,Yes,8,Caution
Grains,11.9,81,53,Good,61.3,5.9,No,5,Caution
Fruits,13.7,90,2,Average,12.1,4.5,Yes,5,Caution
Fruits,23.5,74,36,Good,55.3,3.3,No,19,Reject
Vegetables,24.3,90,7,Good,31,5.3,Yes,22,Caution
Vegetables,29.1,48,12,Average,12.7,4.9,No,1,Reject
Vegetables,14.9,88,54,Good,58,6.5,Yes,8,Caution
Fruits,1.4,81,2,Good,35.5,6.5,Yes,20,Safe
Fruits,15.4,68,4,Good,37.7,5.7,No,22,Caution
Meat,19.6,67,58,Good,33.4,6.9,Yes,4,Caution
Meat,34.9,87,29,Average,12.5,6.3,Yes,3,Reject
Meat,29.7,73,46,Good,18.6,5,Yes,6,Caution
Meat,8.3,85,19,Damaged,59.2,6.6,Yes,18,Reject
Dairy,19.6,45,20,Good,11.1,6.4,Yes,10,Caution
Grains,31.5,50,7,Average,27.6,4.1,No,5,Caution
Dairy,31.5,93,57,Average,57.3,4,Yes,2,Reject
Vegetables,7.7,57,29,Damaged,63.9,5.1,No,19,Reject
Fruits,28.2,62,17,Average,21.6,5.7,Yes,16,Reject
Dairy,18,88,59,Good,37.7,6,Yes,15,Reject
Vegetables,32,66,26,Good,58.4,4.3,Yes,10,Caution
Meat,5.5,76,38,Good,55.9,3.2,Yes,7,Safe
Fruits,32.5,46,12,Damaged,30.8,6.1,Yes,8,Caution
Fruits,2.5,45,10,Average,40.3,5,Yes,15,Caution
Grains,16.4,71,41,Damaged,75.1,3.2,No,3,Reject
Dairy,27.2,64,15,Good,81.4,3.3,Yes,19,Caution
Fruits,0.2,53,36,Good,55.7,5.7,Yes,22,Caution
Fruits,24.2,54,45,Damaged,84.9,5.6,Yes,1,Reject
Dairy,6.1,55,29,Good,61.4,6.2,No,14,Caution
Meat,7.4,90,27,Average,59,4.2,No,23,Reject
Grains,34.6,49,38,Average,37.3,3.3,No,9,Caution
Meat,2.7,87,6,Good,76.5,6.6,No,4,Caution
Vegetables,2.8,62,6,Average,9.8,3.8,No,9,Caution
Vegetables,31.6,89,12,Average,55.8,7.1,No,6,Reject
Fruits,25,73,20,Average,11,6.7,Yes,4,Caution
Dairy,9.8,60,7,Damaged,64.2,4.4,Yes,7,Caution
Vegetables,30.9,42,22,Average,10.1,6.9,No,1,Reject
Vegetables,8.7,63,27,Average,10.4,5.8,Yes,3,Caution
Grains,20.8,74,15,Good,64.2,3.3,No,14,Caution
Dairy,27.2,86,16,Good,45.5,6.7,Yes,6,Caution
Vegetables,24.3,52,19,Good,80.6,4.2,No,1,Reject
Fruits,3.5,92,2,Good,62.7,3.9,Yes,21,Safe
Grains,11.3,73,25,Good,80.9,5.1,No,11,Caution
Grains,29.2,86,16,Average,62.5,6.5,No,14,Reject
Meat,3.5,85,43,Average,11.8,5.6,Yes,10,Caution
Dairy,27.7,83,16,Average,82,4.3,Yes,21,Reject
Dairy,29.6,60,16,Good,45.1,5.1,Yes,16,Caution
Fruits,16.9,92,20,Good,30.4,7,No,2,Reject
Grains,26.4,75,58,Good,9.6,4.8,No,7,Caution
Meat,9.7,82,10,Good,14.7,6,No,5,Caution
Grains,5.4,54,28,Good,39.5,3.3,No,24,Caution
Fruits,23.9,62,24,Good,32.3,6.9,Yes,15,Caution
Fruits,6.4,41,22,Average,35.2,3.8,Yes,4,Caution
Fruits,4.9,92,14,Good,86.2,3.6,Yes,22,Caution
Fruits,33,92,50,Good,84,6,Yes,4,Caution
Dairy,31.4,78,5,Good,52.9,5.9,Yes,1,Safe
Grains,11.8,40,5,Good,35.9,5.5,No,18,Safe
Dairy,22.3,92,34,Good,64.4,3.5,Yes,10,Caution
Vegetables,19.4,58,4,Good,21.1,6.8,No,7,Caution
Vegetables,24.9,68,5,Good,73,4.5,Yes,18,Caution
Meat,20,75,10,Good,46.6,5.9,Yes,11,Caution
Grains,2.5,64,10,Good,66.3,6.3,No,21,Safe
Vegetables,19.4,44,49,Good,9.6,3.8,No,21,Reject
Grains,25.3,73,34,Good,81.8,6.5,No,16,Caution
Dairy,24.7,64,7,Good,11.3,7.1,Yes,16,Caution
Meat,3.3,49,6,Good,46,3.4,No,12,Caution
Fruits,15.5,58,18,Average,10.1,7,No,10,Reject
Grains,8,67,29,Good,67.5,5.6,No,6,Safe
Meat,9.2,66,23,Good,65.4,6,Yes,2,Caution
Vegetables,3.3,80,59,Good,65,5.1,No,16,Caution
Meat,23,78,44,Average,25.3,6.3,Yes,24,Reject
Grains,16.6,95,6,Damaged,80.1,5.1,No,8,Caution
Grains,31.9,43,58,Damaged,42.6,4,No,16,Reject
Fruits,27.9,91,41,Average,75.9,6,No,16,Reject
Meat,11.4,55,49,Good,48.8,6.1,No,24,Reject
Vegetables,14.9,53,10,Good,64.8,4.1,Yes,17,Caution
Grains,33.8,85,47,Average,46.9,5.3,No,22,Reject
Grains,21.2,69,13,Average,85.5,7.1,No,24,Caution
Fruits,22.8,91,22,Good,73.8,3.7,No,21,Reject
Dairy,21.1,69,58,Damaged,49.3,7.1,No,21,Reject
Dairy,12.8,47,21,Good,78.8,5.3,Yes,13,Caution
Meat,13.6,82,60,Damaged,41.6,5.8,Yes,4,Caution
Dairy,9.2,56,4,Good,41.6,4.2,No,18,Caution
Grains,29.6,70,13,Good,59.2,3.4,No,16,Caution
Fruits,2,62,59,Average,78.4,6.7,Yes,13,Caution
Grains,0.5,75,52,Good,82.9,5.8,No,8,Safe
Fruits,26.9,94,60,Average,21.1,7,No,21,Reject
Vegetables,18.1,84,48,Good,33.3,3.6,Yes,7,Caution
Grains,17.7,44,15,Good,27.6,6.9,No,17,Caution
Fruits,5.5,75,37,Good,78,6.6,Yes,17,Caution
Fruits,2.4,62,22,Damaged,15.9,4.9,Yes,7,Caution
Dairy,32.9,90,24,Average,16.8,3.8,Yes,13,Reject
Fruits,11.9,72,12,Good,76,6.5,Yes,19,Caution
Fruits,11,74,36,Good,20.4,3.8,Yes,10,Caution
Grains,24.2,70,59,Good,59.1,4.3,No,15,Caution
Vegetables,13.5,56,59,Damaged,89.7,5.5,No,7,Reject
Fruits,0.3,44,22,Good,76.6,5.8,Yes,3,Safe
Meat,14.3,70,41,Good,52.5,4,Yes,16,Caution
Fruits,24.6,77,9,Good,36.5,6.8,No,14,Reject
Grains,10.6,66,8,Good,77.8,7.2,No,14,Caution
Grains,1.4,88,26,Damaged,30.4,3.5,No,7,Caution
Dairy,8.5,94,31,Good,38.7,6.5,Yes,24,Caution
Dairy,14.5,61,5,Good,25.3,5.1,No,1,Caution
Grains,31.2,54,16,Damaged,20.5,3.9,No,2,Reject
Grains,25.7,54,3,Average,37.5,4.5,No,17,Caution
Grains,4,58,15,Good,87.1,6.8,No,13,Safe
Fruits,15.4,45,31,Good,14,3.8,Yes,4,Caution
Grains,32.9,71,44,Good,85.8,5.4,No,12,Caution
Fruits,25.4,44,9,Damaged,43.5,4.1,No,8,Reject
Grains,3.9,81,19,Good,70.2,4.4,No,10,Safe
Grains,3.4,84,23,Good,64.4,5.2,No,8,Safe
Grains,24,62,15,Good,36.6,4.7,No,16,Caution
Meat,21.1,75,4,Good,9.2,3.4,Yes,8,Safe
Vegetables,13.5,48,17,Damaged,22.7,4.5,No,12,Reject
Meat,20.8,43,42,Damaged,30,3.2,Yes,9,Reject
Fruits,34.8,58,39,Good,19.2,6.8,Yes,14,Caution
Meat,12.9,44,9,Good,65.3,4.5,Yes,19,Caution
Meat,19,59,9,Average,24.5,6.1,Yes,20,Caution
Meat,17.3,56,14,Good,48.3,3.4,No,5,Caution
Vegetables,13.6,40,25,Damaged,42.1,5.5,Yes,5,Caution
Meat,3.4,76,15,Good,56.9,3.6,No,5,Caution
Dairy,9.4,52,18,Average,32.5,4.8,No,18,Reject
Meat,9.7,60,28,Average,16.7,4.8,Yes,16,Caution
Dairy,33.1,59,1,Average,65.9,4.1,No,18,Reject
Vegetables,12.2,45,49,Damaged,12.3,4.1,Yes,13,Reject
Fruits,0.4,49,55,Good,13.9,4.7,No,2,Caution
Vegetables,29.1,52,44,Damaged,9.5,3.7,Yes,8,Reject
Vegetables,10.3,64,17,Average,21.7,3.3,Yes,13,Caution
Grains,2.9,51,6,Good,87.2,6.8,No,23,Safe
Meat,31.3,42,25,Good,66,6.3,No,7,Reject
Fruits,12.7,95,22,Good,89.6,5,Yes,12,Caution
Dairy,5,72,46,Good,81.9,6.6,Yes,11,Caution
Meat,23.5,56,56,Good,20.9,4.2,Yes,3,Caution
Vegetables,27.1,80,50,Average,42.1,4.3,No,13,Reject
Vegetables,23.5,58,42,Damaged,60.9,6.1,Yes,24,Reject
Meat,8.4,72,22,Damaged,20.9,4.2,Yes,12,Reject
Dairy,29.6,77,16,Good,17.2,3.4,No,7,Reject
Grains,24.8,75,25,Good,41,5.8,No,10,Caution
Grains,17.9,54,43,Average,45,4.8,No,19,Reject
Dairy,12.6,90,16,Good,87.8,6.8,Yes,18,Caution
Vegetables,16.8,55,17,Good,44.4,5.5,Yes,14,Caution
Dairy,2.9,43,8,Damaged,12.3,7,Yes,12,Caution
Fruits,2.6,57,1,Good,30.8,7,Yes,8,Safe
Vegetables,34.7,47,20,Good,18.4,4.3,Yes,1,Caution
Vegetables,18,56,45,Good,59,3.5,No,14,Reject
Dairy,13.2,64,18,Good,61,6.1,Yes,21,Caution
Fruits,27.9,72,17,Good,22.4,6.1,Yes,1,Caution
Dairy,15.9,57,52,Good,59.7,5.9,Yes,9,Caution
Vegetables,21.5,76,56,Average,51,3.4,No,14,Reject
Fruits,29.6,48,6,Good,65.8,3.7,Yes,13,Caution
Fruits,17.4,43,60,Good,48.6,6.7,Yes,15,Caution
Dairy,27.9,62,3,Good,53.4,6.8,Yes,21,Caution
Vegetables,6.7,74,52,Damaged,61,5.4,Yes,18,Caution
Meat,1.8,76,44,Damaged,52.6,4.2,Yes,24,Caution
Meat,6.6,80,53,Damaged,65.6,6,No,10,Reject
Meat,9.6,82,37,Good,66.9,5.8,No,7,Caution
Dairy,30.4,71,34,Good,70.4,4.7,Yes,6,Caution
Dairy,5.9,55,28,Good,84.9,7.1,Yes,10,Safe
Grains,4.6,47,52,Average,32.5,4.4,No,6,Caution
Dairy,23.1,70,2,Average,72,5.5,No,16,Reject
Vegetables,24.3,61,33,Good,70,6.9,No,7,Reject
Fruits,5.5,69,35,Average,32.5,4.2,Yes,2,Caution
Grains,2.5,63,12,Damaged,16.2,5.6,No,6,Caution
Meat,18.3,83,15,Good,87.5,5.7,Yes,2,Caution
Fruits,32.5,91,35,Average,19.8,4.7,Yes,2,Reject
Fruits,14.9,73,37,Damaged,44.3,6.5,Yes,3,Caution
Meat,14.8,42,36,Good,12.3,4.6,Yes,16,Caution
Dairy,33.6,51,52,Good,11,6.2,Yes,4,Caution
Grains,22.3,69,19,Good,43.4,4.1,No,3,Caution
Fruits,16.6,95,25,Good,16.3,5.3,Yes,2,Caution
Dairy,16.5,61,32,Good,58.9,4.8,Yes,15,Caution
Vegetables,32.3,88,53,Damaged,34.8,4.4,No,4,Reject
Fruits,27.4,51,48,Good,77.8,3.6,Yes,10,Caution
Fruits,25.2,54,6,Good,72.7,3.4,Yes,3,Safe
Meat,4.6,69,41,Good,34.6,3.9,Yes,17,Caution
Vegetables,28.9,59,6,Damaged,86.4,4.4,Yes,15,Caution
Fruits,10.9,89,2,Good,62.3,4.7,Yes,4,Safe
Meat,4.9,75,37,Good,26.7,3.5,Yes,9,Safe
Grains,0.6,62,40,Good,57.9,3.4,No,13,Caution
Dairy,0.2,50,22,Damaged,21.9,3.5,Yes,8,Caution
Vegetables,23.5,62,34,Good,41.2,3.9,No,1,Reject
Meat,0,45,34,Average,18.7,3.7,No,15,Reject
Vegetables,11.9,82,54,Damaged,48.6,5.2,No,1,Reject
Meat,31,47,23,Good,25,6.7,No,15,Reject
Vegetables,0.8,95,34,Good,38,4.8,Yes,4,Caution
Dairy,18.4,56,11,Good,34.3,5.4,Yes,8,Caution
Grains,3.2,86,14,Good,17.4,3.4,No,13,Caution
Dairy,31.6,48,6,Damaged,69.6,4.3,Yes,12,Caution
Meat,28.6,69,36,Good,31.8,7,No,15,Reject
Grains,13.3,67,44,Good,87.8,5.8,No,11,Caution
Vegetables,7.8,40,3,Good,27.8,6.1,Yes,10,Safe
Grains,20.2,80,57,Good,59.2,5.1,No,15,Caution
Dairy,11.8,55,9,Good,50.5,5.2,No,16,Caution
Fruits,6.8,51,49,Average,13.5,4.7,Yes,7,Caution
Dairy,6.7,86,58,Good,24.3,5.7,No,5,Caution
Grains,19.9,93,42,Good,55.1,3.6,No,1,Caution
Vegetables,23.5,64,6,Average,62.5,5.4,Yes,17,Caution
Vegetables,33.2,40,56,Average,66.7,4.6,No,9,Reject
Fruits,5.8,77,23,Damaged,63,4.8,Yes,24,Caution
Dairy,17,52,60,Average,58.4,3.9,Yes,18,Reject
Fruits,25.7,75,53,Good,75.1,4.7,Yes,3,Caution
Dairy,3,52,44,Damaged,72.1,6.5,No,4,Reject
Fruits,3.2,94,59,Good,9.3,6,Yes,17,Caution
Grains,18.3,95,37,Good,24.9,4.2,No,21,Reject
Vegetables,1.3,67,30,Good,82.5,6.9,Yes,2,Safe
Vegetables,6.6,82,4,Good,87.6,4.8,Yes,1,Safe
Grains,17.2,77,13,Damaged,79.8,7.1,No,22,Reject
Grains,33.1,83,14,Good,25.1,6.4,No,24,Caution
Vegetables,0.2,84,7,Good,30.7,4,Yes,10,Safe
Grains,22.7,84,6,Average,69,6,No,8,Caution
Fruits,21.8,45,8,Damaged,78.3,5,Yes,19,Reject
Fruits,25.6,70,45,Good,28.5,4.9,Yes,23,Caution
Meat,28.8,76,32,Good,32.1,7,Yes,15,Caution
Vegetables,11.8,66,20,Damaged,19.3,3.7,Yes,8,Caution
Grains,21.5,64,25,Good,74.3,4.7,No,18,Caution
Grains,2.9,69,24,Good,15.4,5.9,No,20,Caution
Meat,18.5,48,53,Average,36.7,5,No,3,Reject
Grains,12.3,70,20,Good,21.8,3.3,No,6,Caution
Grains,1.1,51,52,Good,68.9,4.6,No,18,Caution
Dairy,13.2,56,25,Good,20.5,3.9,Yes,12,Caution
Vegetables,27.8,94,58,Good,85.2,7.2,Yes,12,Reject
Meat,9,44,16,Average,63.1,5.8,No,5,Reject
Vegetables,13.6,55,20,Good,13.2,6.2,Yes,10,Caution
Meat,8.3,91,34,Good,29.9,6.1,Yes,17,Caution
Vegetables,7.1,44,40,Damaged,82.1,4.7,Yes,19,Caution
Dairy,13.4,57,39,Good,87.6,5.6,No,22,Reject
Dairy,11.4,55,47,Good,13,4.7,No,23,Reject
Dairy,21.4,81,6,Good,58,4.9,Yes,3,Safe
Dairy,17.6,69,31,Damaged,28.8,4.3,Yes,21,Reject
Vegetables,18.8,66,20,Good,13.1,5.6,Yes,15,Caution
Meat,3.7,57,24,Good,84.1,5.9,Yes,17,Caution
Vegetables,15.4,43,20,Good,57.6,6.6,No,19,Reject
Dairy,27.6,44,59,Good,20,3.4,Yes,18,Caution
Meat,2.7,80,18,Average,84.5,4.1,No,7,Caution
Dairy,29.8,55,2,Good,25.3,6,Yes,22,Caution
Meat,12.2,65,30,Good,48.3,4.9,Yes,16,Caution
Fruits,24.1,50,48,Good,28.4,4,No,5,Reject
Grains,33,58,24,Good,86.3,5.9,No,6,Caution
Fruits,7.3,93,29,Average,24.1,4,Yes,18,Caution
Grains,24,46,22,Good,47.5,6.3,No,20,Caution
Grains,4.1,87,13,Average,52.5,6,No,2,Caution
Meat,8.4,53,6,Good,78.3,6.1,No,20,Caution
Fruits,29.7,77,14,Good,13,3.2,Yes,7,Caution
Meat,18.4,75,11,Good,78.9,4.5,Yes,24,Caution
Fruits,15.3,52,13,Damaged,42.2,5.9,Yes,20,Reject
Vegetables,4.1,58,10,Good,74.7,6.2,Yes,11,Safe
Fruits,15.2,64,19,Good,25.3,5.5,Yes,22,Caution
Grains,2.6,92,27,Good,76.5,4.1,No,24,Caution
Fruits,33.9,72,57,Good,37,3.3,Yes,22,Caution
Fruits,23.8,67,7,Damaged,68.9,4.7,No,2,Reject
Meat,32.7,51,41,Average,44.1,3.4,Yes,4,Caution
Fruits,23.6,65,23,Average,60.9,5.2,Yes,12,Reject
Dairy,34.3,62,18,Damaged,60.5,3.6,Yes,22,Reject
Fruits,21.5,87,52,Good,38.9,4.1,No,3,Reject
Dairy,20.1,42,16,Average,68.2,6.7,Yes,8,Caution
Dairy,16.5,78,6,Average,44.3,5.1,No,7,Caution
Vegetables,26.8,61,49,Good,85.4,3.6,No,19,Reject
Meat,4,44,52,Good,23.7,3.3,Yes,2,Safe
Fruits,5.3,76,4,Good,26.3,3.4,Yes,22,Safe
Grains,0.5,79,16,Good,33.3,5.5,No,9,Safe
Grains,9.4,67,11,Damaged,54.4,4.1,No,1,Caution
Vegetables,28.8,51,50,Good,57.6,5.9,Yes,2,Caution
Grains,32.8,86,40,Good,27.6,4.1,No,18,Reject
Fruits,3.4,68,32,Good,17.2,5.6,No,1,Caution
Fruits,13.6,66,40,Good,35.2,3.4,Yes,16,Caution
Dairy,19.4,78,8,Good,79.5,4.4,Yes,10,Caution
Vegetables,1.5,92,51,Average,82.3,5.2,Yes,2,Caution
Vegetables,27.1,41,19,Good,76.2,4.2,No,2,Reject
Dairy,28.8,61,10,Good,23.6,6.3,Yes,4,Caution
Vegetables,0.7,62,39,Good,59.3,4.6,Yes,16,Caution
Fruits,28.9,67,10,Damaged,89.9,5.3,Yes,13,Reject
Grains,29.6,60,28,Good,35.5,6.9,No,8,Caution
Dairy,24.6,83,55,Average,46.9,4.7,No,8,Reject
Fruits,0.5,64,27,Average,49.8,5.8,Yes,16,Caution
Grains,12.9,53,42,Good,46.4,5.6,No,13,Caution
Fruits,21,82,6,Damaged,89,5.5,Yes,5,Caution
Fruits,10.2,91,19,Good,33.8,4.6,Yes,24,Caution
Fruits,24.5,74,47,Damaged,31.1,6.4,Yes,10,Reject
Dairy,1.7,92,47,Good,86.5,5.7,No,18,Reject
Meat,6.7,92,37,Good,15.3,7.2,Yes,8,Caution
Meat,24.7,55,43,Good,79.2,3.7,Yes,7,Caution
Fruits,0.4,72,57,Average,80.6,4.8,No,4,Caution
Vegetables,6.3,72,17,Good,15.5,5.6,No,5,Caution
Vegetables,31.2,73,43,Damaged,58.5,3.7,Yes,4,Reject
Vegetables,31.3,86,57,Average,79.2,4.8,No,11,Reject
Meat,3.6,49,48,Good,38.5,6.8,No,18,Caution
Vegetables,29.8,58,45,Damaged,88.3,5.1,Yes,10,Reject
Dairy,10.7,49,3,Damaged,9.1,3.6,Yes,21,Caution
Dairy,18.3,64,37,Damaged,37.6,5.3,No,12,Reject
Dairy,4.5,77,53,Average,73.7,6.8,Yes,23,Caution
Fruits,9.1,51,60,Good,88.1,6.4,Yes,3,Caution
Grains,9.1,84,6,Good,75.3,5.1,No,24,Safe
Meat,3.4,47,38,Damaged,89.9,7.1,No,11,Reject
Grains,11.2,40,58,Damaged,69.1,5.3,No,4,Caution
Grains,6.3,91,29,Good,72.5,6.8,No,9,Caution
Meat,14.3,58,12,Good,57.3,3.8,Yes,7,Safe
Grains,4,54,11,Good,71.1,6.5,No,7,Safe
Dairy,33.9,62,13,Good,63.2,4.7,Yes,4,Caution
Vegetables,3.1,67,7,Good,40.2,6.7,Yes,12,Safe
Vegetables,8.2,65,15,Average,49.8,5.2,No,3,Caution
Meat,20.2,94,31,Damaged,63.2,6.2,No,6,Reject
Fruits,3.2,56,45,Good,22.8,7,No,8,Caution
Grains,1.2,93,13,Average,50.3,4.4,No,4,Caution
Fruits,20.5,49,19,Average,36.8,6.1,Yes,8,Caution
Vegetables,16.9,82,56,Damaged,22.2,5.9,Yes,9,Reject
Fruits,26.3,75,55,Good,77.6,3.2,Yes,8,Caution
Vegetables,13.4,95,12,Good,20.2,5.3,Yes,23,Caution
Fruits,22,70,36,Good,33.4,5.7,Yes,15,Caution
Dairy,19.9,60,2,Average,50.6,3.9,Yes,6,Caution
Meat,32.8,66,53,Average,12.8,3.4,Yes,8,Caution
Grains,8.4,76,32,Average,65.9,6.7,No,19,Caution
Meat,12.5,80,29,Good,83.2,6,No,14,Reject
Grains,15.4,49,13,Good,55.7,5.8,No,20,Caution
Fruits,6.4,86,8,Damaged,37.9,3.2,Yes,10,Caution
Meat,22.7,68,25,Average,45.9,6.7,No,15,Reject
Dairy,27.3,52,39,Good,42.3,3.8,Yes,14,Caution
Fruits,7.5,42,60,Good,52.5,5.8,No,1,Caution
Fruits,24.8,90,13,Good,34.6,5.7,Yes,22,Caution
Meat,25.8,58,56,Average,18.4,5.4,No,20,Reject
Meat,20,68,41,Good,26,7,Yes,11,Caution
Fruits,19.2,90,1,Good,66.5,4.8,Yes,19,Caution
Grains,10.9,95,36,Damaged,84.3,3.4,No,2,Reject
Grains,27.1,45,1,Average,85.2,4.8,No,21,Caution
Grains,9.1,59,26,Good,83.4,4.3,No,11,Caution
Meat,13.3,70,39,Average,84.4,4.8,Yes,2,Caution
Grains,5.5,63,3,Average,79.6,6.9,No,16,Safe
Grains,19.7,86,31,Damaged,63.1,7.1,No,14,Reject
Vegetables,30.5,89,25,Good,74.6,4.1,Yes,16,Reject
Grains,28.4,44,22,Damaged,56.4,4,No,16,Reject
Dairy,9.7,78,12,Good,10.2,6.6,Yes,4,Safe
Vegetables,12.7,61,2,Good,23.5,6,Yes,3,Safe
Vegetables,32.7,40,56,Good,81.9,4.9,Yes,16,Caution
Vegetables,29.4,63,14,Good,55.1,5,No,19,Reject
Grains,30.5,81,25,Good,23.4,6.4,No,1,Caution
Vegetables,3.7,54,27,Good,75.1,6.1,Yes,16,Caution
Vegetables,12.3,62,50,Average,77.6,4.3,Yes,18,Caution
Grains,22.1,55,43,Average,35.3,6.8,No,17,Reject
Meat,3.4,62,40,Good,42.6,5,Yes,15,Caution
Vegetables,5.2,50,1,Good,82.1,3.4,Yes,6,Safe
Dairy,3.6,44,20,Average,45.8,5.1,Yes,18,Caution
Grains,25.6,42,42,Damaged,88.7,6.9,No,21,Reject
Fruits,7.5,68,46,Average,87.7,5.6,No,8,Caution
Meat,9.1,60,9,Average,67.7,4.8,Yes,6,Caution
Meat,25.2,81,7,Average,40.4,4.8,Yes,18,Caution
Grains,10.6,80,2,Good,61.5,6.4,No,5,Safe
Fruits,12.9,70,48,Good,85.6,4,Yes,2,Caution
Grains,31.4,59,15,Damaged,77.5,5.7,No,23,Reject
Fruits,30,43,21,Damaged,48.7,5.9,Yes,2,Reject
Dairy,21.9,58,35,Average,35.7,4.3,Yes,17,Reject
Fruits,15.8,82,32,Good,28.6,6,Yes,9,Caution
Meat,7.2,66,23,Good,11.7,4.6,Yes,19,Caution
Grains,21.8,89,18,Good,13.1,3.8,No,14,Reject
Meat,12.4,89,33,Good,35.8,6.7,Yes,10,Caution
Fruits,25.8,91,51,Good,37.7,5.6,No,20,Reject
Meat,12.5,68,56,Average,16.9,4.7,Yes,21,Caution
Dairy,21.6,68,33,Good,63.6,5,Yes,2,Caution
Dairy,19.9,78,22,Good,38.1,7,No,13,Reject
Vegetables,18.7,57,54,Good,9.6,6.3,Yes,2,Caution
Grains,6.4,50,8,Average,33.6,3.5,No,10,Safe
Fruits,30.2,63,26,Good,61.7,6.4,Yes,3,Caution
Vegetables,0.4,68,32,Good,64.1,6.6,No,14,Caution
Grains,23.3,69,29,Good,83,4.9,No,24,Caution
Dairy,26.8,76,55,Good,48.9,4.7,Yes,20,Caution
Meat,12.5,82,7,Average,45.5,4.5,Yes,14,Caution
Grains,28.2,45,53,Damaged,61.5,6.2,No,8,Reject
Dairy,22.3,48,47,Average,75.8,5.8,No,12,Reject
Dairy,32.5,81,35,Average,39,6.9,Yes,5,Caution
Dairy,7.9,58,15,Good,31.8,3.8,Yes,23,Safe
Meat,28.4,75,51,Average,65.3,7.1,Yes,14,Reject
Grains,32.8,74,8,Average,39.2,5.7,No,14,Caution
Vegetables,15.8,65,27,Average,46.8,4.6,Yes,7,Caution
Meat,2.1,57,52,Good,48.9,3.8,Yes,9,Safe
Vegetables,28.2,61,56,Good,12.6,3.7,Yes,15,Caution
Dairy,28.8,65,1,Good,70.7,3.3,Yes,20,Caution
Dairy,14.1,73,45,Average,87.1,6.4,Yes,22,Caution
Vegetables,1.7,87,2,Good,29.4,4.1,No,3,Caution
Vegetables,1.6,58,16,Good,88.4,4.3,Yes,20,Caution
Meat,29,76,54,Average,13.5,3.4,No,8,Reject
Vegetables,21.7,60,23,Damaged,45.4,5.8,Yes,3,Reject
Dairy,6.6,62,57,Good,49.3,4.4,Yes,20,Caution
Vegetables,26.1,64,51,Good,89.4,6.1,Yes,20,Caution
Fruits,4.8,79,13,Good,86.6,6.5,Yes,16,Safe
Grains,11.9,86,41,Good,11.2,6.3,No,24,Caution
Dairy,27.9,89,36,Good,79.7,6,Yes,7,Caution
Vegetables,12.4,92,33,Good,36.9,5.9,Yes,18,Caution
Grains,13.1,43,60,Damaged,83.3,4.6,No,3,Caution
Dairy,18.1,73,7,Good,89.9,6.3,No,9,Caution
Vegetables,26.9,92,28,Average,16,4,No,10,Reject
Vegetables,6.6,58,5,Good,72,3.7,Yes,6,Safe
Meat,0,68,16,Good,30.9,7.1,No,10,Caution
Dairy,22,62,15,Damaged,55.9,5.1,Yes,3,Caution
Meat,19.1,89,6,Good,11.2,6.8,Yes,24,Caution
Grains,18.6,44,2,Good,38.6,5.6,No,22,Caution
Meat,14.1,71,7,Average,87.5,4.9,Yes,14,Caution
Dairy,0.2,95,17,Good,23.9,4.4,Yes,14,Caution
Meat,2.2,72,16,Good,8.3,5.3,Yes,18,Caution
Grains,29,61,41,Good,71.9,6.3,No,3,Caution
Grains,9.1,70,50,Damaged,39.1,3.6,No,9,Caution
Grains,28.4,92,13,Good,40.5,6.7,No,17,Caution
Grains,18.3,46,29,Average,27.4,5.8,No,2,Caution
Fruits,6,81,51,Good,82.3,3.3,No,6,Caution
Meat,26.2,40,1,Good,83.5,6.2,Yes,23,Caution
Dairy,10.8,44,53,Average,54.4,5.1,No,1,Reject
Vegetables,16,76,47,Good,71.8,6.2,Yes,2,Caution
Dairy,23,48,12,Damaged,55.6,4.5,Yes,8,Caution
Meat,25.9,59,42,Average,78.1,4.4,Yes,4,Caution
Grains,5.6,79,60,Good,51.8,6.4,No,22,Caution
Vegetables,14.4,58,39,Damaged,16.7,5.2,Yes,6,Caution
Vegetables,31.7,78,54,Good,59.7,6.5,No,8,Reject
Grains,25.2,71,37,Good,77.1,5.2,No,17,Caution
Vegetables,12.9,72,19,Good,69.8,3.7,Yes,20,Caution
Fruits,25.6,70,12,Damaged,52.6,4.9,No,21,Reject
Dairy,14.1,90,24,Damaged,85.5,4.1,Yes,22,Reject
Fruits,6.6,62,1,Good,10.3,6.6,No,1,Safe
Dairy,21.6,87,1,Good,51.9,6.2,No,17,Reject
Meat,26.1,65,47,Damaged,67.5,5.7,Yes,15,Reject
Dairy,11.4,62,47,Good,66.6,6.5,Yes,22,Caution
Meat,28.3,76,56,Good,8.3,4.2,Yes,1,Caution
Grains,10.8,83,50,Average,54.7,4.7,No,13,Caution
Fruits,1.3,92,32,Good,29.6,5.9,Yes,19,Caution
Dairy,24.2,57,31,Good,79.9,4.7,No,22,Reject
Dairy,11.7,83,33,Average,56.1,6.4,No,1,Reject
Meat,9.1,77,58,Average,82.6,6.8,No,6,Reject
Dairy,19.7,77,48,Good,65.3,5.5,No,5,Reject
Dairy,17.4,43,18,Average,76.8,6.1,No,8,Reject
Fruits,7.1,91,36,Good,76.6,6.8,Yes,4,Caution
Vegetables,5.3,92,2,Good,89.6,6.4,No,14,Caution
Fruits,6.7,63,10,Damaged,56.2,6.9,No,4,Caution
Vegetables,11.3,84,35,Average,62.9,4.4,Yes,23,Caution
Meat,11.1,70,26,Good,14.8,6.8,Yes,20,Caution
Meat,13.8,87,30,Average,51.8,3.5,Yes,19,Reject
Vegetables,16.9,73,41,Damaged,85.2,5.3,Yes,5,Reject
Vegetables,33.4,50,55,Damaged,65.8,5.4,Yes,6,Reject
Meat,9.1,44,5,Good,69.2,4.5,No,4,Caution
Dairy,27.7,85,17,Good,66.4,4.5,Yes,12,Caution
Dairy,9,84,29,Average,80.6,3.9,No,20,Reject
Fruits,18.2,65,25,Good,64.5,5.4,No,7,Reject
Meat,25.3,52,6,Good,43,7.1,No,16,Caution
Meat,15.7,78,55,Damaged,13.6,5.7,Yes,10,Reject
Grains,1.4,78,44,Average,58.7,3.4,No,4,Caution
Meat,24.6,76,50,Good,88.4,6.2,No,20,Reject
Fruits,18.3,82,21,Average,34.7,4.6,No,5,Reject
Meat,33.6,69,23,Good,52.4,6.6,No,2,Reject
Vegetables,20.7,66,33,Good,61.3,6.5,Yes,20,Caution
Dairy,23,85,51,Good,69.1,3.4,Yes,9,Caution
Dairy,5.9,79,49,Damaged,73.2,3.8,No,24,Reject
Grains,8.6,84,3,Good,31.9,6.6,No,18,Safe
Grains,12.2,79,3,Average,71.7,4,No,12,Caution
Vegetables,3.9,66,3,Good,38.8,5.5,No,14,Caution
Meat,8.3,74,31,Good,42.7,4.9,Yes,8,Caution
Dairy,2.2,56,50,Good,58.9,5.5,Yes,14,Caution
Fruits,20.2,69,35,Good,89.6,3.5,Yes,6,Caution
Meat,32.1,69,1,Good,14.7,6.3,Yes,11,Caution
Grains,12.3,73,24,Good,22,6.7,No,17,Caution
Fruits,20.9,67,47,Good,14.8,6.8,Yes,3,Caution
Fruits,5.6,85,14,Damaged,58.9,5.3,Yes,4,Caution
Fruits,18.6,57,39,Damaged,46.4,3.5,No,10,Reject
Dairy,27.7,94,7,Damaged,66.6,6.3,Yes,6,Caution
Grains,21,63,15,Average,14.5,4.9,No,24,Caution
Meat,1.6,91,53,Good,30.6,6.9,Yes,4,Caution
Grains,32.7,51,2,Good,64,3.4,No,20,Caution
Meat,6.9,72,42,Damaged,34.2,5.8,No,15,Reject
Fruits,23.6,58,6,Damaged,19.4,4.8,Yes,14,Caution
Vegetables,8.3,45,50,Damaged,44.5,6.4,Yes,23,Reject
Vegetables,17.1,61,38,Good,64.2,3.2,No,3,Reject
Meat,17.6,77,52,Good,61.9,5.9,Yes,18,Caution
Vegetables,1,57,31,Good,26.5,4.4,No,6,Caution
Vegetables,31.1,81,35,Good,63.4,5.5,No,8,Reject
Meat,13.4,55,41,Good,62.5,6.3,Yes,1,Caution
Dairy,0.2,92,43,Good,73.3,5.2,Yes,6,Caution
Meat,3,43,48,Average,63.1,3.5,No,3,Caution
Fruits,14.6,59,25,Good,13.6,4.6,Yes,24,Caution
Meat,8.9,50,32,Damaged,87.3,5.1,Yes,1,Caution
Meat,1.5,53,2,Average,43.1,4.5,Yes,3,Safe
Vegetables,1.4,48,47,Good,55.7,6.6,Yes,21,Caution
Grains,20.3,74,36,Average,61,5.8,No,16,Reject
Fruits,23.1,45,17,Average,44,6.2,Yes,23,Reject
Grains,8,48,59,Good,12.9,5,No,6,Safe
Fruits,6.6,53,22,Average,63.3,3.8,Yes,16,Caution
Grains,27.1,87,25,Good,49.7,5.2,No,11,Reject
Fruits,26.5,94,7,Good,26.3,3.7,No,16,Reject
Meat,24.5,49,16,Good,88.1,7,Yes,17,Caution
Grains,6,89,13,Good,88.3,6.7,No,20,Caution
Meat,10.2,49,43,Good,43.9,3.3,Yes,3,Caution
Vegetables,26.3,93,46,Good,21.2,5.6,Yes,16,Reject
Fruits,6.8,47,17,Good,15.7,4.9,Yes,24,Caution
Meat,21.4,53,16,Good,13.5,5.9,Yes,12,Caution
Vegetables,20.2,82,27,Average,62.9,6.3,Yes,22,Reject
Dairy,4.7,71,31,Good,15.8,6.7,No,23,Caution
Fruits,28.8,40,19,Average,27.3,6.5,No,8,Reject
Dairy,23.7,94,48,Good,24.5,4.2,Yes,19,Reject
Dairy,1,69,3,Damaged,53,6.6,No,20,Caution
Fruits,13.2,68,12,Good,84.1,5.3,Yes,19,Caution
Grains,34.4,51,8,Good,78.2,3.8,No,23,Caution
Dairy,14.1,50,49,Damaged,23.1,3.6,Yes,9,Caution
Fruits,4.8,94,31,Good,65.6,5.7,Yes,7,Caution
Vegetables,6.6,67,11,Good,25.9,7.2,Yes,23,Safe
Vegetables,24.4,93,55,Average,8.7,4.2,Yes,20,Reject
Grains,30.3,79,15,Damaged,48.5,4.6,No,12,Reject
Vegetables,30.3,51,43,Average,32.5,4.1,Yes,3,Caution
Fruits,31.4,58,11,Damaged,13,3.9,Yes,15,Reject
Grains,24.2,89,41,Average,66.4,6.6,No,1,Reject
Meat,33.6,87,40,Good,31.5,5.7,Yes,6,Caution
Dairy,4.6,83,25,Good,42.8,6.8,Yes,23,Caution
Meat,24,48,40,Good,44.8,5.2,No,1,Reject
Meat,8.7,45,18,Good,9.8,6.3,Yes,17,Caution
Dairy,29.9,46,2,Good,33.4,4.7,No,7,Caution
Vegetables,34.5,61,40,Good,13.6,3.9,No,23,Reject
Grains,30.6,54,60,Average,69.1,5.9,No,13,Reject
Vegetables,3.7,43,31,Damaged,57.6,3.5,No,15,Reject
Meat,6.2,43,43,Average,63.4,4.1,No,22,Reject
Vegetables,10.9,40,17,Average,27.3,5.7,Yes,6,Caution
Meat,1.5,77,53,Good,41,5,Yes,10,Safe
Grains,10,59,39,Good,79.8,5,No,16,Caution
Meat,3.6,75,26,Good,74.8,3.4,Yes,19,Caution
Dairy,3.3,51,52,Good,76.4,6.2,Yes,7,Safe
Grains,9,79,1,Good,26.4,4.2,No,5,Safe
Fruits,24.4,60,56,Good,23.8,4.7,Yes,5,Caution
Vegetables,19.3,52,51,Average,78.7,3.7,Yes,14,Reject
Fruits,20.2,46,50,Good,56.2,4.9,Yes,19,Caution
Meat,12.5,83,10,Good,75.1,6,Yes,4,Safe
Meat,32.1,55,29,Good,34,4.1,No,13,Reject
Vegetables,8.6,46,12,Good,32.8,5.6,No,4,Caution
Vegetables,28,91,37,Average,28.1,6.5,Yes,21,Reject
Meat,8.9,41,46,Damaged,36.6,6.2,No,6,Reject
Meat,15,58,19,Good,33,4.1,No,14,Reject
Dairy,34.4,57,50,Average,32.5,4.1,No,4,Reject
Dairy,20.7,56,35,Good,76.9,3.3,Yes,4,Caution
Meat,13.6,82,40,Damaged,60,6,Yes,23,Reject
Grains,34.4,82,13,Good,89.5,3.6,No,18,Caution
Grains,32.4,67,33,Good,58.7,6.4,No,11,Caution
Dairy,25.9,81,17,Good,10.2,6.3,Yes,11,Caution
Vegetables,8.3,55,10,Damaged,72.9,3.6,Yes,17,Caution
Meat,32,61,1,Good,20.3,7,No,22,Caution
Meat,31,76,11,Average,8.8,6.9,No,20,Reject
Dairy,15.6,78,24,Good,33.3,6.7,Yes,15,Caution
Grains,34.2,90,22,Good,45,6.5,No,22,Reject
Meat,27.1,57,59,Average,60.6,3.2,Yes,7,Caution
Grains,28.6,55,59,Average,65.1,5,No,11,Reject
Fruits,12.1,40,24,Good,58.3,6.5,Yes,6,Caution
Grains,33.2,50,6,Good,35.7,5.6,No,11,Caution
Dairy,17.9,91,50,Good,41.9,4.1,Yes,10,Caution
Dairy,5.6,90,27,Good,65.5,3.7,Yes,16,Caution
Grains,4.7,57,31,Good,25.8,3.3,No,9,Safe
Grains,2.2,90,36,Good,79,5,No,3,Caution
Vegetables,0.7,59,20,Good,55.6,4.7,Yes,18,Caution
Meat,20.5,74,40,Average,14.7,7.2,Yes,1,Caution
Vegetables,17.8,95,25,Damaged,34.9,6.8,Yes,19,Reject
Grains,24.6,77,38,Damaged,64,6.1,No,24,Reject
Dairy,10.5,63,58,Good,78.1,5.6,Yes,15,Caution
Grains,3.2,93,12,Average,76.9,4.4,No,3,Caution
Dairy,2.8,73,28,Good,57.7,5.4,Yes,8,Safe
Fruits,26.1,86,54,Good,40.5,5.8,Yes,9,Caution
Grains,32.1,64,9,Good,58.3,6.7,No,12,Caution
Dairy,3.7,54,13,Good,80.7,4.8,Yes,5,Safe
Meat,27.1,68,27,Good,87,3.9,Yes,24,Caution
Grains,0.6,66,5,Damaged,25.7,5.4,No,19,Caution
Grains,34.1,70,18,Good,16.1,6,No,1,Caution
Vegetables,16.8,70,27,Damaged,22.8,3.8,Yes,18,Reject
Meat,31.3,62,22,Good,32.2,6.7,Yes,6,Caution
Vegetables,8.4,71,14,Good,84.4,6.2,Yes,13,Caution
Meat,15.2,72,20,Average,61.4,6.1,Yes,9,Caution
Dairy,20,69,27,Good,67.9,4.3,Yes,13,Caution
Vegetables,12.4,52,15,Good,16.9,4.3,Yes,8,Safe
Meat,9,79,46,Good,15.8,4.2,Yes,4,Caution
Fruits,26.3,42,26,Average,49.7,3.7,Yes,6,Caution
Dairy,28.8,77,6,Good,57.5,5.2,No,5,Caution
Dairy,2.7,62,55,Average,15.2,3.9,Yes,13,Caution
Grains,17,41,53,Average,56.7,3.8,No,22,Reject
Grains,18.6,75,5,Average,13.3,6.5,No,21,Caution
Dairy,31.6,64,5,Good,42.4,4.7,Yes,16,Caution
Meat,11.6,69,31,Good,85.6,6.5,No,14,Reject
Vegetables,14.9,59,8,Good,53.3,4.3,Yes,1,Safe
Fruits,5.3,41,36,Average,68.6,4.1,Yes,9,Caution
Meat,19.4,44,16,Damaged,45.2,5,Yes,4,Reject
Fruits,12.1,75,50,Good,60.5,3.4,Yes,9,Caution
Vegetables,21.5,71,9,Good,29.7,3.4,Yes,5,Caution
Fruits,30.7,67,16,Good,33.8,7.1,Yes,21,Caution
Fruits,10.4,68,23,Good,13.4,6.7,Yes,20,Caution
Grains,34.3,77,23,Average,47.8,5.7,No,12,Reject
Vegetables,16.5,55,53,Average,65.8,4.7,Yes,10,Caution
Dairy,2.8,91,12,Good,25.5,5.8,Yes,21,Caution
Vegetables,1.4,46,54,Good,10.6,3.3,No,8,Caution
Grains,27,60,1,Good,44.8,5.1,No,9,Safe
Dairy,29.2,79,1,Good,13.3,6.3,Yes,13,Caution
Meat,22.7,90,12,Good,86.3,3.6,Yes,22,Caution
Dairy,17.5,40,53,Good,27.7,7.2,Yes,6,Caution
Dairy,5.2,73,26,Good,81.3,6.3,No,5,Caution
Grains,27.8,43,37,Average,8.6,4.8,No,14,Reject
Dairy,24.7,70,10,Damaged,9.5,5.7,Yes,18,Reject
Grains,1.5,63,48,Good,49.2,6.4,No,1,Safe
Vegetables,8.4,72,16,Good,34.2,5.8,Yes,7,Caution
Vegetables,27,48,21,Good,18.3,6,No,21,Reject
Vegetables,32.4,87,51,Average,58.7,3.7,No,7,Reject
Meat,20.3,82,12,Good,27,3.8,No,15,Reject
Vegetables,5.5,59,37,Good,27.5,3.3,Yes,8,Safe
Vegetables,29.5,42,25,Good,45.3,5.2,No,19,Reject
Grains,24.1,94,9,Average,78.9,4.7,No,19,Reject
Meat,6.2,86,37,Good,21.1,6.6,No,2,Caution
Meat,27.4,70,2,Good,25.4,6.4,Yes,12,Caution
Dairy,19.2,89,55,Good,41.2,6,No,17,Reject
Vegetables,3.7,52,17,Good,53.8,4,No,22,Caution
Vegetables,8,64,16,Average,72.2,3.2,Yes,4,Caution
Dairy,14.9,50,45,Good,69.6,6.4,Yes,20,Caution
Fruits,24.6,47,23,Good,61.9,4.9,Yes,24,Caution
Dairy,21.4,53,60,Good,61.7,5.5,Yes,14,Caution
Grains,3.8,66,47,Good,67.5,5.2,No,12,Caution
Vegetables,20.8,51,20,Good,15.6,6.6,Yes,5,Caution
Grains,11.7,62,20,Good,89.2,4,No,12,Caution
Grains,24.4,91,54,Average,57.1,6.7,No,4,Reject
Vegetables,12.6,82,40,Good,50.5,3.7,Yes,18,Caution
Fruits,10.9,59,19,Good,82.5,7.1,Yes,12,Caution
Grains,29.5,48,43,Good,44.9,5.9,No,23,Caution
Grains,29.4,65,26,Average,29.4,5.6,No,16,Reject
Dairy,26.1,75,16,Average,82.5,3.5,Yes,23,Reject
Meat,26.6,45,19,Good,89.4,6.1,No,5,Reject
Vegetables,20.1,60,56,Average,63.4,4.9,No,22,Reject
Vegetables,33.4,49,18,Damaged,15.3,4.1,Yes,16,Reject
Grains,0.2,55,30,Average,67,6.2,No,15,Caution
Meat,9.2,70,43,Good,59.3,5.4,Yes,3,Caution
Meat,20.3,72,13,Good,81.7,3.5,No,15,Reject
Meat,8.1,81,58,Good,63.5,3.6,Yes,14,Caution
Grains,25.4,94,42,Average,64.7,4.6,No,5,Reject
Grains,7.7,77,51,Good,9.7,6.5,No,10,Safe
Fruits,21,85,22,Good,89.8,5.1,Yes,6,Caution
Dairy,17.7,61,36,Good,53.3,4.7,Yes,7,Caution
Meat,17.8,48,53,Damaged,12.6,7.2,No,18,Reject
Vegetables,26.4,88,52,Average,40.2,6.5,Yes,12,Reject
Fruits,20.1,69,23,Average,19.2,4.7,Yes,4,Caution
Dairy,22.8,53,19,Good,74.8,5.8,No,21,Reject
Dairy,12.2,42,31,Good,62.9,4,Yes,9,Caution
Grains,20.2,51,16,Good,56.6,4.5,No,16,Caution
Vegetables,22.8,53,37,Good,33.3,7,Yes,1,Caution
Grains,16.8,87,60,Good,88.4,5.7,No,23,Reject
Dairy,7.3,48,49,Average,58.1,5.7,Yes,21,Caution
Grains,10.5,73,47,Good,53.2,3.3,No,2,Caution
Fruits,11.2,52,16,Damaged,13.7,7.1,Yes,9,Caution
Grains,13.4,81,19,Good,76.2,4.3,No,1,Caution
Dairy,21.2,46,32,Average,21.8,6.9,Yes,14,Reject
Fruits,5.5,59,50,Average,38.6,5.2,Yes,24,Caution
Dairy,29.5,88,21,Good,48.8,5.2,No,24,Reject
Fruits,23.6,46,43,Damaged,58.2,5.6,Yes,20,Reject
Dairy,6.6,81,36,Good,55.9,6.4,No,2,Caution
Fruits,2.5,74,15,Good,22.1,6,No,13,Caution
Dairy,29.2,91,36,Good,60.4,4.9,Yes,7,Caution
Meat,1.3,45,19,Damaged,19.7,7,Yes,3,Caution
Vegetables,14.9,72,32,Good,62.3,3.5,Yes,22,Caution
Dairy,11.1,68,10,Good,48.6,4.2,Yes,2,Safe
Vegetables,28.7,85,34,Good,24.9,5.9,No,9,Reject
Grains,26.9,87,57,Good,50.8,6.5,No,6,Caution
Dairy,16.5,84,60,Damaged,72.6,4.5,Yes,14,Reject
Dairy,10.5,71,51,Good,15.4,4.1,No,6,Caution
Grains,21.8,81,26,Average,50.1,5.7,No,6,Caution
Meat,6.3,52,6,Damaged,34.3,4.4,No,4,Caution
Dairy,9.6,73,51,Good,45.8,4.7,Yes,17,Caution
Vegetables,13.8,74,15,Good,44.3,4.8,No,12,Caution
Dairy,30.2,50,22,Average,50.8,3.9,Yes,9,Caution
Vegetables,27.5,77,33,Good,41.1,6.4,Yes,2,Caution
Dairy,15.8,48,25,Good,54.9,5.4,No,5,Reject
Fruits,17.8,70,50,Average,31.8,7.2,Yes,8,Caution
Fruits,4.5,86,48,Damaged,78.5,4,Yes,6,Caution
Dairy,4.2,95,17,Average,84.6,6.2,No,15,Reject
Meat,0.8,63,22,Good,27.5,5.5,Yes,15,Caution
Vegetables,26.8,40,41,Average,51.9,5.6,Yes,24,Reject
Fruits,7.1,67,50,Average,9.3,3.8,Yes,11,Caution
Vegetables,14,74,37,Average,52.9,6.2,Yes,17,Caution
Meat,12.9,53,52,Average,38.6,6.7,No,8,Reject
Meat,32.6,76,14,Damaged,81.6,3.6,Yes,12,Reject
Dairy,2.3,80,56,Good,34.3,4.9,Yes,4,Safe
Meat,29.3,60,21,Damaged,63.9,3.4,No,14,Reject
Meat,4.8,67,57,Good,21.3,4.2,No,13,Caution
Dairy,15.6,69,2,Good,8.9,6.7,Yes,12,Caution
Meat,22.9,82,32,Good,50.3,4.1,Yes,14,Caution
Vegetables,20.9,83,27,Good,60.7,6.1,No,1,Reject
Dairy,0.8,93,17,Average,41,7.1,Yes,6,Caution
Meat,15.4,82,6,Good,82.3,4.8,Yes,12,Caution
Dairy,25,40,60,Good,52.3,4.6,Yes,4,Caution
Fruits,30.4,66,40,Good,75.4,4.8,Yes,19,Caution
Grains,21.8,78,58,Good,52.9,5.6,No,1,Caution
Grains,12.9,84,49,Average,40.2,4.6,No,15,Caution
Meat,10.9,79,44,Good,12.2,6.1,No,3,Caution
Meat,1.1,44,45,Good,81.5,6.8,Yes,23,Caution
Fruits,15.6,94,17,Damaged,35.3,5.6,Yes,1,Reject
Meat,15.4,90,54,Damaged,27.5,7.1,Yes,17,Reject
Fruits,6.4,55,39,Good,73.6,5.4,Yes,17,Caution
Vegetables,29.8,74,8,Good,25.7,3.5,Yes,5,Caution
Grains,15.7,53,6,Good,41,6.5,No,17,Caution
Fruits,16.6,55,2,Good,60.5,5.6,No,13,Caution
Vegetables,15.8,58,22,Good,35.7,4.8,No,2,Reject
Dairy,25.9,60,59,Good,66.6,3.4,No,3,Reject
Dairy,19.5,50,57,Damaged,9.2,4,Yes,24,Reject
Dairy,29.4,71,39,Good,17.8,3.3,No,24,Reject
Meat,4.5,95,24,Damaged,15.2,3.7,Yes,2,Caution
Dairy,15.3,93,18,Average,69.9,4,No,3,Reject
Grains,28.1,60,44,Damaged,15.7,4.7,No,4,Reject
Dairy,12.3,84,27,Average,21.7,7.1,Yes,8,Caution
Grains,23.1,89,49,Good,30.6,3.7,No,8,Caution
Vegetables,2.4,86,60,Good,67.9,5.4,Yes,4,Caution
Vegetables,26.4,57,55,Damaged,62.5,6.3,Yes,12,Reject
Vegetables,34.7,56,9,Good,67.1,3.4,Yes,12,Caution
Grains,16.9,85,18,Average,27.2,4.9,No,9,Caution
Grains,6.4,73,5,Good,73.5,4.2,No,22,Safe
Dairy,30.2,58,16,Damaged,66.9,4.2,No,20,Reject
Grains,16.1,54,5,Good,31.1,4.8,No,6,Safe
Meat,33.3,62,18,Average,14,5.7,No,12,Reject
Meat,21,42,51,Good,36.4,5.5,Yes,11,Caution
Fruits,16.4,77,32,Average,71.1,5.3,Yes,5,Caution
Meat,22.1,64,3,Average,45.5,4.3,Yes,16,Caution
Dairy,11.8,92,16,Average,60.6,3.3,Yes,2,Caution
Meat,24.3,87,43,Damaged,87.6,6.1,No,6,Reject
Fruits,31.5,80,58,Average,78.3,5.7,Yes,5,Caution
Meat,26.6,68,16,Average,34.3,4.7,Yes,8,Caution
Meat,32.6,76,35,Good,9,6.4,Yes,7,Caution
Dairy,14.5,50,9,Damaged,67.1,5.7,No,7,Reject
Fruits,32,90,44,Good,79.7,3.8,No,12,Reject
Dairy,2.4,48,12,Good,53.9,3.9,Yes,8,Safe
Vegetables,10.3,77,59,Average,9.9,6.4,Yes,1,Caution
Fruits,2.8,78,50,Good,84.2,5.7,Yes,12,Caution
Dairy,31.7,69,27,Average,85,5.6,Yes,22,Reject
Meat,0,90,31,Good,13.2,6.3,Yes,12,Caution
Grains,4.7,58,38,Good,66.2,3.6,No,21,Caution
Meat,14.6,77,60,Good,9.3,6.6,Yes,20,Caution
Vegetables,7,40,13,Good,37.8,3.7,Yes,16,Safe
Vegetables,15,42,31,Damaged,51.5,4.5,Yes,24,Reject
Grains,26.7,64,24,Good,28.5,5.6,No,23,Caution
Meat,18.4,44,33,Good,18.3,5.3,Yes,8,Caution
Vegetables,11.7,69,42,Good,53.8,3.6,Yes,19,Caution
Vegetables,28.5,92,55,Average,27.2,4.1,Yes,6,Reject
Grains,27.7,75,39,Good,80.2,4.9,No,9,Caution
Fruits,32.1,76,40,Damaged,88.8,6.2,No,9,Reject
Vegetables,26.5,95,23,Average,41.8,3.5,No,9,Reject
Meat,16,79,16,Good,87.7,5.7,Yes,5,Caution
Dairy,25.5,41,60,Average,46.8,7,No,21,Reject
Fruits,31.5,92,18,Good,76.5,5.4,No,13,Reject
Grains,14.8,92,50,Damaged,17.6,6.8,No,18,Reject
Vegetables,17.6,83,40,Good,30.4,5.2,Yes,11,Caution
Fruits,16.2,67,40,Good,26,5,Yes,19,Caution
Vegetables,28.8,80,60,Average,65.4,3.7,Yes,10,Caution
Meat,22.1,55,27,Average,63.1,4.1,Yes,16,Reject
Vegetables,6,79,8,Good,59.8,6.5,Yes,4,Safe
Grains,13.2,74,16,Damaged,19.4,4.9,No,15,Reject
Grains,22.6,48,18,Good,32.4,5.8,No,19,Caution
Dairy,13.3,81,3,Good,55.9,3.7,Yes,18,Safe
Vegetables,0.4,93,49,Average,53.9,6.3,Yes,15,Caution
Vegetables,34.5,61,45,Good,44.5,3.8,Yes,1,Caution
Grains,24.3,51,37,Average,70.4,3.8,No,20,Reject
Meat,19.7,51,38,Damaged,37.8,6,No,21,Reject
Grains,34.9,57,47,Good,27.9,3.4,No,10,Caution
Meat,33,43,18,Average,26.5,5.2,No,4,Reject
Grains,27,94,37,Damaged,69.4,7,No,15,Reject
Vegetables,26.8,80,42,Good,45.7,6.3,Yes,19,Caution
Dairy,16,72,16,Damaged,80.5,4.4,Yes,19,Reject
Fruits,28.7,50,43,Good,12,6,Yes,15,Caution
Meat,9.8,82,22,Good,25.7,4.6,No,4,Caution
Dairy,16.5,57,55,Average,9.1,4.5,No,6,Reject
Vegetables,9,91,6,Good,86.4,6.6,Yes,18,Caution
Vegetables,7.4,77,41,Damaged,80.2,3.2,Yes,9,Caution
Fruits,4.1,70,48,Average,22.9,4.7,Yes,9,Caution
Vegetables,17.7,48,10,Good,74.3,3.7,No,8,Caution
Fruits,16.6,77,48,Good,29.7,6.3,Yes,2,Caution
Fruits,11.8,95,45,Good,88.1,4.1,Yes,23,Caution
Dairy,1,75,58,Good,69.4,5.7,Yes,10,Safe
Dairy,24,94,38,Good,16.6,3.4,Yes,11,Reject
Vegetables,15.8,72,49,Average,29.6,5.2,No,2,Reject
Vegetables,0.6,85,7,Good,85.7,7.1,No,18,Caution
Meat,13.5,65,44,Good,82.7,3.4,Yes,16,Caution
Fruits,9.8,48,29,Good,64.3,4.9,Yes,21,Caution
Grains,25.2,89,15,Good,17.5,5.3,No,8,Caution
Dairy,3.4,58,46,Damaged,59.9,5.9,Yes,12,Caution
Grains,2.3,79,37,Damaged,59.8,6.9,No,20,Caution
Vegetables,17.5,40,8,Good,85.6,3.9,Yes,22,Caution
Grains,19,68,32,Average,74.6,6.3,No,2,Caution
Vegetables,9.2,59,5,Average,18.8,4.3,No,12,Caution
Meat,10.5,89,59,Damaged,9.4,6.4,No,6,Reject
Fruits,13.1,50,54,Good,62.1,5.2,Yes,9,Caution
Dairy,23.2,46,24,Good,45.4,5.9,Yes,2,Caution
Grains,12.3,49,45,Average,78.5,3.7,No,20,Caution
Fruits,16.2,53,26,Good,86.8,6.1,Yes,19,Caution
Vegetables,16.1,75,59,Good,88.6,3.9,Yes,7,Caution
Fruits,9.9,63,21,Good,22.2,4.6,No,17,Reject
Meat,7.3,85,5,Good,43.1,5,Yes,22,Safe
Vegetables,30.5,40,32,Good,51.1,6.4,No,22,Reject
Vegetables,0.4,74,19,Good,18,4.4,Yes,22,Caution
Dairy,10.6,44,13,Good,78.6,3.9,Yes,12,Caution
Fruits,9.4,63,35,Good,21.4,6.4,No,16,Reject
Vegetables,10,69,17,Good,86.7,7.2,No,13,Reject
Fruits,16.1,56,36,Good,44.7,3.9,Yes,16,Caution
Fruits,24.2,66,41,Average,34.3,4.2,No,15,Reject
Vegetables,5,92,8,Average,81,3.8,No,12,Reject
Meat,20.7,49,19,Good,75.9,6.5,Yes,12,Caution
Fruits,21.3,79,52,Average,21.4,6.8,No,18,Reject
Meat,8.3,60,16,Average,57.3,6.6,Yes,5,Caution
Grains,8.8,55,43,Good,59.7,4.3,No,4,Caution
Dairy,2.7,76,10,Good,24.9,4.7,No,2,Caution
Fruits,8.8,82,38,Good,39.2,3.7,Yes,16,Caution
Dairy,28.1,40,17,Average,37.4,6.8,Yes,14,Reject
Grains,30,60,45,Good,62.4,4.9,No,11,Caution
Vegetables,0.4,90,49,Good,55.7,5.2,No,11,Reject
Fruits,15.9,63,39,Average,27.2,6.1,No,16,Reject
Meat,10.8,43,21,Good,67.5,5.6,No,17,Reject
Grains,25.5,71,45,Good,63.2,7.2,No,5,Caution
Dairy,11.2,92,20,Good,82.4,3.5,Yes,13,Caution
Grains,9.8,72,13,Good,21.1,6.6,No,23,Caution
Meat,31.8,79,35,Good,45.2,5.9,Yes,1,Caution
Grains,18.3,86,7,Damaged,87.9,7,No,1,Caution
Dairy,16.7,78,22,Good,33.1,4.7,Yes,21,Caution
Meat,31,59,46,Good,27.6,6.7,Yes,3,Caution
Dairy,13.6,78,42,Average,73.7,4.6,Yes,4,Caution
Dairy,35,43,32,Good,42.3,3.7,Yes,14,Caution
Fruits,22.8,93,37,Good,66.9,7.1,Yes,22,Reject
Vegetables,5.4,69,17,Good,40.6,4.3,No,6,Caution
Grains,5.4,72,15,Good,20.8,4.2,No,24,Safe
Fruits,15.2,78,40,Good,31,5.6,Yes,8,Caution
Fruits,29.3,67,25,Good,39.1,4.7,Yes,13,Caution
Fruits,22.2,70,32,Good,65.7,3.5,No,3,Reject
Fruits,32.5,78,48,Damaged,45.3,6.3,Yes,10,Reject
Dairy,23.4,93,43,Damaged,77.4,4.3,No,24,Reject
Meat,19.8,46,3,Good,47.5,3.8,Yes,13,Caution
Dairy,33.1,74,58,Damaged,15.4,7.1,Yes,6,Reject
Meat,2.5,94,37,Good,33.3,5.4,Yes,9,Caution
Meat,33.6,49,8,Average,75.3,5.8,No,2,Reject
Fruits,33.1,43,48,Good,67.3,6.1,Yes,18,Caution
Grains,13.3,61,16,Good,60.6,4.3,No,23,Caution
Vegetables,28.3,84,20,Damaged,40.4,6.5,Yes,13,Reject
Meat,17.7,77,60,Good,22,3.8,No,21,Reject
Fruits,7.3,72,40,Good,29.8,4.9,Yes,3,Safe
Meat,30.9,80,41,Average,18.9,3.9,Yes,5,Caution
Dairy,5.5,76,58,Good,27.8,5.3,Yes,15,Caution
Dairy,20.4,73,26,Average,19.4,5.3,Yes,2,Caution
Fruits,1.5,79,28,Damaged,85.1,4.8,Yes,7,Caution
Meat,24.2,42,59,Good,20.8,4.5,No,5,Reject
Dairy,24.8,42,52,Good,59.6,6,No,20,Reject
Meat,21.3,40,50,Good,55.4,6.7,No,22,Reject
Fruits,5.4,55,9,Average,24.7,6.1,Yes,22,Caution
Vegetables,10,53,33,Damaged,40.7,6.2,No,19,Reject
Grains,21.1,51,8,Good,34.9,5.1,No,20,Caution
Fruits,14.6,74,2,Good,82.6,5.5,Yes,13,Safe
Grains,20.3,41,52,Good,52.1,6.6,No,19,Caution
Dairy,1.3,47,25,Good,11.2,3.6,Yes,6,Safe
Fruits,13,95,4,Good,69.4,5.9,Yes,23,Caution
Dairy,34.8,85,49,Good,37.7,7.1,Yes,6,Caution
Grains,26.8,58,17,Average,63.2,4.2,No,9,Caution
Fruits,18,69,2,Damaged,70.3,4.6,Yes,6,Caution
Vegetables,34.8,78,29,Good,26.8,4.4,Yes,8,Caution
Fruits,15.7,82,27,Good,59.8,3.9,Yes,21,Caution
Dairy,28.9,86,50,Average,34.8,6,No,13,Reject
Grains,14,74,49,Damaged,64.8,5.9,No,23,Reject
Fruits,2.5,55,8,Average,85.6,4.9,Yes,9,Safe
Dairy,34.3,41,21,Good,19.6,5.5,Yes,5,Caution
Fruits,21.9,89,31,Good,14.9,3.3,No,14,Reject
Dairy,15.9,90,56,Average,22.2,3.4,Yes,6,Reject
Meat,0.2,73,35,Good,12.7,6.5,Yes,1,Safe
Dairy,5.9,92,7,Good,47.4,3.6,Yes,1,Safe
Fruits,14.5,87,27,Damaged,70.2,6,Yes,22,Reject
Dairy,12.3,63,31,Good,11.1,5.6,Yes,22,Caution
Grains,30.1,45,54,Damaged,10.4,5.8,No,12,Reject
Dairy,14.9,87,27,Average,79.7,4,No,6,Reject
Fruits,26.7,86,60,Damaged,48.7,3.3,No,19,Reject
Meat,14.2,56,53,Good,30.9,4.2,No,19,Reject
Grains,16.7,47,7,Good,34.6,7.2,No,24,Caution
Vegetables,8.6,79,21,Average,19.6,7,Yes,8,Caution
Vegetables,33.3,87,42,Good,32.8,7,Yes,4,Caution
Fruits,34.7,56,32,Average,49,5.6,Yes,8,Caution
Grains,6.9,91,4,Good,84.2,6,No,15,Safe
Meat,23.4,87,9,Average,49.8,3.6,Yes,17,Reject
Vegetables,5.7,67,31,Good,45.1,5.6,Yes,12,Caution
Vegetables,9.7,69,22,Good,75.6,6.4,No,6,Caution
Fruits,21.4,56,15,Damaged,75.4,3.6,Yes,14,Reject
Grains,18.3,70,7,Good,67.1,4.6,No,2,Safe
Meat,29.1,76,45,Good,86.6,6,Yes,9,Caution
Grains,9.5,88,27,Good,42.8,5.1,No,8,Caution
Meat,3.5,48,40,Good,79,5.9,Yes,24,Caution
Meat,3.5,93,42,Good,44.2,6.8,Yes,20,Caution
Dairy,35,51,31,Good,12.9,6.5,No,4,Reject
Meat,2.9,56,23,Average,65.4,5.8,Yes,17,Caution
Vegetables,13.8,72,43,Average,82.9,3.8,Yes,4,Caution
Vegetables,16,56,29,Damaged,46,6,Yes,23,Reject
Dairy,29.8,57,21,Good,40.5,6.9,Yes,13,Caution
Fruits,22.6,48,32,Average,61.8,3.4,Yes,1,Caution
Vegetables,32.6,76,1,Average,71.1,5.6,Yes,22,Caution
Vegetables,34.8,75,31,Good,27.8,3.4,No,8,Reject
Meat,18.9,44,10,Good,85.8,4.4,Yes,9,Caution
Dairy,20.6,68,7,Good,44.6,4.9,Yes,10,Safe
Meat,2.5,57,27,Good,30.9,5.5,Yes,15,Caution
Grains,13.6,72,37,Good,10.1,3.5,No,21,Caution
Fruits,29.4,83,7,Average,83.7,5.4,Yes,5,Caution
Meat,23.1,73,56,Good,71.8,3.9,Yes,21,Caution
Fruits,26.1,91,30,Average,10.9,6.6,Yes,4,Reject
Dairy,2.6,76,26,Good,85.1,4.6,Yes,22,Caution
Vegetables,7.7,76,55,Good,20.9,7.1,No,13,Caution
Grains,29.9,81,7,Average,20.3,5.2,No,5,Caution
Vegetables,10.5,47,48,Average,45.9,6.6,No,23,Reject
Meat,31,75,35,Good,18.5,6.9,Yes,18,Caution
Vegetables,8.7,47,53,Average,86.2,4.3,Yes,18,Caution
Dairy,33.1,74,4,Good,33.3,6,Yes,8,Safe
Fruits,15.1,60,35,Good,84.8,5.4,Yes,2,Caution
Dairy,6.4,81,4,Good,71.2,6.7,Yes,14,Safe
Meat,25.3,94,49,Good,53.2,4.7,Yes,6,Caution
Grains,19.5,80,41,Good,28.8,6.7,No,1,Caution
Meat,7,91,32,Good,19.9,6.6,Yes,9,Caution
Vegetables,16,95,39,Good,27.1,5.4,No,3,Reject
Fruits,1.4,90,48,Good,89,6,Yes,24,Caution
Fruits,14.1,89,55,Average,25,7.2,Yes,3,Caution
Vegetables,5.1,94,31,Damaged,53.4,3.7,Yes,8,Caution
Vegetables,11,87,29,Good,50.7,6.4,Yes,7,Caution
Fruits,4.4,49,51,Damaged,80.2,3.8,Yes,18,Caution
Grains,30.4,85,4,Good,70.5,4.9,No,7,Safe
Fruits,16.6,40,24,Good,87.4,3.8,Yes,5,Caution
Dairy,33.3,94,14,Good,75.4,3.9,No,5,Reject
Dairy,4.5,55,35,Good,61.8,5.4,Yes,20,Caution
Fruits,4,94,26,Good,63,7,Yes,24,Caution
Meat,29.4,50,34,Good,20.8,5,Yes,3,Caution
Dairy,22.5,62,8,Good,19.9,3.7,Yes,8,Caution
Dairy,2.5,68,28,Good,13.6,6.8,Yes,7,Safe
Vegetables,15.4,43,40,Good,73.6,5.3,Yes,9,Caution
Fruits,8,52,4,Average,62,5.9,Yes,17,Safe
Vegetables,10.7,78,48,Good,89.8,4.5,Yes,21,Caution
Meat,17.3,72,55,Good,65.3,3.4,Yes,17,Caution
Dairy,30.3,73,15,Good,52.7,6.9,Yes,17,Caution
Fruits,21.3,73,15,Good,13.3,3.5,No,17,Reject
Grains,24.4,82,18,Good,48.1,4.3,No,2,Caution
Dairy,25.4,76,47,Damaged,47.2,4.8,Yes,5,Reject
Meat,11.1,63,28,Average,78.4,6.1,Yes,22,Caution
Meat,3.7,79,46,Damaged,79,6.6,Yes,1,Caution
Fruits,24.8,88,48,Good,13.1,3.7,No,1,Reject
Fruits,34.5,63,40,Average,71.8,6.1,No,6,Reject
Fruits,9.2,50,11,Damaged,45.7,5.9,Yes,21,Caution
Grains,29,84,8,Good,65.1,5.9,No,18,Caution
Vegetables,17.1,92,27,Good,60.6,5.7,No,22,Reject
Fruits,5.2,78,18,Good,58.4,5.9,Yes,5,Safe
Grains,10.1,85,20,Good,66.7,3.8,No,20,Caution
Fruits,27.1,94,12,Good,82,3.4,No,17,Reject
Fruits,27.7,46,27,Good,20.2,6,Yes,17,Caution
Vegetables,5.4,68,9,Good,67.5,5.7,Yes,24,Safe
Vegetables,20.8,68,33,Average,26.1,6.8,Yes,13,Reject
Vegetables,18,76,42,Good,61.1,5.7,Yes,16,Caution
Grains,12.9,85,39,Good,56.2,5,No,9,Caution
Dairy,0.8,44,35,Good,36.4,5.5,Yes,24,Caution
Dairy,5.6,41,47,Good,27,4.4,Yes,21,Caution
Dairy,9.6,50,8,Good,86.3,3.9,Yes,10,Safe
Grains,24.3,58,18,Good,34.6,3.5,No,19,Caution
Dairy,4.7,85,29,Good,59.4,7,No,11,Caution
Fruits,25.8,59,3,Average,66.8,6.5,No,24,Reject
Grains,6.4,86,4,Good,39,5.1,No,17,Safe
Vegetables,6.8,66,24,Damaged,75.6,3.5,Yes,10,Caution
Fruits,22.3,86,30,Damaged,71.6,5.6,Yes,22,Reject
Fruits,2.9,46,7,Average,42.4,6.9,Yes,16,Safe
Meat,16.9,43,26,Average,41.3,5.2,Yes,11,Reject
Fruits,19.2,93,58,Average,18.8,4.5,Yes,23,Reject
Meat,26.5,75,49,Average,62.8,5.6,Yes,16,Reject
Vegetables,23.9,93,14,Average,50.1,6,Yes,17,Reject
Vegetables,11.6,67,38,Average,61.1,7.1,Yes,11,Caution
Grains,29.9,88,2,Good,65.1,6,No,19,Caution
Grains,29.1,81,53,Good,37.8,4.8,No,7,Caution
Grains,23.5,63,60,Good,80.1,4.4,No,23,Caution
Vegetables,4.4,58,55,Damaged,55.3,4.8,No,19,Reject
Meat,9.8,78,57,Average,84.2,6.1,Yes,3,Caution
Dairy,24.6,51,43,Damaged,32.2,7.1,Yes,18,Reject
Grains,20,80,60,Good,84.6,6.7,No,13,Caution
Fruits,32.7,41,57,Good,26.7,5.6,Yes,7,Caution
Dairy,12.9,58,33,Good,24.5,6.3,Yes,6,Caution
Meat,10.4,66,9,Good,17.8,5.8,No,1,Caution
Meat,9.9,79,20,Damaged,68.4,7,Yes,18,Reject
Dairy,21.7,45,48,Good,50.1,4.2,No,9,Reject
Vegetables,27.1,68,38,Average,74,3.5,Yes,15,Reject
Fruits,32.5,95,11,Good,58.7,5.8,No,8,Reject
Meat,21.2,59,12,Good,81.7,6.2,No,22,Reject
Fruits,6.5,44,6,Good,28.9,6.4,Yes,15,Safe
Dairy,18.6,84,15,Good,26.5,3.7,Yes,3,Caution
Fruits,21.1,74,1,Good,40.8,6.6,Yes,8,Safe
Grains,4.6,86,27,Damaged,76.1,4.4,No,6,Caution
Meat,21.9,95,57,Good,15.7,4.7,Yes,21,Reject
Vegetables,0.5,56,4,Damaged,75.9,6.2,Yes,6,Safe
Fruits,22.3,88,23,Good,86.8,5.6,Yes,19,Reject
Meat,24.2,73,45,Good,22,4.9,No,8,Reject
Vegetables,21,61,50,Good,31.8,4.7,Yes,15,Caution
Vegetables,25.7,69,14,Average,53,5.1,No,13,Reject
Dairy,13.3,41,43,Good,9.2,3.9,Yes,7,Caution
Dairy,2.5,78,23,Good,57.1,7.2,Yes,14,Caution
Grains,25.3,42,60,Good,22.6,3.3,No,3,Caution
Dairy,29.8,90,22,Good,79.5,5.5,Yes,17,Reject
Fruits,22,52,7,Good,63.4,5,Yes,13,Caution
Fruits,29.1,84,38,Good,65,7.1,Yes,14,Caution
Dairy,27.5,69,15,Good,43.1,5,Yes,21,Caution
Vegetables,5,55,23,Good,53.2,7.2,Yes,9,Safe
Vegetables,4.7,62,51,Good,21.1,4.9,Yes,18,Caution
Meat,32.2,63,30,Good,28.5,6.7,Yes,23,Caution
Meat,15.7,62,51,Good,19.2,4.2,Yes,1,Caution
Dairy,20.1,58,19,Good,21.8,6.3,No,7,Reject
Dairy,31.7,89,7,Average,39.1,6.1,Yes,16,Caution
Dairy,13.6,77,58,Damaged,51.4,5.4,No,6,Reject
Meat,16.5,50,11,Damaged,79.9,5.6,Yes,19,Reject
Fruits,13.1,82,42,Good,18.4,3.8,No,22,Reject
Dairy,30.6,58,18,Damaged,36.3,4.4,Yes,23,Reject
Dairy,27.1,54,32,Damaged,24.6,7.1,No,12,Reject
Dairy,1.4,60,59,Good,54.9,6.2,Yes,17,Caution
Meat,21.2,48,45,Average,52.2,7.1,No,18,Reject
Vegetables,25.3,40,55,Average,10.8,4.7,No,13,Reject
Dairy,17.2,94,60,Damaged,66.9,5.3,Yes,22,Reject
Dairy,8.6,51,23,Good,24.3,4.5,Yes,9,Caution
Dairy,4.7,85,21,Damaged,13.8,6.3,Yes,16,Caution
Meat,31.3,83,59,Good,42.8,3.2,Yes,4,Caution
Meat,25,79,22,Good,40.9,5.6,Yes,2,Caution
Dairy,5.2,48,37,Average,34.4,6.2,Yes,22,Caution
Grains,31.5,82,25,Good,18.1,5.8,No,18,Caution
Fruits,13.6,54,60,Average,87.1,5.7,No,10,Reject
Fruits,30.1,48,33,Average,56.3,5.1,Yes,24,Reject
Meat,19.1,86,37,Good,33.8,6,No,12,Reject
Dairy,30.7,74,3,Damaged,19.5,6.3,No,19,Reject
Meat,14.2,52,9,Average,11.4,6.5,Yes,18,Caution
Grains,18.2,78,55,Damaged,87.1,5.8,No,16,Reject
Dairy,8,72,25,Good,20.3,5.7,No,17,Caution
Vegetables,17.7,82,28,Good,17.2,4,Yes,24,Caution
Meat,19.8,45,21,Good,15.3,7.2,No,13,Reject
Vegetables,27.9,41,60,Good,42.9,6.6,Yes,1,Caution
Fruits,21.7,95,48,Good,32.6,5.1,Yes,9,Caution
Dairy,5.7,94,14,Average,75.8,6.8,No,24,Reject
Meat,27.8,90,53,Good,63.6,5.4,Yes,15,Reject
Dairy,28,73,49,Good,54.5,6.3,Yes,6,Caution
Dairy,2.8,48,13,Good,79.9,3.5,Yes,3,Safe
Grains,28.5,84,58,Average,79.3,5.7,No,13,Reject
Fruits,31.6,75,2,Good,16.4,6.7,No,20,Caution
Fruits,30.1,91,11,Average,83.2,5.4,No,13,Reject
Fruits,32.5,85,10,Good,39.4,7.2,Yes,20,Caution
Fruits,30.4,83,18,Good,85.1,7,Yes,20,Caution
Grains,26,67,40,Good,48.1,4.5,No,11,Caution
Vegetables,2.6,95,39,Good,54.1,4,Yes,1,Caution
Meat,21.7,70,52,Good,14.2,4.2,Yes,20,Caution
Meat,4.1,95,16,Average,70,5.5,Yes,24,Caution
Dairy,11.6,82,52,Good,52.6,4.7,No,14,Reject
Fruits,14.5,80,54,Good,77.6,5.8,Yes,2,Caution
Dairy,34.5,66,43,Average,59.9,6.8,No,1,Reject
Fruits,33,47,50,Damaged,80.5,4.8,Yes,11,Reject
Dairy,7.1,47,50,Good,69.3,5.1,No,19,Caution
Fruits,16.2,65,55,Good,25,5.5,Yes,3,Caution
Dairy,4.1,49,33,Good,55.4,4.3,Yes,18,Caution
Dairy,15.5,40,45,Good,12.8,4.8,Yes,18,Caution
Fruits,10.9,89,25,Good,16.8,5.7,No,14,Reject
Vegetables,28.8,54,23,Average,9.3,6.7,Yes,20,Reject
Dairy,31,47,10,Damaged,13.2,3.8,Yes,22,Reject
Dairy,11.5,50,15,Average,8.6,5.1,Yes,17,Caution
Meat,27.6,50,48,Average,78,3.8,Yes,11,Reject
Meat,13,88,32,Good,83.2,7.2,No,22,Reject
Grains,23.2,83,5,Good,52.4,3.7,No,6,Safe
Vegetables,17.9,45,46,Good,47.9,5.4,Yes,23,Caution
Fruits,33,94,18,Damaged,63.3,4.3,Yes,2,Reject
Fruits,31,77,24,Good,60,6.6,No,24,Reject
Meat,6.8,48,9,Good,80,5,Yes,10,Safe
Fruits,23.6,70,16,Good,79.7,7.2,Yes,13,Caution
Vegetables,5.4,47,22,Average,81.7,6.1,Yes,3,Caution
Meat,5.6,56,18,Average,29.2,3.9,Yes,8,Caution
Grains,14.2,79,33,Good,48.3,5.8,No,11,Caution
Fruits,3.5,83,15,Average,15.2,4.7,No,5,Caution
Vegetables,25,85,42,Good,67.3,3.3,Yes,9,Caution
Fruits,3.3,77,47,Average,86.8,5.2,Yes,23,Caution
Grains,18.3,69,5,Good,47.3,3.6,No,9,Safe
Grains,34.2,40,7,Average,74.8,3.9,No,16,Caution
Vegetables,28.1,75,29,Average,66.9,4.2,Yes,1,Caution
Dairy,30.9,75,34,Good,18.8,3.4,No,4,Reject
Vegetables,19.3,45,13,Average,85.6,3.2,No,13,Reject
Grains,6.5,88,43,Good,72.5,4.4,No,23,Caution
Dairy,15.5,91,21,Damaged,88,6.3,Yes,15,Reject
Fruits,34.2,80,51,Good,24.4,5.5,Yes,6,Caution
Grains,7,91,10,Average,33.5,5.5,No,17,Caution
Vegetables,23.7,63,14,Good,42.9,4.3,Yes,9,Caution
Fruits,4.2,52,4,Average,22.1,3.5,Yes,17,Safe
Grains,30.9,52,43,Average,86.6,6.9,No,19,Reject
Vegetables,24.9,70,40,Damaged,73.5,6.4,No,18,Reject
Fruits,3,43,55,Good,62.9,5.2,Yes,3,Safe
Vegetables,18.1,89,52,Good,23.8,5.7,Yes,1,Caution
Dairy,34.8,79,26,Good,83.5,5,Yes,21,Caution
Dairy,10.3,70,10,Good,82.4,4.9,Yes,22,Caution
Meat,25.7,73,1,Average,14,4,Yes,11,Caution
Fruits,24.9,90,52,Average,85.4,3.4,Yes,1,Reject
Meat,25,73,36,Good,60.6,7,Yes,2,Caution
Grains,3.8,85,59,Good,31.7,5.2,No,19,Caution
Meat,2.5,72,41,Damaged,12.9,3.8,Yes,9,Caution
Dairy,26.7,57,60,Good,31.8,4.4,Yes,4,Caution
Meat,18.8,88,57,Good,64,6.6,No,3,Reject
Dairy,12.8,51,38,Average,46.3,4.7,Yes,15,Caution
Fruits,16,80,20,Damaged,50.3,4.7,Yes,9,Reject
Vegetables,30,72,22,Good,59.6,4.6,Yes,16,Caution
Fruits,26.6,80,42,Average,77.5,6.3,Yes,23,Reject
Meat,20.7,43,43,Damaged,36.1,5.7,Yes,21,Reject
Grains,24.8,81,12,Good,41.8,5.9,No,11,Caution
Meat,25.2,42,52,Average,46.1,3.4,Yes,15,Reject
Meat,22.3,57,11,Good,21.6,4.2,Yes,18,Caution
Dairy,28.8,66,33,Damaged,78.1,5.2,Yes,15,Reject
Grains,10.8,56,47,Good,89.6,5.8,No,17,Caution
Dairy,17.5,42,2,Average,58.4,5,Yes,13,Caution
Dairy,14.8,72,24,Good,47.5,6.9,No,2,Caution
Meat,15.6,95,49,Good,16.2,6.3,Yes,6,Caution
Vegetables,1.1,47,9,Good,54,3.8,Yes,11,Safe
Meat,27.2,57,5,Good,55,7.2,Yes,8,Safe
Meat,25.3,64,43,Average,41.8,5.3,No,13,Reject
Vegetables,34.6,73,25,Good,24.5,3.3,No,18,Reject
Meat,11,46,33,Good,30.8,5.6,Yes,23,Caution
Vegetables,0.2,43,54,Good,73,5.7,Yes,4,Safe
Meat,9.7,52,43,Good,80.5,4.5,No,19,Reject
Dairy,20.6,80,38,Good,51.1,3.8,No,21,Reject
Grains,25.2,64,50,Good,43.8,5.9,No,17,Caution
Grains,9.6,76,55,Average,34.6,5.8,No,2,Caution
Grains,29.2,43,58,Good,25.6,5,No,24,Caution
Fruits,5.9,48,49,Good,77.5,6.4,Yes,16,Caution
Fruits,8,58,45,Good,13,5.9,Yes,17,Caution
Vegetables,19.2,90,52,Good,29.7,3.9,Yes,22,Reject
Grains,33.7,76,31,Damaged,24.7,4.7,No,12,Reject
Meat,29.7,68,4,Good,10.6,6,No,9,Caution
Grains,23.2,57,44,Average,71,5.3,No,11,Reject
Fruits,17.5,55,4,Average,79.1,6.5,No,12,Reject
Fruits,15.5,59,55,Good,12,7,Yes,18,Caution
Fruits,26.5,85,19,Good,45.5,5.4,Yes,19,Caution
Grains,4.9,84,26,Good,66.9,5.1,No,15,Caution
Grains,4.2,52,5,Good,51.1,6.6,No,23,Safe
Grains,10.8,95,1,Good,18.7,4.2,No,10,Safe
Fruits,23.4,44,5,Damaged,79,4.9,Yes,6,Caution
Grains,7,59,5,Good,38.4,5.5,No,6,Safe
Grains,15.9,89,58,Good,80.1,7.1,No,20,Reject
Grains,32,89,55,Good,34.2,4.2,No,7,Caution
Fruits,2.3,82,7,Good,20.4,5.8,Yes,14,Safe
Dairy,24.2,70,37,Average,78.4,6.7,No,17,Reject
Vegetables,10.9,59,52,Good,40.1,6.3,Yes,20,Caution
Meat,6.6,74,53,Damaged,21.1,5.4,Yes,2,Caution
Meat,11.5,88,58,Good,19.7,6.7,Yes,16,Caution
Dairy,34.2,60,47,Damaged,51.5,5.4,Yes,12,Reject
Meat,2.7,59,26,Good,57.1,5.1,Yes,8,Safe
Grains,23.4,53,35,Good,70,6.4,No,18,Caution
Grains,32.5,51,23,Good,76.9,3.7,No,5,Caution
Fruits,34.3,45,30,Average,15.7,4.8,Yes,22,Reject
Dairy,7.4,50,40,Good,40.5,3.6,Yes,10,Safe
Meat,14.1,43,29,Good,29.6,5.4,Yes,12,Caution
Meat,12.5,66,59,Damaged,32.2,5.6,Yes,9,Caution
Dairy,31.7,60,28,Good,86.8,3.4,No,11,Reject
Fruits,17.1,68,26,Average,66.2,3.9,Yes,3,Caution
Fruits,10.8,74,18,Damaged,85.3,4.4,No,5,Reject
Vegetables,3.3,85,31,Good,80,3.7,Yes,22,Caution
Grains,24.4,65,19,Average,41.2,6.9,No,5,Caution
Grains,19.5,68,18,Average,85.8,6.7,No,17,Reject
Meat,25.7,42,51,Damaged,47.9,5,No,8,Reject
Fruits,24.1,80,59,Average,50.3,6.8,Yes,10,Caution
Grains,22.3,44,18,Good,15.1,6.7,No,1,Caution
Meat,27.8,54,51,Good,49.8,5.2,No,9,Reject
Grains,4,57,18,Good,22.1,4.1,No,22,Caution
Grains,21.2,58,3,Good,9.9,5.4,No,13,Caution
Dairy,21.7,50,15,Average,60.1,4,No,16,Reject
Fruits,13.8,73,5,Damaged,23.6,6.7,Yes,3,Caution
Meat,30.2,86,42,Damaged,33.9,4.8,Yes,15,Reject
Vegetables,28.5,47,53,Good,59.6,3.6,No,12,Reject
Vegetables,13.8,83,31,Good,65.6,7.1,No,24,Reject
Vegetables,2,51,10,Good,55.1,4.7,No,2,Caution
Fruits,4.9,92,52,Good,29.8,4.4,Yes,20,Caution
Meat,28.1,93,15,Good,74.9,7.1,Yes,1,Caution
Grains,7.3,61,23,Good,27.1,4.4,No,23,Caution
Grains,7.5,64,7,Good,15.6,3.9,No,6,Safe
Dairy,17,71,31,Good,61.4,6.2,Yes,19,Caution
Dairy,17.9,84,19,Good,27,6.4,Yes,5,Caution
Vegetables,7.6,47,47,Good,14.6,7.1,Yes,8,Safe
Grains,31.9,61,37,Damaged,65.6,6.2,No,7,Reject
Grains,3.6,89,53,Good,81,5.3,No,18,Caution
Fruits,24.3,65,39,Good,80.7,6.4,No,20,Reject
Grains,33.9,42,49,Average,87.8,6.4,No,9,Caution
Meat,33,83,46,Good,28.8,4.2,Yes,23,Caution
Fruits,17.2,43,42,Good,46.6,3.7,Yes,5,Caution
Fruits,14.7,62,19,Good,64.6,5.2,Yes,6,Caution
Fruits,6.1,68,39,Good,78,6.9,No,6,Caution
Grains,22.5,59,45,Good,54.2,5.5,No,19,Caution
Dairy,22.5,43,5,Good,48.6,6.2,No,5,Caution
Grains,3.5,83,28,Damaged,34.9,6.4,No,5,Caution
Grains,29.3,52,49,Damaged,66.5,5.6,No,9,Reject
Dairy,25.6,94,39,Good,44,7,Yes,6,Caution
Dairy,10.2,70,34,Good,32,4.3,Yes,1,Caution
Fruits,31.6,52,24,Good,37.8,3.9,Yes,6,Caution
Dairy,3.1,52,5,Average,14.7,6.8,No,13,Caution
Vegetables,15.3,87,42,Good,20.4,6.7,Yes,7,Caution
Fruits,8,44,59,Average,30,3.3,Yes,6,Caution
Vegetables,2.3,92,43,Good,21.2,3.3,Yes,10,Caution
Dairy,31.2,89,45,Damaged,17.5,5.8,No,6,Reject
Fruits,2.7,53,55,Good,35.6,3.6,Yes,9,Safe
Vegetables,23.4,63,48,Good,24.8,5.8,No,8,Reject
Grains,17.8,95,25,Good,32.1,5,No,3,Caution
Fruits,25,92,44,Average,10.9,6.8,Yes,13,Reject
Dairy,21.8,94,20,Good,81.9,5.5,Yes,9,Caution
Grains,18.3,44,2,Good,57.6,6.6,No,18,Caution
Fruits,17.4,82,33,Average,57.3,5.7,Yes,6,Caution
Dairy,7.6,86,11,Good,63.4,6.8,Yes,13,Caution
Vegetables,9,77,18,Good,28.4,5.6,No,4,Caution
Vegetables,15.2,80,4,Good,78.7,5.9,Yes,24,Caution
Vegetables,8.7,52,30,Good,73.7,5.2,Yes,8,Caution
Vegetables,5.5,51,36,Good,76.5,7.1,Yes,9,Safe
Meat,5.7,64,50,Good,12.1,4.8,Yes,24,Caution
Dairy,14.6,80,20,Good,66.6,6.3,Yes,19,Caution
Grains,18.6,71,48,Damaged,77.8,3.5,No,12,Reject
Fruits,12.9,62,13,Average,41.2,7.1,Yes,17,Caution
Vegetables,6.2,65,60,Good,49.5,5.6,No,17,Caution
Vegetables,31.3,66,60,Average,77.9,4.9,Yes,21,Reject
Fruits,28.9,90,22,Good,77.2,4.8,Yes,14,Reject
Vegetables,1.8,63,27,Good,76,3.4,Yes,7,Safe
Grains,22.7,90,40,Average,47.9,3.5,No,18,Reject
Meat,1.6,73,52,Good,64.1,6.8,Yes,17,Caution
Grains,31.3,70,5,Good,36.1,7,No,7,Safe
Meat,29.4,60,9,Damaged,52.9,4.7,Yes,1,Caution
Meat,8.8,89,45,Good,34.2,6.8,No,16,Reject
Dairy,19.8,67,8,Average,52.3,5.1,No,16,Reject
Grains,5,91,56,Good,11.8,5.7,No,18,Caution
Grains,18,85,5,Good,69.7,6.8,No,15,Caution
Grains,27.7,51,48,Good,15.5,3.7,No,6,Caution
Dairy,16.3,42,7,Good,31.3,6.2,No,19,Caution
Vegetables,27.9,88,50,Good,20.8,5,Yes,1,Caution
Fruits,15.7,92,37,Good,24.8,6.4,Yes,11,Reject
Fruits,34.8,52,10,Damaged,83,3.8,Yes,19,Reject
Dairy,10.2,66,20,Damaged,55,6.4,No,3,Reject
Vegetables,28.6,72,5,Average,67.7,5.3,No,23,Reject
Meat,25.5,46,14,Damaged,71.2,4.5,No,5,Reject
Meat,17.8,52,44,Average,64.9,4,No,15,Reject
Fruits,31.6,83,22,Good,67.2,4.5,Yes,22,Caution
Vegetables,9.3,60,26,Good,43.7,3.3,Yes,18,Caution
Meat,24.9,58,20,Good,49.7,4.8,Yes,22,Caution
Grains,12.1,42,2,Good,85.6,5.2,No,6,Safe
Meat,28,65,17,Good,84.6,3.4,Yes,20,Caution
Meat,33.8,41,41,Average,80.2,3.7,Yes,18,Reject
Dairy,0.6,73,48,Average,83.4,6.9,Yes,11,Caution
Vegetables,8.1,60,28,Damaged,66.5,5.7,Yes,24,Reject
Vegetables,26.4,48,27,Average,67.8,4.3,Yes,16,Reject
Fruits,27,59,8,Average,72.9,4.4,Yes,16,Caution
Meat,30.7,72,27,Good,12.2,7,No,19,Reject
Vegetables,11.2,67,47,Average,25,3.5,Yes,20,Caution
Dairy,3.5,68,28,Good,70.3,6.2,No,17,Caution
Vegetables,6.7,54,57,Average,85.6,6.5,Yes,3,Caution
Dairy,21.3,94,7,Good,53.4,4.2,No,8,Caution
Grains,31,64,47,Average,34,5.5,No,11,Reject
Meat,33.1,49,47,Average,31.7,4.9,No,3,Reject
Meat,28.5,44,37,Average,82.2,4.8,No,18,Reject
Grains,7.7,46,58,Good,60.7,6.3,No,21,Caution
Fruits,31.1,58,8,Good,39,5.1,Yes,5,Caution
Dairy,29.7,48,50,Good,15.1,6.9,No,16,Reject
Meat,0.6,83,55,Good,71,6.5,No,21,Caution
Meat,9.9,68,38,Damaged,10.7,6,Yes,14,Reject
Dairy,8.3,76,35,Damaged,33.8,4.5,Yes,17,Reject
Dairy,20.5,73,14,Average,54.3,6.4,No,20,Reject
Dairy,13.5,78,23,Good,42.5,5.7,No,14,Reject
Grains,9,43,12,Good,68.2,6,No,24,Caution
Fruits,16.4,61,41,Damaged,26,4.4,Yes,5,Reject
Fruits,33.6,41,30,Good,43.4,7.1,Yes,7,Caution
Grains,23.8,78,21,Good,83.1,7.1,No,2,Caution
Grains,4.2,90,5,Good,26.9,6.4,No,24,Safe
Meat,14.4,61,27,Average,82.9,4.7,No,23,Reject
Grains,16.1,45,29,Good,41.1,6,No,24,Caution
Fruits,22.6,86,5,Good,68.4,4.3,Yes,15,Caution
Grains,30,73,9,Good,41.1,7,No,17,Caution
Fruits,29,53,16,Good,9,7.1,Yes,20,Caution
Vegetables,12.5,45,5,Good,35,3.5,Yes,22,Safe
Vegetables,4,52,21,Good,38,3.5,Yes,12,Caution
Vegetables,17.3,47,34,Good,80.9,3.8,Yes,23,Caution
Fruits,6.9,42,20,Average,16.9,4.7,No,4,Caution
Fruits,25.9,46,15,Good,72.5,3.6,No,22,Reject
Grains,13.7,93,33,Good,8.8,4.9,No,16,Caution
Vegetables,31,51,47,Good,21.3,7.1,Yes,10,Caution
Meat,30.2,42,47,Good,87,5.2,No,21,Reject
Meat,5,54,3,Average,47.2,3.9,Yes,22,Safe
Vegetables,22.7,69,46,Good,54.3,5.8,No,14,Reject
Fruits,1.7,46,5,Good,42.3,4.3,No,15,Caution
Meat,21.9,84,54,Good,23.4,6,Yes,11,Caution
Dairy,0.1,88,31,Average,29.8,3.7,Yes,21,Caution
Grains,13.2,51,57,Good,52.2,4.4,No,11,Caution
Fruits,4.7,52,49,Good,53.4,6.5,No,2,Caution
Dairy,9.2,70,40,Good,21,3.2,No,2,Caution
Fruits,12.1,67,5,Average,27.3,4.1,Yes,2,Safe
Fruits,1.8,46,54,Average,76,4.2,Yes,14,Caution
Vegetables,14.3,91,21,Damaged,62.7,6,Yes,20,Reject
Vegetables,16.2,93,50,Damaged,24,3.4,Yes,18,Reject
Meat,26.7,94,27,Damaged,28.2,4.9,Yes,14,Reject
Dairy,31.1,44,4,Good,17.9,6.1,Yes,17,Caution
Grains,25.6,87,20,Average,69.6,4,No,16,Reject
Fruits,25.2,65,60,Average,31,3.8,Yes,3,Caution
Fruits,18.3,83,44,Average,75.7,6.2,Yes,16,Reject
Grains,25.9,74,18,Good,41.3,4.7,No,14,Caution
Fruits,28.9,43,21,Average,83.7,6,Yes,9,Caution
Dairy,5.6,58,5,Average,63.2,5.8,No,23,Caution
Fruits,16.3,58,25,Average,84.6,4.8,Yes,9,Caution
Fruits,30.2,78,44,Good,64.3,4.5,Yes,21,Caution
Dairy,26.7,46,54,Average,22.6,3.3,Yes,14,Reject
Vegetables,4,50,52,Good,58.4,7.1,Yes,5,Safe
Vegetables,5,84,9,Average,48.9,7.1,Yes,10,Safe
Grains,18.2,84,17,Average,83.2,3.5,No,16,Reject
Dairy,25.2,79,8,Good,22.4,5.8,No,23,Reject
Grains,9.9,87,41,Good,46,7.1,No,2,Caution
Fruits,3.7,59,38,Damaged,56.8,5.6,Yes,5,Caution
Vegetables,7.9,77,40,Good,70.7,5.5,Yes,1,Safe
Grains,2.7,93,41,Good,79.7,6.7,No,18,Caution
Meat,22.8,89,35,Good,80.5,4.2,Yes,6,Caution
Fruits,27.6,53,46,Damaged,84,3.6,Yes,3,Reject
Dairy,10.8,66,57,Good,25.7,6.8,Yes,19,Caution
Meat,8.3,64,38,Average,17.6,5.3,Yes,4,Caution
Meat,18.7,95,39,Good,74.8,5.2,No,1,Reject
Grains,31.8,76,25,Damaged,22.4,7.1,No,4,Reject
Vegetables,10.3,65,26,Damaged,44.1,5.2,Yes,6,Caution
Vegetables,9.2,61,48,Average,76.4,6.3,Yes,13,Caution
Meat,7.7,82,28,Average,18.9,4.4,Yes,5,Caution
Vegetables,10.7,57,60,Good,33.8,4.6,No,16,Reject
Vegetables,27.2,64,20,Damaged,61.4,4.4,Yes,13,Reject
Meat,3.7,61,45,Good,15.1,6.4,No,8,Caution
Grains,24.4,93,51,Good,11.8,7.1,No,23,Reject
Fruits,16,47,43,Good,26,4.1,No,9,Reject
Vegetables,23.3,50,10,Good,55,3.3,Yes,11,Caution
Dairy,1.8,85,57,Average,75.2,3.4,Yes,17,Caution
Vegetables,10,80,13,Good,63.3,4.3,Yes,14,Caution
Dairy,26.6,54,29,Good,57.2,3.3,No,23,Reject
Meat,22.5,49,38,Good,62.6,5,No,21,Reject
Dairy,26.9,94,16,Good,35,4,Yes,8,Caution
Grains,16.4,63,27,Good,79.5,7.2,No,2,Caution
Vegetables,25.6,68,42,Good,38.1,5.5,No,5,Reject
Fruits,2,42,36,Good,86.2,4.1,No,11,Caution
Vegetables,24.6,56,49,Average,75.3,5.6,Yes,12,Reject
Meat,14.7,44,6,Good,82.4,6.9,Yes,2,Safe
Dairy,4.9,77,3,Good,72.4,5.3,Yes,24,Safe
Dairy,4.4,44,47,Good,78.8,3.3,Yes,17,Caution
Vegetables,32.8,57,18,Average,37.8,3.3,Yes,5,Caution
Fruits,18.7,61,5,Good,58.9,7,No,8,Caution
Grains,5.4,75,60,Good,82.4,3.9,No,8,Safe
Grains,17.8,69,23,Good,47.4,4.8,No,18,Caution
Vegetables,1.8,77,2,Good,57.4,5.3,Yes,11,Safe
Dairy,19.5,62,38,Good,53,5,Yes,10,Caution
Fruits,24,73,50,Good,70.7,6.6,Yes,19,Caution
Vegetables,2.9,91,3,Average,29.2,5.6,Yes,14,Caution
Vegetables,4,54,37,Good,62.9,5,Yes,3,Safe
Meat,1.7,62,24,Damaged,33.7,7,No,10,Reject
Meat,13.1,79,42,Average,63.3,4.9,Yes,23,Caution
Grains,34.5,91,1,Average,45.3,4.7,No,3,Caution
Dairy,7.9,54,6,Good,8.4,4.3,Yes,21,Safe
Vegetables,28.5,62,35,Good,60.2,3.3,Yes,3,Caution
Grains,14.4,68,57,Good,11.1,6.9,No,6,Caution
Dairy,3.4,80,32,Average,66,3.4,No,8,Caution
Dairy,21.6,60,25,Damaged,60.5,4.2,Yes,3,Reject
Meat,26.3,77,36,Good,75.6,6.2,Yes,7,Caution
Fruits,27.8,72,39,Good,26,6.7,Yes,8,Caution
Meat,24.8,40,7,Average,20.4,4.4,No,10,Caution
Meat,13.4,91,58,Good,69,6.4,No,1,Reject
Vegetables,0.2,72,8,Damaged,40.7,6,Yes,22,Caution
Vegetables,31.8,65,7,Good,79.6,6.5,Yes,5,Safe
Fruits,29.7,75,55,Good,71.6,4.8,Yes,14,Caution
Vegetables,4.5,89,43,Average,56.8,5.8,Yes,22,Caution
Meat,17.7,44,41,Damaged,30.6,5.7,No,4,Reject
Fruits,12.4,47,3,Average,74.7,4.1,Yes,3,Safe
Meat,24.3,71,13,Average,24.8,5.1,No,20,Reject
Meat,27.4,95,2,Good,21.6,5.4,No,8,Caution
Meat,23.5,43,18,Good,30.9,5.7,Yes,1,Caution
Grains,27.5,42,23,Good,33.4,3.3,No,23,Caution
Dairy,16.6,42,28,Average,14.1,5.8,Yes,17,Reject
Dairy,29.9,88,27,Good,86.8,5.9,Yes,20,Reject
Fruits,2.2,86,28,Good,57.1,4.7,Yes,14,Caution
Meat,10.3,92,13,Good,69.8,6,No,12,Reject
Meat,22.6,75,41,Good,79.4,5.5,No,5,Reject
Grains,19.3,64,3,Average,65.2,6.3,No,1,Caution
Grains,25,84,42,Damaged,48.7,6.4,No,6,Reject
Fruits,30,76,35,Good,89.1,4.9,Yes,14,Caution
Dairy,6.7,53,50,Average,62.7,3.9,Yes,9,Caution
Meat,17.6,48,52,Average,84.5,5,No,17,Reject
Dairy,19.7,90,1,Good,8.7,5.2,No,16,Reject
Vegetables,26.4,54,25,Good,13,3.6,Yes,15,Caution
Fruits,12.8,89,54,Damaged,16.5,5,Yes,22,Reject
Fruits,30.1,54,47,Average,28.5,6,Yes,11,Reject
Vegetables,1.6,61,12,Good,60.3,3.4,Yes,7,Safe
Vegetables,24.5,64,11,Good,34.1,4.3,Yes,24,Caution
Meat,23.6,76,55,Good,74.5,4.4,Yes,21,Caution
Fruits,4.9,75,21,Good,63.4,6,No,13,Caution
Grains,20.9,50,13,Damaged,77,4.2,No,5,Caution
Fruits,16.2,56,47,Good,72.6,6.4,Yes,1,Caution
Fruits,1.3,87,47,Damaged,45.1,6.7,No,14,Reject
Grains,19.5,79,29,Average,84.5,5.7,No,12,Reject
Dairy,29.7,60,4,Good,25.7,3.9,Yes,14,Caution
Vegetables,34,90,41,Good,76.9,4.1,Yes,18,Reject
Meat,34,70,59,Good,48.1,7.1,No,4,Reject
Fruits,15.1,83,23,Good,32.5,6.2,Yes,23,Caution
Vegetables,31.7,57,4,Damaged,23.3,6.3,Yes,18,Caution
Fruits,34.1,40,14,Average,84.4,7,Yes,16,Caution
Vegetables,28.5,54,5,Good,49.5,7,Yes,12,Caution
Vegetables,16.9,95,14,Average,80.3,3.4,Yes,8,Caution
Dairy,25.2,91,37,Average,54.3,4.9,Yes,24,Reject
Vegetables,18.8,89,20,Average,15.6,6.8,Yes,13,Reject
Dairy,20.4,44,46,Damaged,68.5,5.7,Yes,9,Reject
Vegetables,33.7,85,36,Good,78.4,6.4,Yes,5,Caution
Vegetables,7.4,83,60,Good,23.9,4.8,No,15,Caution
Fruits,5.7,53,25,Good,43.3,4.4,Yes,3,Safe
Vegetables,3.9,43,57,Good,9.4,6.1,No,6,Caution
Fruits,3.8,40,53,Good,85.2,4.5,Yes,10,Safe
Fruits,24.8,43,20,Good,88.2,5,Yes,19,Caution
Vegetables,21.2,56,24,Good,22.8,6,Yes,23,Caution
Meat,22.8,44,4,Good,18.6,6,Yes,9,Safe
Grains,7.1,55,15,Damaged,30.4,4.4,No,6,Caution
Meat,20.8,49,3,Damaged,12.6,4.7,No,17,Reject
Grains,2.1,69,10,Damaged,11.3,6,No,7,Caution
Grains,31.2,79,9,Average,63.6,5.8,No,16,Caution
Vegetables,26.5,93,17,Good,75.5,3.7,Yes,4,Caution
Meat,30.6,92,4,Good,20.9,5.8,Yes,14,Caution
Meat,16.6,88,4,Average,28.1,6.4,Yes,9,Caution
Meat,22.4,73,60,Good,10.7,4,No,17,Reject
Fruits,17.1,79,31,Good,71,5.6,Yes,6,Caution
Grains,21.9,54,35,Good,65.7,6.8,No,21,Caution
Meat,6.6,51,6,Good,30.6,6.7,Yes,22,Safe
Fruits,3.8,40,40,Good,16.5,4.1,Yes,20,Caution
Dairy,21.3,56,44,Damaged,89.5,6.6,Yes,20,Reject
Dairy,26.2,51,47,Good,49,6.8,Yes,14,Caution
Vegetables,25.5,55,17,Good,56.1,5.9,Yes,24,Caution
Vegetables,6.4,43,27,Good,10.5,3.6,Yes,22,Caution
Dairy,18.9,59,24,Good,24.4,7,Yes,11,Caution
Dairy,1.8,72,9,Damaged,34.4,5.1,Yes,23,Caution
Grains,6.3,73,36,Damaged,46.5,7,No,1,Caution
Meat,15.1,76,20,Good,19.2,4.1,No,12,Reject
Fruits,9.7,81,35,Good,25.9,7.1,No,14,Reject
Vegetables,27.5,72,47,Damaged,36.9,7.2,Yes,2,Reject
Vegetables,29,53,39,Good,48.1,7,Yes,1,Caution
Vegetables,17,76,6,Average,46.5,4.6,No,22,Reject
Fruits,19.8,92,4,Good,35.5,6.2,Yes,5,Caution
Vegetables,0.9,92,3,Good,42.7,5.1,Yes,6,Safe
Dairy,31.6,44,39,Good,61.3,5.4,Yes,6,Caution
Dairy,26.3,92,15,Good,55.5,3.6,No,18,Reject
Fruits,11,81,30,Good,54.2,6.5,Yes,23,Caution
Vegetables,15.5,45,25,Good,82,4.3,Yes,22,Caution
Meat,25.7,92,56,Damaged,68.2,4.2,Yes,20,Reject
Vegetables,9.6,94,28,Good,72.9,6.7,Yes,20,Caution
Vegetables,4.1,51,18,Average,32.1,7,No,8,Caution
Vegetables,8.7,41,9,Good,79.4,6.9,Yes,1,Safe
Grains,26.5,72,8,Good,19,3.5,No,8,Caution
Dairy,27,50,46,Good,28.7,5.8,No,15,Reject
Vegetables,7.5,68,44,Average,29.5,5.8,Yes,13,Caution
Fruits,22.2,77,30,Damaged,12,4,No,2,Reject
Grains,27.8,73,21,Damaged,16.3,3.6,No,6,Reject
Dairy,20.1,93,13,Good,85.3,5.6,Yes,5,Caution
Meat,24.5,66,16,Good,58.5,6.7,Yes,17,Caution
Meat,7.9,66,29,Good,85.1,5.4,Yes,16,Caution
Dairy,29.9,73,60,Average,32.2,6.4,Yes,24,Reject
Fruits,8.8,51,14,Average,34.7,6.8,Yes,13,Caution
Dairy,17.9,93,23,Good,51.7,5,Yes,12,Reject
Grains,9.7,44,57,Average,86.1,4.1,No,8,Caution
Fruits,6.9,64,25,Good,66.2,4.2,No,3,Caution
Dairy,13.9,88,23,Average,80.2,6.4,Yes,1,Caution
Grains,10.5,94,35,Good,56.7,6.2,No,22,Caution
Fruits,12.7,92,11,Good,76.9,6.4,No,20,Reject
Dairy,26.3,45,14,Damaged,18,5.3,No,16,Reject
Vegetables,27.9,84,35,Good,21.9,5.9,Yes,19,Caution
Grains,18.4,57,13,Average,22.8,7,No,5,Caution
Meat,9.9,52,52,Good,89.8,3.6,Yes,11,Caution
Fruits,26,77,34,Average,80.4,6.1,Yes,24,Reject
Fruits,26.9,61,7,Good,50.3,6.9,No,2,Caution
Dairy,26.5,95,42,Average,80,4.5,Yes,9,Reject
Fruits,4.6,63,47,Average,74.3,4.9,Yes,10,Caution
Dairy,14.5,40,49,Good,28.6,4.7,No,13,Reject
Vegetables,15.3,86,41,Average,37.8,4.3,No,10,Reject
Dairy,25.6,86,12,Average,72.2,6.9,No,10,Reject
Vegetables,0.7,46,15,Good,10.2,3.5,Yes,23,Safe
Dairy,0.1,91,51,Good,32.5,3.4,Yes,21,Caution
Meat,10,71,33,Damaged,77.3,4.1,Yes,15,Reject
Meat,12.7,79,12,Good,87.3,4.6,No,17,Caution
Meat,17.8,45,2,Average,73.3,3.7,No,10,Caution
Grains,26.2,58,51,Good,68.7,3.4,No,10,Caution
Fruits,0.9,70,19,Good,81.2,4.1,Yes,2,Safe
Meat,23,45,18,Damaged,18.2,4.7,Yes,2,Reject
Fruits,18.2,51,1,Good,87.5,5.7,No,7,Caution
Meat,15.2,83,54,Good,33.7,4,No,1,Reject
Meat,26.3,75,32,Good,59.4,5.2,Yes,6,Caution
Grains,15.9,44,60,Good,39.4,6.3,No,16,Caution
Dairy,16.6,84,11,Average,78.2,6.9,Yes,18,Caution
Meat,3,89,38,Good,80.8,5.8,Yes,23,Caution
Grains,5.1,54,10,Average,21.1,3.4,No,21,Caution
Meat,6.1,75,11,Damaged,66,5.6,No,22,Reject
Grains,6,78,38,Good,39.7,3.4,No,16,Caution
Dairy,22.3,79,48,Good,61.3,6.3,Yes,21,Caution
Grains,28.6,56,1,Good,75.8,4.6,No,7,Safe
Grains,15.3,67,41,Good,32.1,6.3,No,20,Caution
Fruits,4.4,82,49,Damaged,60.2,6.5,Yes,10,Caution
Vegetables,11.7,91,59,Average,8,5.6,Yes,5,Caution
Fruits,18.3,53,22,Average,59,4.5,Yes,2,Caution
Vegetables,31.9,75,43,Good,82.9,3.8,Yes,12,Caution
Meat,19.7,52,58,Good,59.3,5.1,Yes,21,Caution
Meat,12.6,61,58,Good,10.1,5.4,Yes,3,Caution
Grains,0.2,78,5,Damaged,49.3,6.9,No,16,Caution
Vegetables,3,59,53,Average,47.7,4.2,Yes,11,Caution
Dairy,16.1,62,11,Good,80.3,4,Yes,18,Caution
Vegetables,6.5,64,6,Good,15.9,4.3,Yes,4,Safe
Vegetables,18,56,31,Good,67.4,6.2,No,2,Reject
Meat,18.4,89,46,Good,63.8,6.3,Yes,21,Reject
Fruits,5,40,28,Good,8.8,3.9,Yes,1,Safe
Dairy,6.6,93,30,Damaged,65.6,5,Yes,6,Caution
Dairy,3.7,69,47,Good,19.5,6,Yes,13,Caution
Vegetables,16.5,47,43,Average,19.7,6.2,Yes,5,Caution
Fruits,28.6,68,32,Good,82.6,3.8,Yes,13,Caution
Vegetables,2.8,70,10,Damaged,84.4,5.7,Yes,16,Caution
Meat,16.6,67,48,Good,26.2,4,Yes,22,Caution
Dairy,20.1,44,2,Good,71.6,6.5,Yes,6,Safe
Grains,6.7,46,3,Good,51,5.6,No,22,Safe
Vegetables,13,95,43,Good,25,3.3,Yes,2,Caution
Fruits,29,87,2,Good,55.8,4,No,5,Caution
Grains,28.6,73,54,Good,26.3,4,No,6,Caution
Dairy,0.2,50,54,Average,8.3,6.4,Yes,13,Caution
Meat,11.5,53,50,Good,62.1,6.2,Yes,4,Caution
Fruits,4,93,17,Good,33,6.7,No,24,Reject
Grains,15.2,46,38,Good,22.2,6.6,No,7,Caution
Meat,24.2,58,54,Good,89.6,3.8,No,8,Reject
Grains,3.3,66,2,Good,16.1,6.9,No,3,Safe
Meat,22.3,84,59,Good,32.7,3.5,Yes,14,Caution
Grains,24.5,72,21,Average,46,5.4,No,18,Reject
Meat,7.4,84,9,Damaged,9.9,3.4,Yes,18,Caution
Fruits,31,70,1,Good,18.2,5.2,Yes,16,Caution
Grains,27,56,44,Average,67.6,5.5,No,17,Reject
Dairy,31.4,68,60,Average,9,6.3,Yes,21,Reject
Meat,27.5,46,46,Good,72.4,6.4,Yes,17,Caution
Fruits,22.9,64,5,Damaged,9.7,3.9,Yes,17,Caution
Meat,4.7,61,17,Good,70,4.2,No,17,Caution
Vegetables,24.1,62,53,Good,23.9,4.6,Yes,10,Caution
Grains,0.8,73,12,Good,39.1,6.8,No,21,Safe
Meat,21.3,43,33,Good,8.2,5.7,Yes,20,Caution
Vegetables,31.3,44,53,Damaged,62.4,6.8,Yes,24,Reject
Dairy,22.8,71,33,Good,34.9,4.5,Yes,21,Caution
Meat,24.2,57,41,Good,78.8,5.9,No,17,Reject
Dairy,29.5,43,41,Damaged,79.6,6.4,Yes,7,Reject
Meat,21,78,22,Good,31.9,5,Yes,7,Caution
Fruits,7.8,59,1,Good,33.4,7,No,13,Caution
Meat,28.5,92,57,Good,88,3.7,Yes,5,Caution
Fruits,14.4,86,25,Good,87.7,6.2,Yes,5,Caution
Grains,6.1,52,23,Good,66,4.7,No,12,Caution
Vegetables,0.6,83,22,Average,35.8,6.4,Yes,15,Caution
Meat,31.2,73,27,Damaged,18.9,5.6,Yes,20,Reject
Vegetables,9.2,53,12,Good,16.7,6.8,Yes,11,Caution
Vegetables,24.8,80,49,Damaged,75,5.2,Yes,7,Reject
Vegetables,7.3,58,60,Damaged,21,4.5,No,10,Reject
Dairy,7.1,45,34,Average,68.1,4.5,No,1,Caution
Grains,32.5,57,16,Good,69,6.7,No,11,Caution
Grains,33.7,81,31,Average,63.5,6.7,No,13,Reject
Meat,23.4,75,32,Good,32.5,4.3,Yes,17,Caution
Vegetables,16.2,67,41,Average,77,3.3,No,11,Reject
Vegetables,20.6,41,8,Good,63.3,5.5,Yes,21,Caution
Meat,15,73,1,Good,40.7,3.9,Yes,24,Safe
Grains,26.2,55,59,Damaged,44,4.5,No,6,Reject
Meat,7.3,63,60,Average,46.9,4,No,17,Reject
Vegetables,20,42,1,Average,41.2,6.6,Yes,4,Caution
Grains,11.7,72,22,Good,42.1,4,No,12,Caution
Meat,2.9,57,17,Good,19.3,4.1,Yes,7,Safe
Grains,30.9,48,47,Damaged,24.9,3.6,No,11,Reject
Dairy,16.7,49,51,Good,58.9,6.4,Yes,16,Caution
Vegetables,32.3,82,27,Average,63.5,4.8,Yes,5,Caution
Grains,30.2,75,13,Damaged,41.1,5.3,No,13,Reject
Dairy,19.4,80,50,Average,74.4,6.9,Yes,11,Reject
Grains,27.3,89,8,Good,8.4,3.6,No,7,Caution
Dairy,25.1,60,37,Good,47.5,6.4,Yes,22,Caution
Dairy,34.9,70,5,Average,55,4.4,Yes,12,Caution
Grains,30.2,69,59,Good,32.2,5.9,No,9,Caution
Fruits,22.4,58,12,Average,13.5,4.1,Yes,13,Caution
Vegetables,19,82,1,Good,72.4,5.5,No,1,Caution
Grains,34.7,72,46,Good,87.8,5.5,No,22,Caution
Meat,6.8,77,33,Good,56.8,3.2,No,22,Caution
Fruits,17.2,87,37,Damaged,38.9,4.6,No,10,Reject
Meat,12.7,93,28,Damaged,66.7,5.6,Yes,22,Reject
Dairy,32.4,85,53,Damaged,77.5,4.4,No,15,Reject
Grains,8.9,42,56,Average,21.9,4.3,No,16,Caution
Meat,23,72,21,Average,76.9,6.1,No,5,Reject
Vegetables,2.2,87,19,Good,31.2,4.3,Yes,19,Caution
Meat,6,91,21,Good,27.8,6.3,No,10,Caution
Meat,20.5,52,24,Good,37.8,3.9,Yes,20,Caution
Dairy,19.5,93,45,Good,38.2,4.7,No,24,Reject
Vegetables,21.8,45,28,Average,53.1,7.2,Yes,7,Caution
Meat,3.1,51,32,Good,10.6,5.7,No,11,Caution
Vegetables,6.8,83,6,Average,86.5,3.7,Yes,10,Safe
Fruits,34.4,61,36,Average,34.6,4.8,Yes,22,Reject
Meat,22.6,62,42,Good,87.4,3.8,Yes,2,Caution
Vegetables,32.5,79,14,Good,40.2,5.4,Yes,2,Caution
Dairy,5.6,92,50,Good,68.4,5.8,Yes,14,Caution
Grains,17.1,60,60,Good,32.2,6.6,No,9,Caution
Vegetables,24.7,57,7,Good,89.3,4,Yes,17,Caution
Dairy,5.4,60,14,Good,30.4,5.5,No,20,Caution
Fruits,12.1,47,52,Damaged,89.5,5.1,No,8,Reject
Meat,22.1,50,53,Average,61.4,3.2,Yes,14,Reject
Vegetables,10.1,73,34,Damaged,76.4,6,Yes,13,Reject
Fruits,29.3,85,44,Good,30.3,6.1,No,7,Reject
Dairy,34.3,95,41,Average,57.6,6.1,No,21,Reject
Fruits,16.4,56,33,Average,76.1,3.3,Yes,10,Caution
Vegetables,28.2,62,53,Average,61.9,6.1,Yes,22,Reject
Meat,25.3,89,39,Good,17.4,3.5,No,9,Reject
Dairy,5.9,72,18,Good,53.3,6.4,No,5,Caution
Meat,0.1,87,59,Good,68.5,3.2,No,15,Reject
Meat,34.6,68,15,Good,23.2,6.9,No,24,Reject
Dairy,21.5,81,26,Good,82.1,3.3,Yes,4,Caution
Vegetables,28.3,57,20,Good,46.3,5.4,Yes,22,Caution
Grains,5.7,89,34,Good,55.6,3.7,No,18,Caution
Meat,22.7,54,4,Good,23.8,6.3,Yes,10,Safe
Meat,30.4,58,59,Average,35.3,4.2,Yes,19,Reject
Meat,13.2,51,42,Good,32.8,5.6,Yes,5,Caution
Meat,22.2,69,31,Damaged,45.7,6.5,No,1,Reject
Fruits,33.9,65,38,Average,13.4,6.9,No,5,Reject
Fruits,6.2,52,29,Good,78.9,5.7,Yes,24,Caution
Grains,12.6,85,53,Good,75.9,4.3,No,16,Caution
Fruits,12.7,88,39,Average,76.9,6.7,No,1,Reject
Fruits,9,40,15,Good,40.5,6.1,Yes,17,Caution
Meat,9.8,81,22,Average,38.1,6.3,Yes,16,Caution
Dairy,22.9,46,54,Good,73.7,3.9,Yes,7,Caution
Meat,11.2,51,20,Good,40.2,3.9,Yes,15,Caution
Vegetables,16.1,80,48,Average,34,4.2,No,14,Reject
Grains,26.8,78,14,Damaged,62.4,5,No,9,Caution
Meat,9.5,47,18,Good,69.5,5.2,Yes,9,Caution
Fruits,24.5,64,37,Good,71.3,5.4,No,10,Reject
Vegetables,11.1,48,8,Good,61.5,6,Yes,10,Safe
Dairy,7.9,95,40,Average,22.5,6.4,No,18,Reject
Grains,1.8,68,2,Good,49.4,4.5,No,15,Safe
Vegetables,23.1,75,7,Good,35.3,4.3,Yes,7,Safe
Meat,28.8,95,44,Average,36,3.5,No,24,Reject
Grains,33.7,61,15,Damaged,12.6,4.4,No,10,Caution
Meat,1.4,73,60,Good,44.8,5.2,Yes,18,Caution
Fruits,26.5,80,20,Good,23.3,3.8,No,12,Reject
Grains,26.9,50,31,Good,87.5,4,No,14,Caution
Grains,34.3,54,26,Damaged,28,5.8,No,11,Reject
Grains,5.2,56,52,Good,88.2,6.4,No,14,Caution
Meat,20.4,80,31,Average,25.7,6.2,No,3,Reject
Vegetables,20.4,61,32,Damaged,40,4.7,Yes,2,Reject
Fruits,10.3,87,28,Average,66.6,6.1,Yes,17,Reject
Grains,9.3,76,16,Damaged,17.8,6.4,No,19,Reject
Meat,31.9,89,25,Good,45.6,4.1,No,3,Reject
Vegetables,19,64,34,Good,34.6,6.2,No,10,Reject
Grains,13.5,85,11,Good,32.4,3.8,No,12,Caution
Fruits,4.1,60,23,Good,46.9,4.3,No,8,Caution
Vegetables,24.3,67,26,Average,70.8,3.5,Yes,8,Caution
Fruits,26.1,75,9,Average,47.3,3.9,Yes,14,Caution
Meat,12.2,45,56,Good,66,4.6,No,21,Reject
Meat,21.8,53,15,Good,34.8,3.5,Yes,9,Caution
Meat,17.9,91,19,Good,46.7,4.1,No,5,Reject
Meat,6.9,41,38,Damaged,69.7,5.5,Yes,6,Caution
Dairy,7.3,57,51,Good,26.7,6.3,Yes,22,Caution
Fruits,8.4,74,48,Average,9.4,3.2,Yes,14,Caution
Vegetables,23,94,2,Good,37.5,5,Yes,19,Caution
Vegetables,8.6,90,5,Good,19.8,5.8,No,11,Caution
Vegetables,10.7,93,44,Damaged,25.4,3.3,No,16,Reject
Vegetables,10.6,84,25,Good,39.9,3.4,No,18,Reject
Dairy,33.3,92,7,Damaged,71.9,4.8,Yes,20,Reject
Grains,20.8,55,11,Good,14.5,5.2,No,14,Caution
Dairy,13,74,14,Good,55.3,6,Yes,6,Safe
Vegetables,6.6,64,60,Good,35.1,4.8,Yes,2,Safe
Grains,20.8,66,21,Good,26.6,3.8,No,18,Caution
Vegetables,13.5,52,24,Average,44.9,4.6,Yes,9,Caution
Vegetables,2.1,91,1,Good,69.4,7.1,No,6,Caution
Dairy,18,62,45,Average,67.5,6.8,No,17,Reject
Meat,31.9,85,26,Average,29.6,4.7,Yes,9,Caution
Fruits,28.4,78,44,Good,12.2,6.2,Yes,21,Caution
Vegetables,20.8,76,35,Good,37.1,6.3,Yes,12,Caution
Meat,17.8,55,30,Good,66.6,6.8,Yes,14,Caution
Dairy,21.8,94,33,Average,83.5,7,Yes,18,Reject
Vegetables,29.9,46,50,Good,51.4,4,No,5,Reject
Dairy,7.4,66,50,Average,59.8,5.8,No,16,Reject
Meat,22.8,42,33,Damaged,58.9,6.9,No,17,Reject
Meat,3.9,94,54,Good,46.5,4.5,Yes,1,Caution
Meat,21.5,73,44,Good,49.5,4.4,Yes,23,Caution
Fruits,32.9,84,17,Good,89.2,4,Yes,10,Caution
Meat,25.6,90,31,Good,62.4,6.1,Yes,5,Caution
Fruits,21.2,40,11,Average,45.9,4,No,14,Reject
Fruits,6.2,64,26,Good,54.8,5.4,Yes,7,Safe
Vegetables,4.7,77,22,Average,73.6,5.6,Yes,21,Caution
Vegetables,20.2,49,36,Average,17.9,4.3,Yes,4,Caution
Grains,31,67,30,Good,59.2,6.1,No,23,Caution
Dairy,33.5,51,44,Average,89,6.7,No,9,Reject
Fruits,7.6,90,26,Good,36.7,3.3,No,15,Reject
Fruits,10.9,53,47,Good,71.9,5.6,Yes,20,Caution
Meat,16.8,82,37,Good,86.1,5,Yes,13,Caution
Vegetables,27.8,62,3,Average,39.2,4.8,Yes,10,Caution
Vegetables,31.2,53,8,Average,12.8,6.5,No,24,Reject
Vegetables,12.1,79,51,Good,18.6,6.5,Yes,9,Caution
Grains,28.6,63,32,Average,67.1,4.1,No,17,Reject
Grains,23.9,49,23,Good,39.4,3.5,No,24,Caution
Fruits,28.2,92,50,Average,19.4,4.2,No,11,Reject
Dairy,28,79,19,Damaged,85.4,6.3,Yes,12,Reject
Meat,26.3,72,2,Good,54.9,5,No,11,Caution
Grains,27.2,67,34,Damaged,32,3.4,No,19,Reject
Dairy,14.6,64,57,Good,58.5,3.9,Yes,12,Caution
Grains,29.6,56,43,Good,45.6,6.2,No,5,Caution
Fruits,24.7,47,48,Good,31.4,3.9,No,20,Reject
Meat,7.1,75,12,Damaged,89.7,4.8,Yes,9,Caution
Meat,7,40,43,Average,20.9,6.8,Yes,23,Caution
Meat,14.7,59,19,Good,53.7,4,Yes,5,Caution
Vegetables,30.7,64,53,Good,31,3.4,No,24,Reject
Dairy,14.7,63,1,Damaged,78.5,4.4,Yes,22,Caution
Dairy,0.4,93,42,Good,26,4.2,Yes,4,Caution
Grains,27,95,46,Good,47.6,6.9,No,22,Reject
Vegetables,29.2,43,3,Good,48.7,6.3,Yes,3,Safe
Meat,31.3,57,21,Damaged,52.2,6.4,No,8,Reject
Grains,0.5,72,47,Average,68.9,4.4,No,8,Caution
Fruits,17.6,45,9,Average,42.6,6,Yes,1,Caution
Vegetables,9.2,74,54,Good,33.8,4.4,No,5,Caution
Grains,12.3,43,9,Good,39.1,6.7,No,19,Caution
Grains,9.5,66,60,Average,11.8,5.7,No,11,Caution
Vegetables,18.2,83,55,Average,37.2,6.4,No,2,Reject
Vegetables,24.5,66,53,Average,55,3.5,Yes,10,Caution
Meat,28,43,53,Average,10.5,4.2,Yes,13,Reject
Meat,14,43,28,Good,60.8,3.5,Yes,17,Caution
Meat,24.3,62,17,Good,17.4,3.8,Yes,16,Caution
Dairy,32.1,83,2,Damaged,43.3,7,Yes,1,Caution
Vegetables,7.5,75,53,Average,35.7,5.1,Yes,16,Caution
Dairy,12.8,81,39,Good,17.6,4.6,No,22,Reject
Vegetables,10.1,74,59,Good,73.1,4,No,3,Caution
Vegetables,26.2,81,35,Good,85.7,7,Yes,22,Caution
Dairy,2.2,71,9,Good,50.6,4.9,Yes,12,Safe
Meat,31.2,49,30,Damaged,83.8,5.3,Yes,17,Reject
Vegetables,18.5,89,4,Average,81.2,6.3,Yes,8,Caution
Meat,29.2,47,51,Average,48.1,6.3,No,22,Reject
Grains,26.6,46,32,Good,43.1,6.2,No,20,Caution
Dairy,14.8,67,24,Good,59,6.7,No,5,Caution
Fruits,32.9,90,47,Damaged,85.5,6.7,Yes,19,Reject
Dairy,2.5,60,50,Good,64.1,5.7,No,15,Caution
Dairy,9.2,43,35,Average,28.4,5.3,Yes,24,Caution
Fruits,14.7,66,10,Damaged,61,5.7,No,9,Reject
Fruits,20.3,67,32,Good,70.7,4.8,No,6,Reject
Dairy,15.5,58,60,Average,63.9,4.2,Yes,10,Caution
Fruits,24.6,49,57,Good,24.4,6.4,Yes,16,Caution
Fruits,8.6,75,20,Damaged,53.5,3.6,Yes,17,Reject
Vegetables,7.1,60,25,Good,88.2,7.1,Yes,23,Caution
Dairy,9.8,63,42,Damaged,43.5,5.6,Yes,23,Reject
Grains,12.8,68,31,Good,41.6,5.6,No,8,Caution
Dairy,11.5,53,47,Average,55.9,5.4,No,19,Reject
Vegetables,9.8,95,13,Damaged,85.9,4.7,Yes,9,Caution
Dairy,25.1,44,37,Good,37.4,3.3,No,4,Reject
Dairy,31.3,53,19,Average,22,7.1,Yes,21,Reject
Grains,26.4,49,59,Good,28.6,5.9,No,2,Caution
Grains,33.1,74,20,Average,35.6,5.1,No,6,Caution
Grains,30.9,48,35,Average,82.1,7,No,7,Caution
Meat,10.9,64,31,Good,80.7,3.9,Yes,22,Caution
Grains,6.6,78,55,Good,64.5,3.2,No,20,Caution
Fruits,3.9,80,52,Average,80.3,4.1,Yes,16,Caution
Dairy,16,49,47,Good,14.8,4.2,Yes,8,Caution
Grains,0,47,38,Good,29.5,3.2,No,3,Safe
Meat,5.6,84,20,Good,63.1,6.8,No,7,Caution
Meat,34.5,69,35,Good,14.4,5.9,No,14,Reject
Vegetables,28.4,67,53,Good,45.5,6.2,Yes,22,Caution
Dairy,1,64,40,Good,58.7,3.6,No,14,Caution
Grains,28.5,48,34,Average,62.1,4.4,No,1,Caution
Fruits,22.1,87,3,Good,29.5,3.2,No,19,Reject
Grains,4.3,89,39,Good,14.4,6.3,No,16,Caution
Vegetables,12.6,65,43,Damaged,43,5.6,Yes,10,Caution
Meat,27.7,85,24,Average,13.1,4.8,Yes,22,Reject
Fruits,7.8,46,48,Good,30.3,4.8,Yes,7,Safe
Grains,14,78,37,Damaged,54.8,3.6,No,1,Caution
Meat,14.2,69,3,Good,61.5,3.2,Yes,7,Safe
Grains,12.6,82,30,Good,8.3,7,No,2,Caution
Grains,5,78,38,Good,75.7,5.2,No,21,Caution
Vegetables,9.5,66,50,Good,45.3,6.3,Yes,3,Caution
Dairy,6,80,9,Good,30,3.7,Yes,21,Safe
Fruits,30.6,74,21,Damaged,11.2,5,Yes,18,Reject
Vegetables,3.4,58,46,Damaged,50.4,4.9,Yes,16,Caution
Meat,20.7,48,56,Damaged,83,3.5,Yes,6,Reject
Dairy,29.3,81,57,Good,59.7,5.4,Yes,14,Caution
Grains,26.1,93,31,Good,12.4,6.4,No,3,Caution
Grains,2.2,58,22,Good,35.2,5.1,No,16,Caution
Meat,3.1,52,60,Good,10.8,5.8,Yes,13,Caution
Fruits,13.4,92,22,Good,70.1,4.1,No,10,Reject
Fruits,5.5,79,8,Good,53.1,4.2,No,20,Caution
Meat,7.8,65,53,Damaged,13.5,5.4,No,2,Reject
Grains,20.7,54,28,Good,16.6,5.3,No,3,Caution
Dairy,5.4,57,27,Average,67.5,5.4,Yes,12,Caution
Vegetables,23.6,84,9,Good,40.8,5.4,Yes,2,Caution
Dairy,2.9,87,38,Average,87.9,5.1,Yes,23,Caution
Meat,32,86,21,Good,9.8,5.5,No,7,Reject
Vegetables,4.8,89,31,Good,65.7,4.1,Yes,12,Caution
Dairy,34.5,83,27,Average,42.9,3.5,Yes,20,Reject
Vegetables,25.1,63,43,Good,57.3,3.9,Yes,8,Caution
Vegetables,5,89,36,Good,79.5,6.4,Yes,12,Caution
Vegetables,10.8,82,47,Good,11,4.3,No,1,Caution
Fruits,15.9,94,7,Good,73.8,6.8,Yes,22,Caution
Meat,1.2,76,30,Good,18.8,3.4,Yes,23,Caution
Meat,7.2,83,15,Good,69.7,6,Yes,19,Safe
Fruits,0.8,48,58,Good,13,5.5,Yes,14,Caution
Dairy,3.2,67,52,Damaged,51.5,3.3,No,17,Reject
Dairy,14.3,57,2,Average,50,4.4,Yes,24,Caution
Dairy,34.5,74,22,Good,88.5,4.9,Yes,5,Caution
Vegetables,24.7,78,20,Damaged,63,4.1,No,15,Reject
Meat,22.5,67,40,Average,80.4,4.6,Yes,9,Caution
Fruits,25.4,53,1,Good,57.3,3.6,Yes,8,Safe
Vegetables,10.2,57,24,Average,58.3,4.1,No,3,Reject
Fruits,26.3,80,13,Good,9.8,7.1,Yes,1,Caution
Fruits,13.4,83,19,Good,59.3,4.9,No,8,Caution
Vegetables,29.5,86,12,Good,85.1,6.7,No,11,Reject
Meat,29.4,40,21,Good,18.8,4.5,Yes,11,Caution
Dairy,10.7,46,17,Average,10.2,3.8,No,15,Reject
Dairy,15.5,54,41,Good,43.5,6.1,Yes,20,Caution
Fruits,2.7,48,39,Good,84.7,6.3,Yes,23,Caution
Meat,31.6,64,17,Good,33.2,6.2,Yes,18,Caution
Fruits,33.3,92,30,Damaged,25,6,No,17,Reject
Fruits,0.5,50,7,Damaged,23,4.4,Yes,15,Caution
Fruits,16.7,79,37,Good,56.4,5,No,18,Reject
Dairy,30.5,66,34,Average,85.8,5.5,Yes,16,Reject
Meat,32,66,56,Good,55.5,3.4,Yes,8,Caution
Fruits,15.9,57,49,Average,75.6,5.6,Yes,7,Caution
Meat,2,41,43,Good,54.9,3.6,No,13,Caution
Fruits,2.8,80,48,Good,48.3,3.9,Yes,24,Caution
Grains,4.8,59,14,Good,61.9,7.1,No,6,Safe
Meat,30.7,62,13,Average,45,3.3,Yes,4,Caution
Grains,2.8,41,26,Damaged,79.5,4.4,No,2,Caution
Dairy,9,66,21,Damaged,47.7,5.9,Yes,17,Reject
Meat,16.9,95,39,Good,28.8,6,Yes,18,Reject
Grains,33.2,52,15,Average,76.4,4.1,No,10,Caution
Meat,14,81,20,Damaged,69.6,6,No,24,Reject
Fruits,30.9,91,47,Average,86.9,3.7,No,3,Reject
Dairy,13.5,62,40,Good,28.1,5.2,No,2,Caution
Fruits,20.8,50,39,Average,67.7,5.5,Yes,17,Reject
Dairy,22.4,53,47,Good,29.6,3.8,Yes,21,Caution
Fruits,16.3,73,27,Damaged,48.5,3.6,No,10,Reject
Meat,12,58,5,Average,88.4,3.3,No,9,Caution
Grains,24.1,42,12,Good,61.6,4,No,8,Caution
Vegetables,11.3,87,29,Good,58.6,3.6,No,6,Reject
Dairy,11.7,76,55,Damaged,79.6,3.3,Yes,24,Reject
Meat,23.9,82,31,Good,75,3.6,No,7,Reject
Meat,34.7,78,48,Good,49.8,4,Yes,19,Caution
Fruits,4.6,67,59,Damaged,25.3,3.4,Yes,10,Caution
Meat,33.5,93,21,Damaged,59.2,4.7,No,23,Reject
Vegetables,30,84,60,Good,38.4,4,No,5,Reject
Fruits,12.7,83,9,Good,29,6.9,No,13,Caution
Grains,12,76,29,Good,43.9,4,No,9,Caution
Fruits,31.2,94,28,Good,72.4,4.8,Yes,22,Reject
Meat,17,83,52,Good,39.3,4,No,17,Reject
Grains,34.7,94,1,Good,36.8,3.4,No,8,Caution
Fruits,26.3,72,57,Damaged,66.7,5.2,No,22,Reject
Vegetables,11.5,90,51,Good,24.4,6.4,Yes,18,Caution
Grains,8.1,48,31,Good,56.5,6.2,No,3,Caution
Vegetables,32.3,75,35,Good,23.9,7,Yes,11,Caution
Dairy,8.5,43,39,Average,66.9,4.5,Yes,5,Caution
Fruits,15.7,50,24,Average,50.5,6.8,No,11,Reject
Vegetables,17.4,78,33,Good,58.3,7.1,Yes,17,Caution
Fruits,28.2,40,17,Good,80,7,Yes,12,Caution
Dairy,30.4,50,59,Good,58.5,4.3,Yes,2,Caution
Grains,24.5,41,59,Damaged,50.9,4.6,No,18,Reject
Grains,27.4,90,40,Good,13,6.9,No,23,Reject
Meat,21.7,65,16,Good,57.4,4.5,Yes,12,Caution
Dairy,33.2,54,2,Good,88,4.5,No,7,Caution
Dairy,11.5,73,44,Good,62.1,3.3,Yes,1,Caution
Dairy,5.8,40,28,Good,8.9,4.6,Yes,7,Safe
Vegetables,30.7,86,24,Good,24.1,3.8,Yes,17,Reject
Grains,9.1,62,53,Good,25.8,3.9,No,24,Caution
Vegetables,7.6,76,40,Good,26.9,5.4,Yes,3,Safe
Vegetables,18.4,88,29,Good,36.9,5.9,Yes,10,Caution
Grains,2.4,81,3,Average,25.3,6.8,No,10,Safe
Fruits,13.7,80,38,Good,66.7,5.1,Yes,19,Caution
Dairy,3,62,30,Average,77.4,4.9,Yes,7,Caution
Dairy,14.9,87,59,Average,9.9,6.9,No,6,Reject
Dairy,19.5,70,60,Good,66.3,6,No,11,Reject
Dairy,13.4,59,4,Damaged,89,7.2,Yes,10,Caution
Meat,0.7,52,14,Good,54.5,6.2,Yes,14,Safe
Vegetables,12.8,89,45,Good,9.4,6.7,Yes,21,Caution
Grains,18.1,41,31,Good,76.9,7.1,No,11,Caution
Fruits,12.2,41,24,Good,40.8,5.8,No,12,Reject
Dairy,27.8,90,48,Average,82.9,3.8,Yes,4,Reject
Grains,2.4,92,42,Good,76.2,4,No,7,Caution
Vegetables,29.9,52,41,Damaged,27.3,6,Yes,24,Reject
Fruits,30.7,71,50,Good,69.4,4.9,Yes,24,Caution
Meat,27.4,48,34,Damaged,27.4,3.3,No,9,Reject
Grains,7.5,89,11,Good,81.2,6.5,No,7,Safe
Vegetables,8.8,89,38,Damaged,45.8,4.4,No,9,Reject
Meat,15.2,66,11,Good,72.7,4.7,Yes,16,Caution
Vegetables,29.8,43,33,Good,76.8,3.2,No,23,Reject
Meat,3.3,72,16,Average,71.1,3.9,No,3,Caution
Meat,0.5,90,41,Good,67,3.4,Yes,22,Caution
Dairy,10.7,62,23,Good,25.1,6.1,Yes,4,Caution
Dairy,3.1,79,46,Average,58.8,3.8,No,14,Reject
Grains,28.2,88,28,Good,45.8,6,No,2,Caution
Fruits,22.2,75,27,Good,28.3,5.4,Yes,9,Caution
Dairy,28.3,46,35,Good,10.6,5.6,No,18,Reject
Vegetables,28,89,4,Good,20,7,Yes,18,Caution
Grains,4.6,81,34,Good,73.8,4.9,No,4,Safe
Meat,4.7,60,11,Good,38.8,4.8,Yes,8,Safe
Grains,31.9,50,2,Damaged,43.9,5.2,No,14,Caution
Grains,5.5,81,41,Average,47.2,4.7,No,7,Caution
Grains,5.7,86,17,Damaged,28.2,4.9,No,23,Reject
Grains,11.2,48,11,Good,79.7,4,No,18,Caution
Fruits,1.4,79,4,Damaged,15.7,5.2,Yes,4,Safe
Vegetables,5.6,93,16,Good,65.4,6.6,Yes,10,Caution
Grains,26.6,74,28,Damaged,83.4,6,No,6,Reject
Dairy,27.4,46,23,Good,63.9,3.4,Yes,22,Caution
Meat,9.2,81,45,Good,8.8,4.6,No,10,Caution
Meat,9.4,44,55,Good,63.6,4.6,Yes,6,Caution
Vegetables,27.8,80,13,Damaged,13.8,6,Yes,10,Caution
Vegetables,14.2,61,5,Damaged,58,4.3,Yes,1,Caution
Meat,25.5,68,29,Damaged,41.4,3.6,No,21,Reject
Dairy,22.8,63,22,Average,58.4,6.2,Yes,6,Caution
Dairy,9.6,70,1,Average,27.4,4.5,No,23,Caution
Grains,23.3,52,6,Damaged,27.3,5.9,No,8,Caution
Meat,17.7,68,57,Damaged,87,5.9,Yes,20,Reject
Fruits,23,83,36,Good,34.2,6.2,No,3,Reject
Meat,33.3,64,41,Good,71.9,3.4,Yes,22,Caution
Meat,2.1,94,39,Good,27.7,6.3,No,21,Reject
Meat,15.7,74,55,Average,27.3,6.6,Yes,1,Caution
Dairy,1.4,81,12,Average,41.6,5.6,No,14,Caution
Vegetables,1.1,56,28,Average,39.9,6.7,Yes,17,Caution
Grains,20.7,67,53,Good,83.3,6.3,No,12,Caution
Meat,10,75,49,Good,45.7,6.2,Yes,17,Caution
Grains,11.4,77,39,Average,11.9,6.1,No,7,Caution
Grains,21.5,82,59,Average,49.8,5.3,No,3,Caution
Fruits,6,86,39,Good,62.7,6.5,No,17,Reject
Vegetables,25.5,50,59,Good,60.3,4.1,No,4,Reject
Fruits,10.2,46,29,Good,44.8,3.9,No,13,Reject
Grains,8,67,4,Good,21.6,5,No,6,Safe
Meat,20.4,59,49,Good,62.1,6.6,No,3,Reject
Meat,20.9,58,27,Good,67.2,5.7,No,24,Reject
Vegetables,30.7,49,51,Good,12.1,7.1,Yes,19,Caution
Meat,33.6,67,11,Good,86.7,4.7,Yes,10,Caution
Fruits,25.1,52,47,Good,48.4,4.6,No,6,Reject
Meat,6.1,66,16,Good,88.4,3.5,No,17,Caution
Meat,15,55,25,Good,59.8,6.9,Yes,16,Caution
Vegetables,29.9,95,39,Damaged,71.2,5.9,No,14,Reject
Dairy,12.1,63,3,Good,62,6.1,No,14,Caution
Fruits,19.5,47,25,Good,10.9,6.4,No,20,Reject
Grains,32.3,59,59,Good,80.2,5.4,No,17,Caution
Dairy,25.7,85,11,Good,48.6,6.8,Yes,9,Caution
Vegetables,14.9,41,43,Good,57.3,5.1,Yes,17,Caution
Meat,9.7,79,7,Damaged,89.2,5.7,Yes,16,Caution
Meat,9.3,95,5,Good,24.6,4.4,Yes,20,Caution
Vegetables,34.8,62,7,Good,59.1,7.1,Yes,20,Caution
Grains,33.2,80,7,Good,55.4,3.6,No,16,Caution
Fruits,14.3,94,60,Good,32.9,6.8,Yes,6,Caution
Meat,3.4,42,10,Damaged,56.2,6.8,Yes,16,Caution
Fruits,21.6,45,39,Damaged,8.4,5.3,No,8,Reject
Grains,30.4,57,44,Good,44.5,4.3,No,12,Caution
Meat,16.1,60,28,Average,15.2,3.6,Yes,14,Reject
Meat,16.9,85,45,Good,64.8,5.6,No,3,Reject
Grains,32,94,35,Good,28.1,5.4,No,12,Reject
Fruits,17.9,86,16,Good,49.8,5.4,No,8,Reject
Grains,12.1,60,47,Good,28.1,7.2,No,2,Caution
Meat,12.7,56,9,Good,86.5,6.8,Yes,2,Safe
Fruits,8.5,49,11,Good,38,3.6,Yes,18,Caution
Vegetables,18.3,42,39,Average,72.7,4.7,Yes,3,Caution
Dairy,17.1,47,29,Average,63.5,3.7,Yes,13,Reject
Meat,9.5,60,26,Good,18.2,5.1,Yes,7,Caution
Grains,25,40,18,Good,63.9,4.6,No,13,Caution
Dairy,27.4,62,28,Good,34.5,7.1,Yes,11,Caution
Dairy,25.8,44,48,Good,39.8,5.6,Yes,5,Caution
Fruits,31.3,50,13,Good,87.6,3.6,Yes,24,Caution
Fruits,19.1,59,31,Good,23.1,4.1,Yes,3,Caution
Meat,6.5,87,37,Average,77.3,7.1,Yes,14,Caution
Vegetables,20.5,47,57,Damaged,89.4,3.3,No,9,Reject
Fruits,31.7,93,32,Good,51,7.2,Yes,3,Caution
Grains,28.4,67,2,Good,36,5,No,8,Safe
Vegetables,17.9,43,31,Good,66.9,6.3,Yes,11,Caution
Grains,2.6,60,56,Average,17.4,6.6,No,10,Caution
Vegetables,32.8,62,48,Good,10.1,4.2,No,7,Reject
Meat,33.7,69,25,Average,54.7,4.8,Yes,1,Caution
Fruits,25.1,49,13,Damaged,70.9,4.7,Yes,21,Reject
Vegetables,21.5,65,28,Good,50.6,7.1,Yes,16,Caution
Vegetables,5.7,49,42,Damaged,71.2,5.7,Yes,12,Caution
Dairy,19.6,51,47,Good,68.9,3.6,No,7,Reject
Grains,16,50,50,Good,75.7,4.3,No,22,Caution
Fruits,19.1,89,30,Damaged,9.9,4.9,Yes,8,Reject
Fruits,12.8,91,25,Good,29.8,4.5,No,9,Reject
Grains,15.4,46,58,Good,46.1,3.5,No,24,Caution
Dairy,15.5,55,38,Good,42.5,3.2,No,7,Reject
Fruits,32.4,88,52,Good,70.5,5.4,Yes,2,Caution
Vegetables,4.4,94,27,Good,82.2,6.1,Yes,13,Caution
Vegetables,10.5,57,26,Damaged,41.7,6.8,No,22,Reject
Fruits,10.7,91,12,Good,58.7,4.3,No,10,Caution
Grains,9.6,78,40,Good,74,5.8,No,8,Caution
Vegetables,28.1,69,55,Good,72.5,6.6,Yes,11,Caution
Vegetables,4.5,44,49,Good,8.1,4.6,No,21,Caution
Fruits,10.4,45,38,Damaged,82.1,5,Yes,1,Caution
Fruits,24.3,45,6,Average,57.4,6.9,No,7,Caution
Grains,28.7,74,59,Average,83.8,7,No,8,Caution
Grains,27.8,43,41,Damaged,62.4,4.3,No,18,Reject
Grains,30.1,84,12,Damaged,26.5,4.6,No,16,Reject
Dairy,20.2,90,39,Good,63.4,6.9,No,5,Reject
Grains,5.5,45,22,Good,73.6,6.4,No,5,Safe
Dairy,2.3,90,60,Good,9.8,3.8,No,11,Reject
Meat,9.3,94,24,Good,32.1,6.4,Yes,13,Caution
Fruits,33.9,93,41,Good,32.7,6.6,Yes,16,Reject
Fruits,6.1,43,6,Good,53.4,5.7,Yes,2,Safe
Vegetables,0.9,94,49,Damaged,87.7,3.6,Yes,12,Reject
Dairy,14.7,90,22,Good,55,6.9,Yes,13,Caution
Dairy,26.4,81,31,Average,15.4,5.7,Yes,3,Caution
Meat,29.2,61,52,Good,45.1,4.5,No,24,Reject
Dairy,8.9,45,34,Average,56.5,4.7,No,8,Reject
Vegetables,16.8,72,37,Good,67.5,4.6,Yes,22,Caution
Dairy,8,56,48,Damaged,64.7,4,Yes,19,Caution
Fruits,18.3,54,24,Good,8.6,5.6,Yes,18,Caution
Dairy,32.4,56,47,Good,34.3,5.5,Yes,19,Caution
Vegetables,29.1,79,46,Damaged,55.5,5.9,Yes,8,Reject
Fruits,10.8,67,50,Damaged,38.7,3.7,Yes,22,Reject
Meat,21.4,77,56,Damaged,48,4.8,Yes,8,Reject
Meat,29.7,58,14,Good,39.8,4.5,Yes,15,Caution
Meat,1.4,48,44,Damaged,10.2,5.7,Yes,8,Caution
Vegetables,34.4,71,15,Good,39.3,5.5,Yes,4,Caution
Meat,10.7,78,15,Average,50.5,5.1,Yes,2,Caution
Fruits,9.9,61,11,Average,75.6,6.9,Yes,4,Caution
Vegetables,34.2,78,17,Good,78.5,4.5,Yes,14,Caution
Meat,31.9,62,11,Damaged,71.2,4.9,Yes,5,Caution
Fruits,25.1,65,49,Good,86.1,5.3,Yes,21,Caution
Dairy,23.7,86,56,Good,33.3,4,Yes,17,Reject
Vegetables,30.4,67,33,Average,24.2,5.2,Yes,9,Caution
Dairy,16.6,69,25,Average,34,6.8,Yes,2,Caution
Fruits,25.7,61,42,Good,75.5,6.4,No,14,Reject
Dairy,9,62,9,Average,35,5.7,No,21,Reject
Grains,9.7,54,41,Good,9.9,5.6,No,15,Caution
Grains,20.5,72,26,Average,62.6,7,No,18,Reject
Vegetables,27,91,49,Average,81.5,5.1,Yes,20,Reject
Dairy,30,78,24,Good,9.9,3.7,No,3,Reject
Grains,16.6,77,17,Good,48.1,6,No,1,Caution
Grains,31.6,88,52,Good,53.4,7.1,No,9,Caution
Meat,12.9,93,10,Good,79.4,5,Yes,7,Caution
Dairy,18.7,54,25,Good,87.1,6.8,No,10,Reject
Grains,12.5,83,60,Average,25.4,3.6,No,4,Caution
Vegetables,34.3,66,20,Good,49.7,4.6,Yes,3,Caution
Grains,34.1,41,59,Good,72.8,4.1,No,2,Caution
Dairy,27.9,85,1,Average,50.8,7.1,No,5,Caution
Grains,34.6,44,28,Good,12.5,7.1,No,8,Caution
Meat,13,69,4,Good,11.2,4.1,Yes,20,Safe
Fruits,22.7,68,23,Good,28.3,6.8,No,6,Reject
Vegetables,20.4,46,7,Good,48.2,3.9,Yes,20,Caution
Meat,20.6,86,55,Damaged,31.8,6.6,Yes,11,Reject
Meat,35,53,9,Good,27.4,4.9,Yes,14,Caution
Grains,4.2,51,13,Average,12.2,6.2,No,1,Safe
Dairy,1.1,79,8,Damaged,23.6,3.7,Yes,2,Caution
Dairy,0.8,65,9,Average,84.5,6.2,Yes,2,Safe
Fruits,23,66,52,Damaged,37.6,5.9,Yes,4,Reject
Meat,29.4,58,15,Good,87.3,3.8,No,6,Caution
Meat,30.3,54,15,Average,17.3,5.7,Yes,13,Caution
Grains,14.8,40,3,Good,21.4,7,No,18,Safe
Vegetables,26.4,45,33,Average,58.1,5.1,Yes,4,Caution
Grains,3.4,85,29,Good,10.6,6.6,No,17,Caution
Grains,12.8,83,23,Good,59.5,6.2,No,1,Caution
Dairy,1.4,56,39,Average,79.4,5.8,Yes,16,Caution
Meat,31,68,39,Good,9.9,6.3,Yes,21,Caution
Fruits,27.8,79,49,Good,68.7,6,No,18,Reject
Grains,16.7,94,27,Good,75.9,6.3,No,21,Reject
Grains,29.2,69,15,Good,46.3,4.7,No,16,Caution
Fruits,30.8,66,7,Good,57.5,4.3,Yes,3,Safe
Fruits,14.6,54,46,Good,82.2,5.7,Yes,4,Caution
Vegetables,6.9,81,10,Good,87.3,3.3,No,11,Caution
Fruits,23,73,2,Good,15,5.4,Yes,3,Safe
Meat,1,68,50,Average,77,3.9,No,7,Caution
Fruits,0.2,91,28,Good,18.3,5.4,Yes,9,Caution
Dairy,6,42,5,Good,56.9,5.3,Yes,20,Safe
Fruits,27.6,85,57,Good,87.3,5.5,No,6,Reject
Meat,5.1,44,60,Damaged,87.6,6.7,No,14,Reject
Dairy,26.5,45,15,Good,86.7,6.2,Yes,18,Caution
Vegetables,2.5,69,40,Average,39.6,4,No,4,Caution
Meat,1.7,82,49,Good,18.3,5.7,Yes,17,Caution
Meat,25.7,73,48,Good,88.1,5,No,1,Reject
Vegetables,17,42,16,Good,51.1,5.1,Yes,21,Caution
Fruits,22.7,44,36,Average,66.9,4.2,Yes,2,Caution
Vegetables,21,71,32,Good,82.2,3.9,Yes,23,Caution
Dairy,31.6,55,22,Good,64.3,4.1,Yes,14,Caution
Meat,33.5,61,49,Good,22.1,5.3,Yes,6,Caution
Dairy,19.5,75,41,Good,60.1,6,Yes,1,Caution
Fruits,14.3,51,3,Good,29,4.9,Yes,10,Safe
Dairy,30.6,74,58,Good,77.4,4.8,No,15,Reject
Dairy,24.3,48,56,Good,25,4.1,No,7,Reject
Vegetables,11.2,81,5,Good,8.3,4.8,Yes,21,Safe
Grains,0.3,75,7,Good,45.9,6.1,No,6,Safe
Dairy,5,50,50,Good,46.4,5.4,Yes,5,Safe
Grains,31,65,42,Good,27.2,5.7,No,3,Caution
Fruits,34,77,23,Good,24.8,5.7,Yes,15,Caution
Fruits,23.3,44,10,Average,83.3,4.3,No,8,Reject
Meat,2.3,79,38,Average,79.1,6.9,Yes,18,Caution
Fruits,24.2,50,37,Average,75.1,5.5,Yes,17,Reject
Grains,7.9,83,30,Good,27.8,5.8,No,19,Caution
Dairy,22.7,46,49,Damaged,43.4,5.8,Yes,22,Reject
Meat,15.1,41,38,Damaged,89.5,7,No,14,Reject
Dairy,24.9,40,20,Good,52.8,6.6,No,14,Reject
Fruits,2.4,71,19,Average,27.2,6.5,Yes,12,Caution
Dairy,14.6,81,14,Good,26.1,7.1,Yes,10,Safe
Meat,10.9,88,21,Average,80,4.5,No,11,Reject
Grains,19,68,16,Good,47.1,3.3,No,13,Caution
Fruits,27.9,94,37,Good,18.7,4.3,No,3,Reject
Fruits,26.8,61,52,Damaged,23.2,4.7,Yes,20,Reject
Dairy,12.9,52,18,Damaged,65.5,5.3,Yes,21,Reject
Fruits,32.6,40,60,Good,38.3,5.8,No,15,Reject
Fruits,25.3,87,23,Good,35.7,3.5,Yes,18,Reject
Dairy,27.6,53,10,Good,80.7,6.2,No,19,Reject
Dairy,2.3,53,15,Average,66.2,6.7,Yes,23,Caution
Fruits,27.6,74,43,Damaged,47,6.5,Yes,20,Reject
Vegetables,27.7,61,29,Good,25.2,5,No,8,Reject
Fruits,23,56,23,Good,72,6.8,Yes,10,Caution
Meat,14.6,90,39,Good,8.2,3.5,Yes,24,Caution
Dairy,21.4,51,58,Good,68.9,4.8,Yes,9,Caution
Meat,11.2,66,56,Good,11.3,6,No,24,Reject
Fruits,23.7,53,3,Good,8.3,5.3,Yes,11,Caution
Meat,10,42,15,Damaged,25.7,5.6,Yes,8,Caution
Fruits,7.7,78,27,Good,26.5,5.3,Yes,10,Safe
Grains,5.4,85,52,Average,36.3,5.4,No,20,Caution
Vegetables,8,57,2,Good,32.1,7.1,Yes,15,Safe
Grains,21.6,65,56,Average,10.9,4,No,12,Reject
Grains,22.1,84,13,Good,11.3,3.6,No,7,Caution
Fruits,31.6,79,60,Damaged,28.8,3.5,No,9,Reject
Vegetables,18.7,87,8,Good,10.3,4.4,Yes,8,Caution
Vegetables,9.5,89,5,Average,61.6,4.8,Yes,9,Caution
Dairy,18.2,87,23,Good,35.2,6.7,Yes,13,Reject
Vegetables,18.2,45,33,Good,69.1,5.2,No,4,Reject
Meat,19.2,87,30,Good,21.2,7,Yes,17,Reject
Grains,14.1,44,17,Damaged,64.6,5.3,No,9,Caution
Grains,4.3,80,45,Good,23.3,6.6,No,16,Caution
Meat,27.9,60,10,Good,16.7,7.1,Yes,8,Caution
Meat,34.7,69,27,Average,14.2,5.1,Yes,15,Reject
Fruits,0.2,43,35,Average,41.9,3.4,No,23,Reject
Meat,12.8,62,11,Good,85.1,3.5,Yes,5,Safe
Dairy,8.4,75,31,Average,65.1,3.7,No,9,Reject
Grains,16.8,54,12,Good,16.7,4.2,No,1,Caution
Vegetables,34.3,63,51,Average,75.9,4,Yes,10,Caution
Grains,13.5,62,48,Good,83.8,5,No,9,Caution
Dairy,4.5,83,50,Good,40.3,5.4,Yes,18,Caution
Grains,26.1,94,35,Good,56.4,4.1,No,16,Reject
Fruits,28.3,90,25,Average,43.3,5.5,No,22,Reject
Vegetables,28.1,53,7,Good,50.4,3.4,Yes,14,Caution
Dairy,12.7,73,33,Damaged,15,5.9,No,10,Reject
Fruits,5.1,70,17,Average,53.3,3.9,Yes,19,Caution
Dairy,5.8,41,47,Average,89.1,5.1,No,19,Reject
Fruits,27,71,59,Average,18.3,4.7,No,4,Reject
Grains,30.6,40,29,Average,77.3,3.3,No,24,Reject
Dairy,31.7,68,46,Average,81.8,4.7,No,17,Reject
Grains,17,88,28,Damaged,81.7,6.9,No,22,Reject
Grains,23.9,92,34,Damaged,21.6,3.5,No,7,Reject
Meat,13.2,73,9,Good,56,5.5,No,20,Caution
Meat,31,67,3,Good,72,6.1,Yes,17,Caution
Fruits,29.3,43,13,Good,77,6.6,Yes,1,Caution
Fruits,9.5,83,40,Average,22.4,5,Yes,16,Caution
Grains,10.8,62,57,Good,51.4,5.8,No,21,Caution
Dairy,32.2,65,47,Average,25.4,6,Yes,14,Reject
Vegetables,6,85,19,Good,36.1,5.5,Yes,18,Caution
Dairy,22.5,53,7,Good,87.7,6.9,Yes,8,Safe
Dairy,34,88,25,Average,50,6.3,Yes,14,Reject
Fruits,15.1,75,28,Average,89.8,3.8,No,24,Reject
Grains,7.9,52,53,Good,43.3,5.2,No,13,Caution
Meat,8.3,58,36,Good,74.9,3.2,Yes,10,Caution
Vegetables,5,65,27,Good,23.5,4.5,No,1,Caution
Vegetables,19.7,68,39,Average,43.7,5,Yes,13,Reject
Grains,24.3,82,32,Good,28.5,7.2,No,18,Caution
Meat,0.7,86,38,Good,12.4,5.9,No,22,Reject
Fruits,0.8,54,35,Good,23,5.2,Yes,5,Safe
Vegetables,16,92,1,Average,68.6,3.3,Yes,4,Caution
Fruits,33.7,56,20,Average,55.9,6.1,No,16,Reject
Fruits,10.1,88,21,Damaged,71.6,4.4,Yes,3,Reject
Meat,19.4,82,57,Average,74.4,6.6,Yes,21,Reject
Fruits,1.8,87,60,Good,49.7,6.1,Yes,2,Caution
Vegetables,25.9,90,60,Average,35,5.7,Yes,1,Reject
Grains,24.3,47,46,Average,78.3,6.4,No,16,Reject
Dairy,30.2,47,32,Damaged,63.2,4.3,No,21,Reject
Dairy,29.5,74,58,Good,75.9,7.2,Yes,9,Caution
Fruits,31,85,15,Average,75,7.1,Yes,2,Caution
Grains,13.6,59,26,Damaged,33.8,6.7,No,16,Reject
Grains,29.3,51,37,Average,72.1,3.9,No,21,Reject
Fruits,32.7,44,22,Good,8.3,6.7,Yes,21,Caution
Grains,12.8,71,4,Damaged,68.7,6.3,No,18,Caution
Meat,26,47,13,Good,21,4.1,Yes,21,Caution
Vegetables,4.9,69,45,Good,27.9,6.7,Yes,3,Safe
Fruits,26,72,40,Good,82,3.8,Yes,23,Caution
Grains,16.5,71,29,Damaged,18.3,5.7,No,1,Reject
Fruits,12.6,85,51,Average,84.2,6.5,No,1,Reject
Fruits,24.6,86,26,Average,46.5,4.7,Yes,17,Reject
Meat,27.6,87,3,Good,8.3,7.2,Yes,2,Caution
Meat,1.8,50,48,Damaged,29.3,5.7,Yes,24,Caution
Meat,13.7,89,20,Average,68.6,3.5,Yes,18,Reject
Meat,34.5,51,15,Good,23.7,5.6,Yes,11,Caution
Grains,31.1,46,36,Good,64.3,3.6,No,2,Caution
Dairy,2.6,89,18,Damaged,74.1,5.5,Yes,17,Reject
Grains,0.6,60,42,Damaged,86.8,4.3,No,24,Caution
Fruits,16.7,67,58,Average,16.1,4.3,Yes,5,Caution
Fruits,34.4,47,48,Average,26.3,5,Yes,5,Caution
Meat,16.1,57,23,Good,10.3,5.6,Yes,14,Caution
Meat,11.3,88,19,Good,31.3,6.2,No,7,Reject
Meat,31,67,52,Good,17.5,4.4,No,23,Reject
Vegetables,0.5,90,27,Good,86.3,6.3,Yes,6,Caution
Vegetables,6.4,92,14,Average,13.2,6.4,No,6,Caution
Fruits,7.8,43,36,Good,20,4.9,Yes,24,Caution
Vegetables,23.5,63,51,Good,58.5,6.2,Yes,1,Caution
Dairy,17.6,52,9,Good,83.4,4.6,Yes,1,Caution
Grains,1.5,51,36,Good,71.8,7.1,No,3,Safe
Fruits,21.5,68,13,Average,75.8,5.6,No,17,Reject
Grains,8,82,35,Damaged,84.4,6.9,No,12,Caution
Grains,9,50,8,Good,40.9,4.7,No,21,Caution
Fruits,20.1,81,21,Good,88.9,3.7,Yes,19,Caution
Dairy,21.2,48,29,Good,37.5,6.3,Yes,3,Caution
Dairy,2.5,66,36,Good,27.2,4.3,No,20,Caution
Grains,23.4,67,20,Average,15.5,7,No,11,Reject
Grains,27.1,80,44,Good,80.6,4.3,No,16,Caution
Grains,23,66,28,Good,74.3,3.5,No,1,Caution
Dairy,32.6,93,32,Average,42.1,3.8,Yes,15,Reject
Grains,24.6,43,55,Good,36.3,3.5,No,18,Caution
Fruits,34,67,47,Average,24.4,6.7,Yes,24,Reject
Fruits,15.1,93,59,Average,23.9,4.7,Yes,19,Reject
Grains,25.5,52,52,Good,27.3,3.8,No,3,Caution
Dairy,23.1,53,41,Good,20.2,6.4,Yes,18,Caution
Grains,29.9,49,45,Average,89.9,5.7,No,6,Caution
Dairy,14.6,44,50,Good,29.3,3.9,Yes,9,Caution
Dairy,15.5,92,2,Good,44,6.3,Yes,24,Caution
Grains,23.1,56,5,Damaged,34.5,7,No,4,Caution
Meat,8.8,83,17,Good,83.3,4.5,Yes,8,Caution
Vegetables,3.5,61,5,Good,71.8,6.6,Yes,12,Safe
Meat,34.4,77,54,Average,67.8,5.1,Yes,12,Reject
Meat,7.5,69,27,Average,17,6.7,Yes,1,Caution
Dairy,24.4,54,45,Good,62.3,6.2,Yes,10,Caution
Fruits,21.6,84,45,Damaged,11,3.7,Yes,13,Reject
Grains,14,75,20,Average,22.1,3.3,No,3,Caution
Vegetables,12.3,67,6,Average,8.6,4.4,No,3,Caution
Vegetables,3.1,46,42,Good,81.9,4.1,Yes,10,Safe
Grains,22.2,55,25,Good,89.4,6.2,No,15,Caution
Dairy,3,67,27,Good,89.1,5.2,Yes,14,Caution
Grains,13.2,92,57,Average,75,4.7,No,11,Reject
Vegetables,19.5,64,11,Good,78.6,3.6,Yes,10,Caution
Fruits,13.4,79,59,Average,89.9,4.7,Yes,24,Caution
Vegetables,15.4,54,9,Good,37.9,3.7,Yes,18,Caution
Meat,25,60,55,Good,64.5,3.7,Yes,1,Caution
Fruits,0.4,49,45,Good,88.3,4.3,Yes,12,Caution
Vegetables,5.3,61,36,Good,27.7,3.5,No,2,Caution
Grains,31.6,44,36,Good,25.2,4.3,No,23,Caution
Vegetables,12.4,83,60,Good,12.8,6.4,Yes,14,Caution
Grains,31.4,53,57,Good,9.2,5.1,No,1,Caution
Grains,0.2,55,17,Good,19.6,4.7,No,5,Safe
Dairy,18,76,33,Good,11.1,6.9,Yes,16,Caution
Dairy,2.4,63,50,Average,29.5,4.9,Yes,19,Caution
Vegetables,21,67,41,Good,9.3,5.8,No,7,Reject
Dairy,0.9,60,15,Good,85.9,5,Yes,13,Safe
Fruits,15.9,66,12,Good,32.2,6.9,No,15,Reject
Fruits,13.8,74,15,Average,86.9,7.1,Yes,2,Caution
Grains,26.4,67,48,Average,8.5,4.6,No,19,Reject
Grains,33.8,93,40,Average,60.8,3.4,No,2,Reject
Meat,2.6,40,11,Average,45.7,4,Yes,17,Caution
Vegetables,17.4,65,44,Good,83.4,5,Yes,23,Caution
Meat,30.6,67,40,Damaged,40.2,6.2,Yes,13,Reject
Vegetables,26.8,59,7,Good,57.3,3.2,No,16,Caution
Fruits,34.5,73,56,Good,47.9,3.6,Yes,14,Caution
Meat,19.2,85,8,Average,63.8,5.8,No,6,Reject
Dairy,20,51,31,Good,74.1,6.8,No,20,Reject
Vegetables,18.1,81,24,Damaged,24.4,5.1,No,6,Reject
Dairy,12.1,42,21,Good,33.5,5.7,Yes,21,Caution
Vegetables,32.3,78,31,Good,30,5.7,Yes,10,Caution
Fruits,28.7,62,25,Good,83.6,5.8,Yes,7,Caution
Grains,16.7,45,16,Good,80.2,5.8,No,10,Caution
Fruits,21.9,61,16,Good,86.1,6.7,Yes,5,Caution
Grains,14.2,51,15,Good,53.7,6.2,No,21,Caution
Fruits,10.2,52,22,Good,81.9,4.8,No,18,Reject
Grains,22.5,77,50,Damaged,84.3,3.4,No,11,Reject
Dairy,26.6,84,5,Good,37,4.8,Yes,13,Caution
Grains,22.9,74,14,Good,14.6,4,No,1,Caution
Dairy,25.8,57,44,Good,19.1,5.1,Yes,21,Caution
Fruits,7.9,46,47,Average,67.9,6.8,Yes,24,Caution
Vegetables,23.3,55,35,Average,9.3,5.9,Yes,23,Reject
Meat,13.2,54,3,Good,20,5.2,No,18,Caution
Grains,0.3,53,28,Damaged,42.2,4.7,No,13,Caution
Fruits,29.1,64,49,Good,28.6,6.8,Yes,18,Caution
Dairy,0.3,80,26,Good,48.9,6.3,Yes,10,Safe
Dairy,14.5,42,58,Good,56.5,6.8,No,20,Reject
Fruits,33.8,70,12,Good,52.1,6.3,Yes,16,Caution
Meat,4.7,68,47,Good,58.2,5.6,No,22,Caution
Dairy,13.8,43,30,Average,41.6,4.6,Yes,21,Caution
Grains,16.7,81,56,Average,68.7,4.3,No,16,Reject
Meat,6.6,77,44,Damaged,38.1,3.5,Yes,2,Caution
Meat,6.4,69,50,Good,71.5,7.1,Yes,5,Safe
Vegetables,8,81,48,Good,88.7,3.9,Yes,22,Caution
Grains,8.8,69,28,Average,59.7,6.6,No,2,Caution
Grains,21.1,60,55,Good,36.6,4.2,No,3,Caution
Fruits,15.9,88,4,Good,11.4,5.8,No,22,Reject
Dairy,9.8,64,38,Good,20.8,6.5,Yes,9,Caution
Grains,5.8,79,34,Good,23.6,5.8,No,1,Safe
Meat,9.6,77,42,Average,32,3.5,Yes,3,Caution
Grains,25.2,68,20,Damaged,79.2,3.5,No,1,Reject
Meat,5.9,63,23,Good,18.6,6.9,Yes,12,Caution
Fruits,20.9,56,28,Damaged,56.7,4.3,Yes,12,Reject
Meat,20.9,44,44,Damaged,30.6,6.2,Yes,2,Reject
Dairy,6.6,62,44,Good,33.2,6.6,Yes,3,Safe
Meat,12.3,70,54,Average,16.2,3.8,Yes,3,Caution
Meat,1.7,72,56,Damaged,41.9,4.2,Yes,14,Caution
Vegetables,11.9,84,11,Good,64.9,6.7,No,12,Caution
Vegetables,33.2,79,17,Damaged,25.9,4.3,No,6,Reject
Grains,10.2,85,56,Good,74.5,5.9,No,7,Caution
Fruits,17.4,57,60,Average,83,3.8,Yes,6,Caution
Dairy,27.2,92,4,Good,8.4,6.9,No,5,Caution
Vegetables,26.6,51,45,Good,26.2,5.1,Yes,18,Caution
Grains,15.2,56,46,Good,44.4,4.3,No,19,Caution
Fruits,25.2,74,35,Good,13.4,4.1,Yes,18,Caution
Meat,24.1,65,40,Good,67.1,6.7,Yes,3,Caution
Meat,28.9,46,26,Good,17.7,5.1,Yes,3,Caution
Dairy,11.4,46,4,Good,75.2,4.9,Yes,7,Safe
Dairy,21.7,52,58,Average,9.3,6.6,Yes,8,Caution
Meat,23.9,87,21,Damaged,38.8,6.4,No,3,Reject
Dairy,1,87,10,Damaged,24,6.7,Yes,23,Caution
Dairy,7.2,49,19,Damaged,61.4,4,Yes,23,Caution
Dairy,15.6,42,29,Average,46.6,4.6,Yes,3,Caution
Grains,4.6,86,57,Damaged,71.8,3.7,No,3,Caution
Grains,0.9,51,3,Damaged,61.4,6.8,No,11,Caution
Vegetables,12.7,42,6,Good,48.1,6.9,Yes,2,Safe
Vegetables,27.6,67,1,Good,33.4,6.5,No,23,Caution
Dairy,12.7,80,7,Good,26.3,3.6,Yes,8,Safe
Dairy,26.2,40,14,Average,35.9,3.8,No,14,Reject
Vegetables,6.2,90,30,Good,41.3,6.8,Yes,7,Caution
Fruits,19.8,86,18,Damaged,82.2,4.5,Yes,4,Reject
Vegetables,9.2,71,22,Good,53.7,3.5,No,5,Caution
Vegetables,25.6,83,14,Good,69.7,4.5,Yes,21,Caution
Grains,22.5,48,3,Good,84.1,3.9,No,18,Caution
Fruits,21.9,47,48,Damaged,62.4,5,Yes,23,Reject
Dairy,30.3,75,46,Damaged,50.5,7,No,10,Reject
Meat,12.6,41,50,Good,84.3,6.8,No,2,Caution
Vegetables,3.2,94,46,Average,27.2,6.8,No,16,Reject
Vegetables,25.3,83,60,Damaged,44.3,6.8,No,5,Reject
Vegetables,23.5,48,35,Average,48.1,4.3,Yes,19,Reject
Fruits,11.3,46,11,Average,29.5,4.6,Yes,21,Caution
Fruits,0.5,56,26,Good,24.7,6.9,Yes,9,Safe
Meat,30.6,76,31,Good,27,6.3,Yes,18,Caution
Dairy,34,60,24,Good,22.6,3.3,Yes,24,Caution
Grains,4.8,76,48,Good,83.2,6.9,No,4,Safe
Grains,6.5,49,36,Good,32,6.6,No,16,Caution
Dairy,11.8,47,19,Damaged,26.1,3.7,Yes,20,Reject
Grains,31.8,71,15,Average,40.6,6.7,No,6,Caution
Vegetables,29.3,65,33,Good,32.7,5.4,Yes,23,Caution
Meat,2.8,89,36,Good,67.4,3.3,No,14,Reject
Fruits,0.9,67,35,Good,45.1,4.2,No,19,Caution
Grains,12.3,44,13,Damaged,18.4,5.9,No,4,Caution
Grains,11.1,91,57,Good,59.4,4.5,No,5,Caution
Vegetables,28.7,87,10,Good,34.2,6.6,No,11,Reject
Fruits,26.6,46,9,Good,18.1,3.7,Yes,18,Caution
Grains,20.1,89,7,Good,15.7,4.9,No,12,Caution
Fruits,25,47,11,Average,85.4,6.9,Yes,2,Caution
Meat,9.9,66,48,Damaged,80.1,3.4,Yes,17,Reject
Vegetables,21.2,59,33,Average,48.3,4.2,Yes,13,Reject
Vegetables,31.2,72,2,Good,19.8,5.4,No,22,Caution
Vegetables,10.2,87,20,Good,23.1,6.3,No,1,Reject
Vegetables,17.9,78,46,Damaged,32.6,6.2,Yes,9,Reject
Meat,22.9,64,55,Damaged,85.8,6.7,No,1,Reject
Vegetables,19.2,60,25,Good,22.2,5.4,Yes,16,Caution
Meat,26.2,67,9,Damaged,51,5.2,Yes,10,Caution
Dairy,15.8,54,57,Good,14.6,6.9,No,22,Reject
Dairy,14,94,44,Average,59.4,6,Yes,21,Reject
Meat,31,58,60,Damaged,28.7,4.1,No,17,Reject
Dairy,0.9,87,15,Good,44.3,5.5,Yes,1,Safe
Fruits,30.2,92,50,Good,60.3,6.4,Yes,17,Reject
Meat,7.1,76,8,Damaged,60.2,6.1,Yes,21,Caution
Dairy,18.5,48,2,Damaged,22,7.1,No,2,Reject
Dairy,5.3,81,16,Good,87.2,6.7,Yes,3,Safe
Fruits,13.2,88,42,Damaged,36.8,4.4,No,20,Reject
Dairy,11,93,29,Good,87.7,3.9,Yes,11,Caution
Meat,18.6,82,28,Damaged,61.6,4,No,11,Reject
Dairy,0.6,85,21,Good,79.7,3.6,Yes,1,Safe
Meat,16.5,95,1,Good,41.6,5.6,Yes,21,Caution
Meat,5.8,62,22,Damaged,69.1,5.3,Yes,20,Caution
Meat,23,93,24,Damaged,18.1,4.4,Yes,8,Reject
Grains,1.9,66,39,Average,11.2,4.8,No,7,Caution
Fruits,17.4,80,20,Good,24.4,6.9,No,23,Reject
Grains,31.6,55,19,Good,77.4,6.6,No,12,Caution
Grains,9.2,69,50,Good,22.9,4.4,No,1,Caution
Dairy,15.8,40,13,Average,55.3,3.5,Yes,7,Caution
Dairy,24.9,58,55,Good,31,7,Yes,16,Caution
Vegetables,9.2,70,33,Good,69.5,5.9,Yes,5,Caution
Vegetables,6.6,79,24,Good,18.6,5.1,Yes,17,Caution
Grains,1.7,89,16,Damaged,41.4,5.5,No,12,Reject
Fruits,25.6,52,32,Average,57.6,5.7,Yes,24,Reject
Vegetables,19.1,46,40,Damaged,88,6.7,Yes,23,Reject
Meat,10.1,57,25,Good,12.1,6.6,Yes,10,Caution
Vegetables,0.4,83,7,Average,31.5,3.5,Yes,8,Safe
Dairy,6.2,72,52,Good,54.5,6.2,No,14,Caution
Fruits,18.3,66,54,Good,20.6,4.7,Yes,15,Caution
Meat,30.2,77,7,Good,33.5,6.5,No,10,Caution
Meat,27.1,63,55,Good,63,3.3,Yes,14,Caution
Meat,20.4,49,59,Average,36.3,4.1,No,7,Reject
Grains,32.4,87,53,Good,78.6,4.3,No,19,Reject
Meat,32.9,46,25,Good,83.2,5.4,Yes,3,Caution
Dairy,21.8,71,19,Damaged,56.5,3.5,No,14,Reject
Meat,23.2,49,47,Good,68.4,5.3,Yes,15,Caution
Dairy,31.7,89,35,Damaged,37.3,6.3,No,7,Reject
Dairy,33.9,44,35,Damaged,37.2,7,Yes,9,Reject
Meat,18.2,90,16,Damaged,61.1,6,Yes,17,Reject
Vegetables,24,85,14,Good,29.9,5.8,Yes,16,Caution
Grains,11.3,55,17,Average,52.4,6.1,No,4,Caution
Meat,21,52,29,Damaged,41.4,4.1,No,4,Reject
Grains,4.9,53,7,Good,64.4,5.7,No,12,Safe
Grains,29.5,68,50,Damaged,76.1,4.3,No,19,Reject
Vegetables,14.3,66,50,Good,25.4,6.8,No,11,Reject
Fruits,14.6,68,17,Average,16.1,6.3,Yes,3,Caution
Fruits,0.6,84,46,Average,62.3,4.2,Yes,6,Caution
Fruits,31.3,44,6,Damaged,77.3,7.1,No,17,Reject
Fruits,4.9,49,50,Average,52,5.4,Yes,12,Caution
Meat,13.2,54,52,Damaged,81,6.4,No,16,Reject
Meat,7.7,84,31,Good,26.1,5.3,Yes,4,Safe
Vegetables,8.6,69,17,Good,42,5.1,No,17,Reject
Vegetables,10.1,72,36,Good,46.2,3.9,Yes,7,Caution
Grains,22.9,41,25,Average,14,5.9,No,22,Reject
Dairy,8.4,62,41,Damaged,61.3,6.3,No,10,Reject
Dairy,9.1,66,25,Good,16.8,4.6,No,17,Reject
Meat,6.7,43,27,Damaged,44,4.8,Yes,16,Caution
Vegetables,17.3,50,52,Damaged,88.7,3.5,No,14,Reject
Dairy,16.6,40,24,Good,53.8,5.6,Yes,7,Caution
Fruits,23.7,52,33,Average,33.3,4.5,Yes,18,Reject
Meat,27.9,87,1,Average,54,5,No,10,Reject
Meat,20.3,76,26,Good,83.1,3.5,Yes,16,Caution
Meat,8.9,41,57,Good,13.9,5.3,No,8,Caution
Fruits,11.9,46,6,Average,32.7,6.1,Yes,24,Caution
Grains,10.1,41,48,Damaged,29,5.5,No,11,Reject
Vegetables,32.2,84,1,Good,23.9,4.7,Yes,10,Safe
Grains,21.1,79,30,Damaged,61.7,5.3,No,3,Reject
Dairy,26.5,49,8,Average,8.3,5.2,No,11,Reject
Meat,26.3,47,58,Damaged,33.5,6.4,No,16,Reject
Dairy,33.6,75,12,Damaged,77,5.5,Yes,14,Reject
Dairy,7.3,50,29,Good,53.4,5.4,No,4,Caution
Dairy,26,81,56,Average,8.6,4,Yes,22,Reject
Dairy,34.6,68,11,Average,21.8,4.5,Yes,4,Caution
Fruits,22.5,75,52,Damaged,42.3,7,No,6,Reject
Vegetables,17.6,59,36,Good,15.2,5.6,Yes,5,Caution
Fruits,3.4,84,50,Good,73.8,4.1,Yes,4,Safe
Fruits,16.7,77,58,Good,31.6,4.3,No,6,Reject
Grains,9.8,95,53,Average,11,4.7,No,16,Reject
Fruits,33.7,62,47,Good,9.8,4.6,Yes,3,Caution
Dairy,5.9,88,44,Good,39.5,5.5,Yes,21,Caution
Grains,3.3,88,2,Good,87.4,4.3,No,8,Safe
Dairy,10.4,84,24,Good,16,5.8,Yes,21,Caution
Dairy,29.1,49,47,Average,73.8,5.9,No,15,Reject
Dairy,28.1,71,1,Damaged,72.3,7.1,Yes,13,Caution
Meat,28.1,79,13,Average,82.4,5.6,Yes,4,Caution
Vegetables,4.6,64,15,Average,12.4,5.8,Yes,11,Caution
Grains,15.4,57,17,Average,22.9,4.1,No,21,Reject
Grains,33.3,65,50,Good,75.6,3.4,No,6,Caution
Meat,13.6,60,50,Good,73.1,7.1,No,9,Caution
Grains,26.1,80,46,Average,76,6.7,No,22,Reject
Meat,22.7,68,6,Good,22.8,6.3,Yes,5,Safe
Meat,31.7,61,43,Good,38.1,3.8,No,2,Reject
Vegetables,29.1,93,46,Good,31.3,3.7,Yes,9,Caution
Dairy,16.8,56,45,Good,61.9,4.6,Yes,14,Caution
Grains,11.3,78,16,Damaged,23.3,4.3,No,9,Caution
Dairy,6.7,56,50,Good,48,7.2,No,3,Caution
Fruits,10.9,46,36,Good,83.2,7.2,No,21,Reject
Meat,12.8,90,27,Good,26,4.9,No,23,Reject
Vegetables,3.3,48,51,Good,12.4,6.1,Yes,20,Caution
Dairy,13.6,85,17,Average,49.7,6,Yes,16,Caution
Dairy,34.2,76,50,Good,8.2,4.5,Yes,11,Caution
Grains,17.3,72,48,Good,60.5,6.8,No,15,Caution
Fruits,27.7,93,58,Good,46,4.3,Yes,18,Reject
Meat,21.8,79,34,Good,56.8,4.7,No,24,Reject
Fruits,34,53,56,Average,8.5,6,No,16,Reject
Fruits,23.3,78,45,Good,55.2,4.7,Yes,21,Caution
Vegetables,11.4,81,53,Average,87.7,7.2,No,10,Reject
Fruits,2.1,45,38,Good,23,6.3,No,19,Caution
Grains,24.9,50,56,Good,16.7,5.8,No,16,Caution
Meat,17.1,75,15,Good,22.8,4.8,Yes,19,Caution
Fruits,32,72,1,Good,77.8,5.4,Yes,13,Caution
Dairy,32.8,59,11,Damaged,80.4,3.9,Yes,17,Reject
Fruits,1.8,75,3,Damaged,53.1,6.1,Yes,19,Caution
Vegetables,22.2,41,54,Good,78.2,3.7,No,9,Reject
Grains,12.1,78,5,Good,46,6.8,No,22,Safe
Grains,32.9,40,22,Good,16.4,5.4,No,17,Caution
Grains,23.8,46,12,Good,34.2,5.7,No,19,Caution
Dairy,24.7,81,28,Good,76.3,6.1,Yes,1,Caution
Meat,1.3,83,21,Average,20.6,4.2,Yes,19,Caution
Meat,10.2,47,7,Good,39.3,7.1,No,22,Caution
Meat,1.7,43,15,Good,34.5,6.6,Yes,17,Safe
Meat,15.2,85,32,Average,11.3,4.1,Yes,8,Caution
Fruits,3.6,93,29,Good,81.1,5.9,Yes,15,Caution
Vegetables,9.2,52,53,Good,68.4,3.7,Yes,6,Caution
Vegetables,26.4,84,6,Average,74,3.3,No,3,Caution
Vegetables,10.2,76,59,Good,48.6,5.5,Yes,12,Caution
Dairy,24.6,84,13,Average,40.5,3.7,No,21,Reject
Grains,25.7,63,41,Damaged,9.1,5.7,No,5,Reject
Fruits,8.8,95,1,Average,19,3.9,No,5,Caution
Grains,21.4,69,37,Average,11.3,4.6,No,6,Caution
Meat,14.3,57,23,Average,12.6,4.6,No,16,Reject
Dairy,24.4,42,23,Average,27,4,No,17,Reject
Grains,9.5,91,44,Good,34.4,5.1,No,9,Caution
Grains,4.3,84,52,Good,46.8,3.6,No,1,Safe
Grains,16.4,87,53,Damaged,78.8,6.1,No,21,Reject
Fruits,25.7,87,41,Average,12.5,3.4,Yes,12,Reject
Grains,21.6,88,55,Average,34.6,6,No,21,Reject
Grains,3.2,78,2,Good,27.7,3.6,No,12,Safe
Fruits,7.6,89,29,Good,48.9,5,Yes,23,Caution
Vegetables,15.3,41,11,Good,21,5.7,No,20,Reject
Grains,4.6,42,55,Average,58.2,3.8,No,20,Caution
Grains,23.2,73,47,Good,20,4.8,No,10,Caution
Vegetables,34.3,93,3,Good,16.6,5,Yes,8,Caution
Fruits,13.6,75,54,Damaged,45.5,4.9,Yes,11,Reject
Fruits,17.4,86,16,Damaged,26,5.3,Yes,3,Reject
Dairy,7.2,71,4,Good,31.1,4.3,Yes,10,Safe
Vegetables,3.7,64,32,Good,46.9,5.6,Yes,1,Safe
Grains,12.3,95,56,Average,89.5,3.4,No,22,Reject
Vegetables,15.9,64,56,Good,77.1,4.2,Yes,18,Caution
Vegetables,9.7,87,1,Good,82,4,Yes,18,Caution
Meat,18.8,84,1,Average,21.3,4.5,No,17,Reject
Vegetables,9.4,90,39,Average,64.1,4,Yes,11,Reject
Dairy,23.1,91,4,Average,16.1,6.4,Yes,7,Caution
Vegetables,21.8,47,53,Good,22.4,3.5,Yes,9,Caution
Fruits,14.4,61,21,Good,74.8,4.4,No,14,Reject
Vegetables,16.7,86,28,Good,30,5.6,Yes,13,Reject
Dairy,23.4,73,5,Good,61.9,6.3,Yes,16,Caution
Fruits,6.8,93,40,Good,45,5,Yes,1,Caution
Fruits,27.5,91,32,Good,33.3,6.3,No,7,Reject
Vegetables,17.8,77,48,Average,38.6,5,Yes,18,Reject
Meat,19.6,82,17,Good,16.6,4.3,Yes,10,Caution
Fruits,33.8,92,20,Average,22.8,5.8,Yes,6,Reject
Fruits,26,44,43,Good,65.6,3.4,Yes,18,Caution
Meat,15.1,63,36,Good,12.1,4.6,Yes,15,Caution
Fruits,28.1,88,31,Good,29.3,6.9,No,23,Reject
Vegetables,1,42,44,Average,46,3.5,No,8,Caution
Grains,15.4,72,22,Good,32.9,4.8,No,18,Caution
Dairy,1.5,80,48,Good,29.7,6.5,Yes,23,Caution
Dairy,32.8,66,60,Average,44.6,3.5,No,8,Reject
Vegetables,23.2,80,9,Good,74.9,5.7,Yes,2,Caution
Fruits,13.2,75,38,Average,78.7,6.7,Yes,18,Caution
Meat,13.1,49,59,Good,85.8,4.2,No,21,Reject
Meat,17.4,82,19,Damaged,72.9,3.5,Yes,21,Reject
Meat,17.2,94,4,Good,35.1,5.6,Yes,22,Caution
Dairy,4,58,54,Good,84.2,6.8,Yes,2,Safe
Grains,4.6,54,2,Average,81,6.5,No,17,Safe
Meat,10.3,51,57,Good,89.9,6.5,No,19,Reject
Grains,20,72,42,Good,46.7,4.5,No,9,Caution
Meat,23.3,54,54,Good,36.6,5.2,No,24,Reject
Fruits,31.5,41,36,Good,14.7,5.6,Yes,1,Caution
Grains,25.1,71,45,Good,61,7,No,22,Caution
Dairy,10.8,92,7,Good,25.6,4.9,Yes,8,Safe
Dairy,6,93,51,Damaged,75.7,5.1,Yes,10,Caution
Dairy,9.3,52,29,Average,53.6,5.1,Yes,13,Caution
Grains,33,50,11,Good,24.3,4.5,No,12,Caution
Grains,0.8,82,17,Damaged,46.6,4.6,No,3,Caution
Dairy,14.6,86,56,Good,64.2,6,No,3,Reject
Dairy,7.7,78,33,Damaged,74,4,Yes,1,Caution
Fruits,6.4,75,34,Good,9.2,4.5,No,10,Caution
Fruits,34.6,58,31,Damaged,48.1,3.9,Yes,6,Reject
Meat,23.2,76,19,Average,33.2,4.3,No,20,Reject
Grains,34.8,46,56,Average,70.7,5.6,No,12,Reject
Vegetables,3.1,76,53,Damaged,43.4,4.5,No,23,Reject
Vegetables,17.6,48,30,Good,29.1,6.1,No,11,Reject
Dairy,24.6,73,4,Average,19.1,5,No,3,Caution
Dairy,22.8,56,28,Good,89.3,6.3,Yes,4,Caution
Meat,6.4,92,14,Damaged,58.9,4.3,Yes,20,Caution
Fruits,25.2,56,18,Average,73.8,4.7,Yes,15,Reject
Dairy,15.5,41,25,Good,87.7,4.5,Yes,7,Caution
Meat,25.6,56,5,Damaged,49.3,5.1,No,21,Reject
Vegetables,17.7,44,19,Good,59.4,5.6,Yes,8,Caution
Grains,31.3,70,15,Average,20.1,6.6,No,6,Caution
Dairy,12.2,47,17,Damaged,31,6.3,Yes,14,Reject
Fruits,23.7,63,42,Average,66.5,5.3,Yes,6,Caution
Dairy,9.4,50,49,Average,20.5,6.4,Yes,11,Caution
Grains,24.6,61,39,Good,49.5,5.8,No,15,Caution
Vegetables,23.2,54,59,Good,87.1,5,Yes,24,Caution
Fruits,17.8,47,39,Good,59.1,6.4,Yes,24,Caution
Vegetables,3.4,56,21,Good,27.9,4.4,Yes,1,Safe
Vegetables,3.1,69,29,Good,43.3,4.3,No,12,Caution
Meat,22.4,88,53,Average,43.6,5.9,No,20,Reject
Fruits,18.1,73,5,Good,79.9,5.4,No,2,Caution
Grains,20.6,46,12,Good,11.9,4.4,No,2,Caution
Fruits,14,60,43,Average,24.9,3.8,Yes,9,Caution
Vegetables,29.2,91,12,Average,60,4.1,Yes,7,Caution
Fruits,4.6,51,33,Average,58.5,5.5,Yes,17,Caution
Meat,14.4,64,32,Good,32.6,6.2,No,21,Reject
Fruits,1.4,64,30,Good,50.5,5.3,No,13,Caution
Meat,11.2,53,53,Good,8.3,4.1,No,21,Reject
Meat,5.5,77,56,Good,85.9,4.6,No,15,Caution
Meat,18.9,95,21,Average,60.2,5.1,Yes,6,Reject
Vegetables,23.7,76,53,Average,82.3,3.5,Yes,9,Caution
Vegetables,4.6,87,28,Good,11.2,4.5,Yes,2,Caution
Vegetables,29.8,61,31,Good,63.3,6.9,Yes,24,Caution
Fruits,9.9,94,21,Good,46.1,6,Yes,1,Caution
Vegetables,22.3,42,3,Good,85.7,4.8,No,13,Caution
Vegetables,8,55,45,Average,13.1,6.7,Yes,18,Caution
Dairy,33.1,76,20,Good,65.5,3.4,Yes,4,Caution
Fruits,13.9,54,56,Good,82.2,7.1,Yes,1,Caution
Fruits,28.5,42,14,Good,38.6,5.5,Yes,17,Caution
Meat,23.9,51,15,Good,24.6,4.9,Yes,6,Caution
Dairy,19.3,48,29,Average,81.1,5.9,Yes,5,Caution
Fruits,27.8,53,20,Good,53.9,3.3,Yes,2,Caution
Dairy,24,69,57,Average,61.3,4.2,No,23,Reject
Meat,18,88,42,Damaged,78.9,6.3,Yes,1,Reject
Meat,1.2,83,20,Good,15.1,6.3,Yes,8,Safe
Dairy,8.2,45,39,Good,50.7,4,No,13,Reject
Fruits,25.3,62,57,Average,78.3,5.8,Yes,10,Caution
Meat,3.2,93,12,Good,45.9,3.9,Yes,13,Caution
Dairy,30.2,74,49,Good,36.7,3.3,No,8,Reject
Vegetables,19.7,69,3,Good,29.8,6.3,Yes,14,Caution
Vegetables,1.4,52,39,Average,61.9,5.1,No,2,Caution
Meat,20.9,83,40,Damaged,16.6,5.8,Yes,6,Reject
Fruits,24.4,54,32,Good,78.1,3.8,Yes,23,Caution
Grains,5.2,87,46,Good,34.7,6,No,24,Caution
Meat,29.9,92,36,Damaged,85.3,4.6,No,17,Reject
Vegetables,33.2,55,4,Good,82.6,4.4,Yes,8,Safe
Fruits,21.7,78,25,Average,47.4,5.1,No,9,Reject
Grains,23.3,86,20,Good,17.1,3.3,No,15,Reject
Fruits,10.7,78,26,Good,79.1,3.9,Yes,18,Caution
Grains,13.2,63,42,Good,56.4,3.4,No,4,Caution
Vegetables,34.1,79,1,Good,60,6.7,Yes,23,Caution
Fruits,7.3,40,1,Good,78.9,5.5,Yes,18,Safe
Fruits,9.7,42,42,Good,69.1,5.5,No,4,Caution
Dairy,20.2,47,29,Good,84.4,5.5,Yes,20,Caution
Vegetables,2.1,84,39,Average,12.9,4.3,Yes,3,Caution
Meat,13.8,93,1,Average,32.9,4.7,Yes,4,Caution
Fruits,22,86,28,Good,73.7,3.6,No,4,Reject
Grains,11.6,79,31,Damaged,20.5,6.3,No,5,Caution
Dairy,27.6,49,19,Good,20.2,4.1,Yes,7,Caution
Dairy,14.8,83,56,Good,44.7,4.9,Yes,21,Caution
Dairy,21.7,53,36,Good,56.6,6.7,Yes,18,Caution
Meat,13.3,42,15,Good,65.2,7,Yes,18,Caution
Vegetables,15.2,61,49,Good,8,5.1,Yes,16,Caution
Vegetables,5.9,81,42,Good,8.6,5.4,Yes,15,Caution
Fruits,25.5,91,25,Good,88.5,4.1,Yes,20,Reject
Vegetables,5.6,84,1,Good,80.7,4,Yes,21,Safe
Grains,10.2,72,27,Good,70.4,6.6,No,5,Caution
Meat,9.3,61,39,Good,14.2,5.8,Yes,6,Caution
Grains,28.4,57,50,Good,13.6,3.8,No,6,Caution
Grains,20.2,78,49,Good,84.6,5.4,No,18,Caution
Fruits,9.6,86,37,Damaged,8.6,3.4,Yes,15,Reject
Fruits,11.9,52,16,Damaged,82.4,4.2,Yes,10,Caution
Meat,1.8,82,41,Good,52.8,3.5,Yes,23,Caution
Dairy,12.3,53,29,Average,52.7,6.8,Yes,5,Caution
Meat,1.9,94,7,Good,70.8,4.8,Yes,8,Safe
Grains,20.9,80,47,Average,72.3,3.5,No,2,Caution
Fruits,6.5,59,55,Damaged,84.2,4.3,No,23,Reject
Grains,10,57,22,Good,43.4,4.8,No,3,Caution
Grains,6.8,60,23,Good,50.7,5.7,No,10,Safe
Grains,5.3,55,29,Damaged,19.8,5.3,No,3,Caution
Vegetables,24.1,95,48,Good,55.5,6.9,Yes,22,Reject
Vegetables,10.2,58,29,Good,32.2,5.1,Yes,19,Caution
Vegetables,1.5,78,10,Good,33.3,4.2,No,7,Caution
Vegetables,1.6,67,42,Good,51.2,6.4,Yes,5,Safe
Fruits,3.3,40,56,Good,40.4,3.7,No,4,Caution
Vegetables,23.7,50,19,Good,19.3,3.7,Yes,11,Caution
Meat,0.2,43,4,Average,87.1,3.9,Yes,4,Safe
Vegetables,24.3,94,13,Good,40.6,5.1,Yes,7,Caution
Meat,21.9,65,55,Good,54.1,6.1,Yes,20,Caution
Vegetables,30,60,47,Damaged,61,6.8,Yes,12,Reject
Grains,3.4,89,11,Average,38.9,5.6,No,23,Caution
Vegetables,2.4,80,56,Damaged,65.4,6.3,Yes,21,Caution
Meat,3.9,89,57,Good,24.1,4.2,No,5,Caution
Meat,23.7,73,13,Good,74.6,6.7,Yes,2,Caution
Vegetables,22.8,76,20,Average,33.8,4.8,Yes,18,Reject
Grains,1.1,68,45,Damaged,80.5,6.4,No,13,Caution
Grains,8.5,41,11,Good,88,6.1,No,23,Caution
Dairy,21.3,47,17,Damaged,87.2,4.8,No,1,Reject
Fruits,17.7,46,31,Good,25.5,4.2,Yes,1,Caution
Vegetables,3.1,42,42,Average,30.6,5.8,Yes,11,Caution
Grains,33.4,88,12,Good,64.7,6.5,No,11,Caution
Fruits,14.1,88,34,Good,45.3,6.5,No,3,Reject
Meat,8.2,88,34,Good,55.9,6.7,Yes,19,Caution
Grains,28.1,64,22,Good,48.3,6.2,No,15,Caution
Meat,22.9,56,47,Good,74.1,6,Yes,12,Caution
Fruits,6,48,42,Average,73.6,4.3,Yes,14,Caution
Grains,4.1,76,4,Good,49.7,4.9,No,14,Safe
Dairy,18.7,80,51,Good,89.7,3.5,Yes,7,Caution
Dairy,11,72,4,Good,48.1,4.2,No,3,Caution
Meat,15.1,95,43,Good,52.8,4.6,Yes,21,Reject
Vegetables,19.5,55,31,Average,88.1,4.8,Yes,14,Reject
Vegetables,23.2,62,52,Good,62.1,6,Yes,15,Caution
Grains,18.9,76,29,Good,55.6,5.5,No,17,Caution
Fruits,8,86,27,Damaged,81.6,5,Yes,9,Caution
Dairy,17.9,69,9,Good,53.2,6.8,Yes,3,Caution
Meat,30.2,44,38,Damaged,73,4.1,No,16,Reject
Grains,15.6,59,30,Good,89.8,4.4,No,22,Caution
Meat,12.5,63,35,Average,39.9,3.4,No,8,Reject
Dairy,31.1,89,57,Damaged,36.2,5,Yes,17,Reject
Vegetables,27.9,95,35,Average,29.2,6.6,Yes,11,Reject
Fruits,28.6,41,5,Good,33.4,4.4,Yes,17,Caution
Fruits,17.8,95,42,Good,78.8,5.5,Yes,3,Caution
Fruits,24.7,52,11,Good,81.7,4.7,Yes,10,Caution
Fruits,5.7,44,30,Good,71.4,4.4,No,4,Caution
Grains,29.3,90,30,Average,10.3,5.1,No,8,Reject
Grains,10.3,95,29,Good,40.6,5,No,19,Caution
Grains,34.3,95,32,Average,80.9,6.9,No,12,Reject
Grains,14.6,40,32,Good,66.7,4.7,No,13,Caution
Fruits,2.9,82,41,Average,60.4,4.1,No,24,Reject
Vegetables,6.9,44,57,Good,71.4,3.7,Yes,12,Caution
Fruits,29.6,53,35,Good,68.9,5.5,No,17,Reject
Grains,34.2,64,8,Damaged,43.9,4.6,No,20,Reject
Vegetables,6.4,41,3,Good,20.2,4,Yes,2,Safe
Fruits,16.9,42,47,Good,81.4,3.5,Yes,5,Caution
Grains,30.7,43,6,Good,15.4,6.4,No,14,Caution
Vegetables,21.3,40,17,Good,75.1,5.2,Yes,16,Caution
Dairy,24.8,45,49,Good,73.6,6.5,Yes,2,Caution
Vegetables,25.4,54,58,Good,56,6.8,Yes,11,Caution
Vegetables,6.8,43,29,Good,88.4,4.9,Yes,1,Safe
Dairy,21.9,89,46,Good,21.4,6.5,Yes,11,Reject
Grains,2,93,15,Average,52.4,3.3,No,18,Caution
Fruits,3.7,64,55,Damaged,10.3,6.8,Yes,8,Caution
Vegetables,12.4,74,16,Average,8.3,7.1,Yes,10,Caution
Meat,23.8,47,59,Average,76.4,3.4,No,12,Reject
Fruits,18.8,89,57,Good,43.6,5.8,Yes,11,Reject
Dairy,29.4,84,12,Good,10.9,4.4,No,11,Reject
Vegetables,9.5,45,46,Good,49.7,4.4,Yes,14,Caution
Fruits,9.3,55,26,Damaged,10.1,6.5,No,1,Reject
Fruits,28.8,95,58,Average,63.2,3.7,Yes,12,Reject
Meat,11.8,45,45,Good,16,6.1,Yes,5,Caution
Vegetables,1.5,53,39,Good,50.6,7,Yes,11,Caution
Fruits,32.8,94,48,Good,86.7,5.2,No,20,Reject
Dairy,7.6,90,3,Good,24.3,4.2,Yes,6,Safe
Grains,12.1,79,59,Good,24,3.6,No,23,Caution
Vegetables,18.5,61,14,Average,8.5,5.8,Yes,8,Caution
Vegetables,5.9,69,17,Good,18.5,6.7,Yes,14,Caution
Fruits,30.1,43,40,Good,44.8,5.7,No,9,Reject
Fruits,34,80,43,Good,11.6,3.7,Yes,22,Caution
Meat,22.5,92,60,Average,53.8,4.6,No,8,Reject
Dairy,22.3,58,44,Good,55.4,4.4,Yes,8,Caution
Grains,17.1,54,41,Average,88.1,4.2,No,5,Caution
Meat,11.1,87,6,Damaged,35.1,3.2,No,8,Reject
Dairy,19.3,88,25,Good,52.2,4.1,Yes,13,Reject
Vegetables,30.5,43,9,Average,45.4,5.8,Yes,17,Caution
Vegetables,32.2,70,24,Good,19.6,5.2,Yes,14,Caution
Grains,13.1,49,29,Damaged,77.1,6.4,No,8,Caution
Grains,16.9,70,35,Good,80.2,5.3,No,18,Caution
Fruits,30.6,43,58,Average,12.9,3.3,Yes,15,Reject
Dairy,0.2,67,4,Average,51,6.4,Yes,4,Safe
Dairy,21,49,34,Average,72.1,6.3,No,19,Reject
Grains,31.9,76,28,Average,23.4,4.5,No,20,Reject
Fruits,25.3,42,35,Good,27.5,4.7,Yes,24,Caution
Dairy,28.4,44,29,Good,30.6,6.1,Yes,24,Caution
Grains,1.4,54,10,Damaged,19.2,4.9,No,16,Caution
Vegetables,6.5,60,42,Good,8.5,7.1,No,23,Caution
Vegetables,1.1,63,58,Damaged,73.7,6.4,Yes,4,Caution
Meat,10.6,65,35,Average,83.5,6.6,No,9,Reject
Grains,20.2,93,34,Average,8.6,4.1,No,9,Reject
Meat,19.2,52,3,Average,16.3,5.5,No,1,Caution
Grains,21,86,57,Average,14,4,No,14,Reject
Vegetables,22.1,91,34,Damaged,71.2,4.1,Yes,24,Reject
Dairy,16.2,52,21,Good,42.7,3.7,Yes,15,Caution
Grains,29.2,48,42,Damaged,54.3,4.9,No,16,Reject
Vegetables,34.2,84,7,Good,43.4,3.3,No,20,Caution
Meat,20.6,94,21,Good,72.9,5.8,Yes,12,Reject
Meat,1.9,57,24,Good,75.6,5.6,Yes,6,Safe
Grains,7,89,48,Average,42.1,6.7,No,14,Caution
Dairy,14.9,67,7,Damaged,75.6,4.4,No,24,Reject
Fruits,28.8,82,26,Good,51.9,6.3,Yes,3,Caution
Vegetables,8,92,4,Good,23.7,3.7,Yes,5,Safe
Vegetables,18.8,94,13,Good,10.9,5.6,Yes,6,Caution
Vegetables,30.4,42,17,Damaged,9.1,5.7,No,13,Reject
Dairy,23.4,88,58,Good,22.8,7.1,Yes,21,Reject
Vegetables,18.5,54,47,Good,41.3,6.2,Yes,8,Caution
Fruits,12.5,68,53,Good,29.5,7.1,Yes,2,Caution
Fruits,21.6,50,35,Good,61.4,5.4,No,5,Reject
Grains,34.8,72,43,Good,43.2,3.3,No,3,Caution
Meat,18.5,58,47,Average,23.4,6.1,Yes,4,Caution
Fruits,5.8,62,19,Good,50.7,4.1,Yes,16,Caution
Meat,5.9,76,3,Damaged,79.2,3.7,No,16,Caution
Meat,24,91,3,Damaged,28.4,5.6,Yes,21,Reject
Dairy,13.2,57,24,Average,84.4,5.4,Yes,23,Caution
Vegetables,12,61,10,Good,77.3,6.6,No,10,Caution
Meat,13.7,94,56,Average,28.1,5.4,Yes,16,Reject
Fruits,24.7,42,38,Good,50.4,6.7,No,5,Reject
Vegetables,5.7,41,55,Damaged,41.7,4.1,Yes,13,Caution
Meat,2.3,93,54,Damaged,67.7,5.8,Yes,9,Caution
Meat,6.4,56,45,Average,49.8,5.9,Yes,14,Caution
Fruits,17.4,90,32,Good,52.2,6.1,Yes,21,Reject
Fruits,3.4,69,49,Good,47.4,4.8,No,4,Caution
Fruits,14.1,74,47,Good,54.3,5,No,21,Reject
Dairy,30.7,85,19,Good,65.9,6.3,Yes,15,Caution
Vegetables,4.8,68,45,Good,63.9,4.8,Yes,5,Safe
Vegetables,14.1,93,41,Good,63.2,5.6,No,13,Reject
Dairy,34,72,33,Average,46.4,4,Yes,19,Reject
Vegetables,29.5,55,3,Average,33.8,3.5,Yes,11,Caution
Fruits,30.7,66,6,Good,36.3,4.4,No,9,Caution
Vegetables,12.5,77,9,Average,18.9,6,Yes,8,Caution
Grains,24.6,93,52,Good,47.8,5.1,No,19,Reject
Vegetables,23.3,59,14,Good,65.4,5.4,Yes,2,Caution
Fruits,6.8,66,38,Good,26.2,3.6,No,23,Caution
Meat,15.8,54,30,Average,75,3.4,Yes,7,Caution
Dairy,8.8,62,20,Good,77.3,4.5,Yes,13,Caution
Grains,5.3,78,19,Good,73,5.5,No,2,Safe
Meat,31.1,58,15,Good,79.7,6.9,No,19,Reject
Grains,23.3,56,13,Damaged,58.5,5.4,No,23,Reject
Dairy,2.9,46,58,Damaged,35.8,6.2,No,19,Reject
Vegetables,18.8,45,34,Average,38.3,4.6,No,23,Reject
Dairy,14.7,84,8,Good,86.3,4.3,No,10,Caution
Dairy,23.5,43,4,Good,27.4,6,No,15,Caution
Meat,29.2,48,48,Good,39.4,7.1,No,3,Reject
Grains,0.6,81,52,Average,17.2,6.6,No,16,Caution
Fruits,34.4,48,9,Good,35.2,5.8,No,15,Reject
Dairy,16.9,85,57,Good,75.1,5.8,Yes,23,Caution
Meat,26.7,46,20,Good,38.3,5.7,Yes,2,Caution
Grains,26.7,80,1,Good,52.4,4,No,20,Caution
Dairy,10.2,80,4,Average,40.9,6.8,Yes,18,Caution
Dairy,28.7,81,17,Good,40.2,7.1,Yes,11,Caution
Dairy,2.6,59,60,Good,8.5,6.5,Yes,16,Caution
Meat,22,67,49,Good,15.4,4.1,Yes,9,Caution
Vegetables,27.5,92,3,Good,60.1,4.1,Yes,14,Caution
Vegetables,29.3,88,23,Average,78.5,5.1,Yes,20,Reject
Grains,5.1,43,1,Good,13.8,6,No,20,Safe
Grains,7.9,57,21,Good,9.5,5.2,No,18,Caution
Grains,16.9,71,11,Damaged,31.6,6.5,No,9,Caution
Meat,14,76,4,Good,18.8,5.8,Yes,14,Safe
Grains,23.1,68,26,Good,83.1,4.2,No,19,Caution
Fruits,9.4,45,27,Good,46.8,5.3,Yes,13,Caution
Grains,8.2,61,47,Damaged,73.9,5.3,No,8,Caution
Vegetables,21.6,60,49,Good,24.3,6.8,No,14,Reject
Vegetables,14.9,80,16,Good,24.6,6.7,No,13,Reject
Fruits,8.3,87,59,Good,78.3,3.6,Yes,23,Caution
Fruits,8,46,12,Good,11.8,5.7,Yes,6,Safe
Meat,4.2,77,2,Damaged,27.2,6.6,Yes,6,Safe
Meat,32.9,40,31,Good,79.3,3.5,Yes,9,Caution
Vegetables,7.9,69,45,Good,57.4,3.5,Yes,18,Caution
Vegetables,12.1,77,36,Good,53.3,5.7,Yes,10,Caution
Dairy,31.2,65,54,Damaged,61.1,6.8,Yes,23,Reject
Dairy,12.5,82,57,Good,17.3,6.5,Yes,23,Caution
Fruits,5.5,68,44,Damaged,30.3,6.8,Yes,9,Caution
Grains,26.2,73,19,Good,73.1,5.8,No,10,Caution
Vegetables,20.6,55,5,Good,59.6,6.9,Yes,10,Safe
Vegetables,28.2,92,15,Good,47.2,3.3,Yes,3,Caution
Meat,20.9,56,47,Good,57.5,5.4,Yes,13,Caution
Grains,21,91,24,Good,80.9,6.3,No,3,Caution
Vegetables,12.9,81,60,Damaged,10.2,3.4,No,23,Reject
Meat,0.9,62,45,Good,31.5,6.6,Yes,23,Caution
Fruits,17.7,57,14,Good,24.7,6.5,Yes,7,Caution
Vegetables,6.5,55,36,Good,46.9,4.1,No,2,Caution
Dairy,32.6,95,50,Average,79.6,5.8,No,21,Reject
Fruits,7,91,52,Average,70.3,6.3,Yes,11,Caution
Dairy,22.7,69,30,Good,64.7,6.8,No,14,Reject
Fruits,8.7,66,39,Average,9.7,4.8,No,2,Reject
Fruits,3.6,87,26,Good,29.4,6.8,Yes,23,Caution
Dairy,9.6,83,58,Damaged,88.1,5.1,No,2,Reject
Grains,17.3,90,15,Good,58,4.5,No,21,Caution
Fruits,30.8,81,48,Good,50.4,5.4,Yes,5,Caution
Grains,16.5,86,48,Good,23.4,4.8,No,6,Caution
Fruits,33.5,71,25,Good,78.3,6.8,Yes,14,Caution
Grains,0.5,90,15,Average,51.2,4.4,No,4,Caution
Grains,2.1,40,9,Good,49.2,5.4,No,17,Safe
Grains,9.4,65,4,Good,39.4,6,No,19,Safe
Grains,13.7,62,26,Good,59.7,5.6,No,23,Caution
Grains,12.2,59,6,Damaged,53.7,4.9,No,23,Caution
Fruits,8.6,64,25,Good,40.1,5.4,Yes,16,Caution
Dairy,30,70,15,Average,26.6,5.2,Yes,22,Caution
Meat,13.1,48,1,Good,76.7,7.2,No,11,Caution
Meat,17.1,46,42,Good,48.9,3.6,Yes,24,Caution
Meat,21.5,61,29,Good,23.9,4.5,Yes,1,Caution
Dairy,1.2,40,51,Average,20.5,3.5,Yes,17,Caution
Dairy,14,52,2,Average,13.5,5.7,Yes,6,Safe
Grains,33.4,46,47,Average,89.3,4.4,No,21,Reject
Meat,26.5,54,40,Damaged,73.1,5,No,24,Reject
Dairy,28.4,68,32,Good,21.9,4,Yes,8,Caution
Fruits,31.2,57,3,Average,65,4.7,No,4,Caution
Vegetables,14.8,64,48,Damaged,65.5,3.5,Yes,3,Caution
Dairy,25,40,25,Good,72,6.8,No,16,Reject
Fruits,5,75,31,Average,72.7,4.3,Yes,15,Caution
Fruits,9.5,45,53,Average,64.6,6.5,No,14,Reject
Grains,17.1,62,52,Average,40.9,4.9,No,9,Caution
Vegetables,8,89,7,Damaged,55.9,3.3,No,11,Reject
Grains,1.3,58,29,Good,60.5,3.6,No,3,Safe
Dairy,26.1,93,30,Average,42.3,7.1,Yes,17,Reject
Meat,6.3,58,15,Good,47.5,6.7,Yes,24,Safe
Dairy,21.3,61,54,Good,40.5,3.6,No,2,Reject
Dairy,5.4,70,26,Good,85.9,4.7,Yes,6,Safe
Fruits,21,73,22,Good,25.2,7.1,Yes,13,Caution
Grains,27.2,71,56,Good,9.1,5.3,No,12,Caution
Vegetables,10.7,49,22,Average,74.6,4.6,Yes,1,Caution
Fruits,27.7,86,29,Good,29.5,3.8,No,5,Reject
Dairy,14.5,53,22,Damaged,38.2,5.3,Yes,19,Reject
Grains,20.7,80,6,Good,72.6,6.8,No,21,Caution
Meat,16.7,89,57,Good,21.8,5,Yes,18,Reject
Meat,22.6,54,12,Good,20.3,5.9,Yes,7,Caution
Fruits,17.4,61,52,Good,51,6.8,Yes,5,Caution
Dairy,13.5,73,24,Damaged,31.7,4.8,Yes,2,Caution
Meat,27.9,63,5,Good,13.7,6.6,Yes,11,Caution
Dairy,33.5,60,43,Good,45,7.1,No,3,Reject
Meat,21.7,68,26,Good,78.7,4.8,No,1,Reject
Meat,4.8,84,13,Damaged,67.7,5.1,Yes,14,Caution
Vegetables,25.9,83,21,Good,21,6.5,Yes,15,Caution
Dairy,13,64,17,Good,88.3,4.5,No,8,Caution
Meat,5.9,46,33,Good,38.9,3.6,Yes,6,Safe
Fruits,8.1,92,1,Good,75.8,4.3,Yes,18,Caution
Meat,26.5,44,41,Average,24.4,6.2,Yes,1,Caution
Vegetables,24.9,58,31,Good,79.2,6.7,Yes,23,Caution
Grains,23,57,31,Good,34.4,5.5,No,7,Caution
Dairy,3.7,60,16,Good,75.4,4.5,Yes,7,Safe
Meat,13.1,43,28,Good,10.5,6,Yes,19,Caution
Dairy,16.8,58,46,Good,81.6,6,Yes,5,Caution
Grains,23.4,54,13,Good,71,3.8,No,10,Caution
Meat,9.8,80,12,Good,18,6.9,Yes,3,Safe
Grains,19.9,81,49,Good,84.6,3.8,No,13,Caution
Vegetables,9.5,52,9,Good,22.6,4.7,Yes,4,Safe
Vegetables,4.9,59,21,Good,69.2,5.6,Yes,5,Safe
Vegetables,29.5,72,18,Good,36.3,6.8,Yes,16,Caution
Meat,9.4,83,47,Damaged,71.5,6.5,Yes,16,Reject
Dairy,25.6,44,23,Average,62.4,6.5,Yes,10,Caution
Meat,9.6,91,21,Damaged,54.2,3.7,No,10,Reject
Dairy,30.1,84,16,Damaged,76.1,7.1,Yes,5,Reject
Meat,28.8,80,5,Average,81.1,3.7,No,15,Reject
Meat,26.6,65,34,Good,49,4.3,No,21,Reject
Meat,33.3,85,26,Damaged,62.1,6.5,No,16,Reject
Dairy,16.1,91,2,Average,46.6,3.7,Yes,16,Caution
Grains,9.2,69,37,Good,16.4,6.9,No,8,Caution
Vegetables,34.8,69,11,Good,36.1,6.8,Yes,22,Caution
Grains,8.1,83,60,Good,60,4.1,No,19,Caution
Vegetables,8.3,48,36,Average,55.5,6.4,Yes,5,Caution
Fruits,25,74,57,Damaged,24,7,Yes,13,Reject
Vegetables,30.7,73,35,Good,73.2,4.6,Yes,22,Caution
Fruits,8.9,67,53,Good,20.9,4.1,Yes,7,Caution
Fruits,22.6,82,58,Good,55.7,5.5,Yes,14,Caution
Meat,3.2,52,4,Good,9.1,4.4,Yes,9,Safe
Vegetables,10.5,87,24,Good,12.9,4.8,Yes,12,Caution
Fruits,15.9,61,19,Good,21,5.2,No,1,Reject
Meat,21.6,47,42,Good,17.4,7.1,Yes,2,Caution
Dairy,0.1,90,28,Good,28,4.3,Yes,6,Caution
Dairy,16.6,84,39,Good,35.4,6.1,Yes,8,Caution
Dairy,34.3,40,58,Good,68.7,7.1,Yes,3,Caution
Vegetables,18,78,50,Good,87.1,4.9,Yes,11,Caution
Fruits,0.4,85,24,Good,54.9,5.4,Yes,23,Caution
Grains,7.6,90,41,Damaged,12.1,5.8,No,9,Caution
Fruits,23.6,95,30,Good,67.4,6.3,No,8,Reject
Grains,7.1,78,53,Good,37.1,3.3,No,19,Caution
Meat,0.4,70,39,Good,17.9,3.7,No,23,Caution
Fruits,14.5,94,21,Good,8.5,3.5,Yes,5,Caution
Vegetables,21.3,82,28,Average,81,6.8,Yes,14,Reject
Meat,13.9,41,50,Average,18.6,6.8,Yes,23,Caution
Dairy,24.8,89,2,Good,73.6,6.3,Yes,12,Caution
Grains,32,41,43,Good,38.1,4.9,No,14,Caution
Meat,21.7,67,40,Damaged,68,4.8,No,16,Reject
Grains,23,84,15,Good,18.9,3.9,No,5,Caution
Meat,7.7,91,38,Good,65.3,4.2,Yes,14,Caution
Vegetables,1.7,61,6,Average,87.2,6.8,No,11,Caution
Dairy,3.1,51,37,Average,40.7,4.7,No,19,Reject
Vegetables,21,42,1,Good,57.2,5.1,Yes,16,Caution
Dairy,20.9,69,58,Average,88.2,6.8,Yes,16,Reject
Meat,1.7,42,23,Average,32.9,3.8,Yes,22,Caution
Dairy,12.6,92,12,Good,78.8,7,Yes,10,Caution
Dairy,15.3,48,45,Good,21.5,6.8,Yes,23,Caution
Meat,20.5,45,34,Good,58.1,3.9,Yes,19,Caution
Fruits,33,74,20,Good,75.4,6.5,No,14,Reject
Vegetables,13.3,90,5,Good,66.9,6.6,No,7,Caution
Meat,10.2,50,21,Good,79,7,No,23,Reject
Dairy,4.8,49,39,Average,24.7,4.7,Yes,11,Caution
Grains,17,63,5,Average,81.4,3.2,No,24,Caution
Fruits,16.5,68,12,Damaged,23.3,6.2,Yes,19,Reject
Grains,19.3,66,32,Good,22.7,4.6,No,8,Caution
Grains,23.4,44,45,Good,49.6,5.2,No,11,Caution
Meat,29.1,58,54,Good,65.9,6.5,No,10,Reject
Dairy,6.4,93,15,Good,45.3,4,Yes,4,Safe
Dairy,27,55,60,Good,67.5,5.3,No,18,Reject
Vegetables,26.9,53,48,Average,71.2,3.5,No,21,Reject
Grains,28.6,43,48,Average,31.9,4.8,No,11,Reject
Dairy,34.4,70,38,Average,37.8,6.2,No,24,Reject
Grains,20.7,48,5,Damaged,15.2,4.7,No,22,Caution
Vegetables,14.1,45,37,Good,82.2,5.6,No,12,Reject
Meat,16.2,90,5,Good,32.6,6.8,No,9,Caution
Meat,17.6,61,25,Good,81.7,4.3,Yes,19,Caution
Grains,13.8,73,36,Average,88.6,5.3,No,20,Caution
Vegetables,8.2,74,36,Average,66.9,4.2,Yes,24,Caution
Grains,13.1,56,2,Good,41.1,4.7,No,19,Safe
Fruits,4.6,63,21,Good,19.9,6.5,Yes,18,Caution
Dairy,12.4,91,44,Good,10.5,6.7,Yes,20,Caution
Fruits,15.7,88,44,Good,56.9,7.1,No,23,Reject
Dairy,22.5,78,39,Average,77.2,6.4,No,15,Reject
Vegetables,4.6,79,3,Good,24.9,5.6,Yes,23,Safe
Fruits,7.4,52,37,Average,63.9,3.6,No,14,Reject
Meat,25.5,63,27,Average,58.9,4.4,No,10,Reject
Dairy,14.7,50,55,Average,74.3,5.1,Yes,1,Caution
Fruits,19.3,66,33,Average,23.3,5.2,No,5,Reject
Meat,27.9,80,48,Good,25.9,6,Yes,6,Caution
Dairy,6.8,70,15,Good,61.9,5.5,Yes,2,Safe
Fruits,2.3,45,25,Damaged,84.6,3.5,No,9,Reject
Dairy,14.8,77,2,Good,74.7,6.7,Yes,17,Safe
Vegetables,6.2,53,57,Damaged,84.5,4.2,Yes,24,Caution
Grains,1.4,48,33,Good,11.2,4.1,No,18,Caution
Grains,24.4,73,31,Good,20.8,5.9,No,1,Caution
Vegetables,21.9,64,17,Good,15.2,5.4,Yes,23,Caution
Meat,31.7,51,18,Good,20.6,5.7,Yes,5,Caution
Vegetables,9.7,68,52,Good,37.9,6.8,Yes,5,Caution
Vegetables,24.4,72,1,Good,66.7,4.1,Yes,20,Caution
Vegetables,33.3,84,58,Good,24.6,4.3,No,16,Reject
Fruits,28.2,79,18,Average,45.7,6.9,No,8,Reject
Dairy,21.2,90,29,Good,59.2,6.8,Yes,12,Reject
Vegetables,30.1,66,36,Good,23.7,6.8,Yes,18,Caution
Vegetables,6.7,51,46,Average,48.8,4.4,Yes,8,Caution
Fruits,10.5,41,45,Good,41.9,6.9,Yes,15,Caution
Meat,33.8,71,14,Good,66,6.1,Yes,12,Caution
Vegetables,4.5,63,39,Good,76.5,3.7,No,16,Caution
Vegetables,19.8,92,39,Good,73.7,5.5,Yes,14,Reject
Meat,22.4,93,19,Good,15.4,3.6,Yes,24,Reject
Meat,32.9,63,38,Good,88.3,6.9,Yes,7,Caution
Vegetables,31.3,75,10,Good,57,4.4,Yes,6,Caution
Meat,13.1,51,14,Damaged,64.2,4.3,Yes,10,Caution
Fruits,8.3,47,10,Average,54.5,7.1,Yes,11,Caution
Dairy,30.1,59,9,Good,35.4,6.8,No,21,Reject
Meat,0.7,78,11,Good,88.2,4.1,No,19,Caution
Fruits,18.4,42,32,Good,57,6.8,Yes,2,Caution
Meat,27.9,70,38,Good,53.9,6.6,Yes,15,Caution
Fruits,6.4,66,47,Good,36.8,5.9,No,14,Caution
Grains,28.3,52,48,Good,63,6.3,No,4,Caution
Grains,33.2,73,23,Damaged,52.3,4.7,No,24,Reject
Grains,14.2,78,6,Good,74.3,3.4,No,7,Safe
Grains,8.3,67,1,Good,11.9,5,No,15,Safe
Grains,32.6,59,8,Good,47,5.9,No,12,Caution
Grains,4.2,81,53,Average,79,7.1,No,16,Caution
Vegetables,18.4,79,21,Good,11.1,6.4,No,15,Reject
Vegetables,10.2,55,58,Good,41,3.6,Yes,22,Caution
Grains,24.3,56,5,Damaged,19.9,3.5,No,2,Caution
Meat,30.4,57,31,Damaged,70.2,7.1,No,21,Reject
Fruits,15.4,57,10,Good,69.3,6.5,No,12,Reject
Fruits,33.9,89,12,Good,45.2,4.6,Yes,6,Caution
Dairy,23.2,62,36,Good,64.9,6.8,Yes,3,Caution
Dairy,11.9,52,21,Good,85.4,6.5,Yes,19,Caution
Meat,11,49,16,Good,23.3,4.4,Yes,24,Caution
Fruits,10,86,30,Good,35,6.7,No,5,Reject
Vegetables,25.7,77,38,Good,53.9,5.6,No,20,Reject
Fruits,19,79,33,Good,80.1,5.4,Yes,21,Caution
Fruits,16.4,95,58,Good,75.6,4.3,Yes,14,Reject
Dairy,22.8,43,27,Good,53.7,3.8,Yes,23,Caution
Meat,33,58,32,Good,79.5,5.7,No,22,Reject
Grains,24.9,77,22,Damaged,33.6,6.2,No,14,Reject
Meat,8.6,51,47,Good,72.6,6.4,Yes,20,Caution
Grains,22.6,62,26,Good,68.9,6.1,No,23,Caution
Grains,32,57,43,Damaged,51.1,5.8,No,16,Reject
Grains,1.5,55,40,Good,26.1,6.9,No,16,Caution
Fruits,0.6,87,53,Good,81.7,5.9,Yes,6,Caution
Vegetables,29.6,84,30,Good,56.3,4.4,Yes,17,Caution
Fruits,21.7,64,38,Average,30.3,3.3,Yes,3,Caution
Meat,17.3,51,45,Damaged,44,7.1,Yes,4,Reject
Meat,0.2,67,20,Damaged,36.8,6.2,No,10,Reject
Dairy,22.6,55,24,Average,87.5,3.9,Yes,16,Reject
Meat,10.5,83,7,Average,11.7,6.6,No,9,Caution
Meat,12.7,53,1,Good,86.9,5.1,Yes,8,Safe
Grains,34.1,68,49,Average,56,3.4,No,4,Caution
Vegetables,32.7,81,25,Damaged,81.4,3.7,Yes,2,Reject
Meat,26.6,65,20,Average,21,3.4,Yes,6,Caution
Meat,21.5,71,54,Good,42,6.7,Yes,3,Caution
Dairy,13,61,29,Average,27.6,7.1,No,9,Reject
Meat,22.8,92,49,Good,54.6,6.1,Yes,4,Caution
Vegetables,26.8,70,27,Damaged,62.1,6.7,Yes,2,Reject
Dairy,20,42,10,Good,46.1,6.2,Yes,22,Caution
Dairy,11.4,95,7,Good,49.4,4.7,Yes,6,Safe
Dairy,28.5,58,54,Good,19.2,4.9,No,24,Reject
Fruits,23.8,87,1,Good,72.3,6.9,Yes,15,Caution
Grains,30.8,43,44,Damaged,42.3,4.3,No,17,Reject
Dairy,22.9,53,25,Damaged,40.8,5.3,No,11,Reject
Dairy,13.8,77,45,Good,84.9,7.1,Yes,23,Caution
Fruits,28.5,49,11,Damaged,63.6,4.8,Yes,18,Reject
Vegetables,26.1,50,20,Average,71.6,7.2,Yes,7,Caution
Fruits,17.7,63,49,Damaged,81.7,5.7,Yes,7,Reject
Grains,22.6,89,7,Average,39.4,5.8,No,17,Caution
Fruits,25.1,69,13,Good,50.1,6,Yes,1,Caution
Meat,21.4,46,27,Good,33.2,5.2,No,17,Reject
Fruits,12.5,75,53,Good,90,3.5,Yes,7,Caution
Meat,17.5,42,57,Good,89.2,3.7,Yes,19,Caution
Dairy,25,89,4,Average,41.9,5.2,Yes,17,Caution
Dairy,29.8,85,21,Good,79.1,5,No,1,Reject
Dairy,15.4,66,26,Average,57.6,6.2,No,10,Reject
Grains,3.4,73,15,Damaged,68.2,3.7,No,14,Caution
Grains,15.2,57,13,Average,56.3,6.5,No,6,Caution
Grains,5.4,60,31,Good,28.3,4.1,No,3,Safe
Dairy,30.3,62,23,Good,73.9,3.6,Yes,15,Caution
Vegetables,13.7,66,40,Good,86.5,4.4,Yes,6,Caution
Fruits,4.8,53,57,Good,83.4,7.1,Yes,24,Caution
Fruits,6.2,71,58,Good,61.4,6.5,Yes,10,Safe
Vegetables,15.5,89,8,Good,13.8,6,No,17,Reject
Fruits,21.6,52,37,Damaged,45.9,5.9,Yes,5,Reject
Meat,29.8,60,51,Good,22.6,6.1,Yes,3,Caution
Meat,28.7,88,9,Good,26.4,5.9,No,24,Reject
Vegetables,29.9,90,43,Good,72.4,5.5,Yes,24,Reject
Meat,1.2,86,41,Good,52.8,6.1,Yes,18,Caution
Meat,2.6,43,18,Average,38.3,6.7,Yes,17,Caution
Grains,16.4,57,59,Damaged,46.4,5.3,No,14,Reject
Dairy,25.1,66,53,Average,41.7,3.9,No,20,Reject
Vegetables,10.1,54,18,Good,26.4,6.5,Yes,12,Caution
Fruits,21.5,93,37,Good,9.3,6.1,Yes,21,Reject
Grains,33.4,77,23,Average,14.4,4.2,No,1,Caution
Fruits,26,86,13,Average,86.6,5.2,No,15,Reject
Grains,34.1,72,22,Good,36.1,5.6,No,21,Caution
Grains,19.5,79,34,Damaged,11.1,5.1,No,13,Reject
Meat,31.9,89,34,Good,33.6,4.2,Yes,18,Reject
Meat,4.4,44,51,Damaged,41.1,6.3,No,21,Reject
Meat,34.5,93,29,Good,60.9,5.3,No,13,Reject
Meat,23.4,83,58,Damaged,51.9,7,Yes,2,Reject
Dairy,34.6,49,34,Good,34.9,3.4,Yes,1,Caution
Fruits,15.7,64,13,Damaged,41.7,6.4,Yes,10,Caution
Meat,11.3,89,22,Good,15.8,6.1,Yes,6,Caution
Vegetables,13.1,60,3,Average,13.1,4.9,Yes,23,Caution
Meat,16.8,49,29,Good,57.7,4.2,Yes,21,Caution
Dairy,4.2,43,42,Good,42.4,4,Yes,23,Caution
Dairy,34.5,91,35,Good,74.6,3.9,No,23,Reject
Grains,25.8,74,54,Good,73.1,3.5,No,16,Caution
Dairy,5.8,53,7,Average,58.1,5.1,Yes,19,Safe
Fruits,31.6,50,8,Good,55.2,3.2,Yes,15,Caution
Fruits,24.5,79,32,Average,61.8,4.3,Yes,8,Caution
Vegetables,31.9,49,45,Average,54,6.3,Yes,3,Caution
Fruits,11.8,88,20,Good,81.7,3.8,Yes,15,Caution
Dairy,14.5,70,32,Average,54.5,3.5,Yes,15,Caution
Vegetables,6.2,43,52,Good,16.6,3.9,Yes,12,Caution
Grains,22.4,95,31,Good,29.6,4.1,No,16,Reject
Dairy,22.5,78,42,Good,50.2,5.4,Yes,22,Caution
Fruits,33.8,75,12,Good,25.5,3.7,Yes,22,Caution
Vegetables,27.6,79,34,Damaged,66.5,4.3,No,3,Reject
Grains,33.7,89,21,Damaged,85.9,5.9,No,3,Reject
Fruits,3.5,51,4,Damaged,83,3.4,No,10,Caution
Dairy,19.9,62,12,Good,78.1,4,Yes,20,Caution
Grains,19.2,55,25,Good,32.3,3.9,No,16,Caution
Meat,28.2,41,48,Good,34.2,4.2,No,9,Reject
Fruits,19.9,93,11,Good,66.2,3.5,No,12,Reject
Fruits,15.9,42,35,Average,35.5,5.2,Yes,10,Caution
Fruits,22.4,79,35,Good,72.4,4.6,No,9,Reject
Vegetables,6.5,42,15,Good,73.6,5.3,Yes,23,Safe
Dairy,18.3,77,52,Average,81.4,3.4,No,19,Reject
Vegetables,8.4,71,35,Good,45.2,3.3,Yes,9,Caution
Dairy,13.7,69,45,Average,50.3,4.7,Yes,18,Caution
Meat,14,60,49,Average,88.7,3.6,Yes,5,Caution
Dairy,12.9,80,48,Average,49.2,4.4,No,18,Reject
Vegetables,0.7,76,6,Average,55.2,6.4,Yes,20,Safe
Vegetables,20.2,72,40,Average,61.2,4.1,Yes,6,Caution
Dairy,26.8,81,2,Average,59.2,5.6,Yes,3,Caution
Grains,26.8,66,53,Good,49.3,4.1,No,19,Caution
Grains,17.3,51,8,Average,33.8,5.5,No,23,Caution
Fruits,5,94,51,Good,50,4.2,Yes,12,Caution
Dairy,9.3,89,28,Good,59.8,6.1,No,7,Reject
Dairy,25,47,49,Good,29.2,5.5,Yes,21,Caution
Dairy,4.1,53,7,Damaged,78.9,6.5,Yes,24,Caution
Fruits,30.3,92,57,Good,45,4.1,Yes,6,Caution
Fruits,18.8,60,55,Good,12.1,5.7,Yes,19,Caution
Dairy,29.6,50,10,Average,16.9,3.8,Yes,4,Caution
Dairy,12.4,42,43,Good,22.5,6.3,Yes,14,Caution
Dairy,17.8,53,34,Average,43.6,7.1,Yes,20,Reject
Meat,16.7,93,6,Good,56.5,5.7,Yes,1,Caution
Dairy,16.6,56,5,Average,86.5,6.7,No,1,Caution
Grains,4.9,58,34,Average,22.2,6.2,No,9,Caution
Meat,4.5,83,28,Average,24.9,6,Yes,14,Caution
Fruits,10,68,29,Damaged,44,4.4,Yes,11,Reject
Dairy,20.5,55,14,Good,84.6,3.2,No,10,Caution
Fruits,11.2,53,20,Damaged,9.2,4.8,No,11,Reject
Grains,16.6,57,4,Damaged,59.8,5.3,No,11,Caution
Meat,14.3,59,56,Good,68.2,6.8,Yes,22,Caution
Vegetables,24.6,84,26,Good,53.1,7.1,Yes,15,Caution
Vegetables,30.1,90,53,Damaged,74.1,3.9,Yes,8,Reject
Fruits,7.7,55,44,Good,83.8,4.7,Yes,8,Safe
Meat,21,83,36,Good,26.8,7.1,Yes,21,Caution
Dairy,13.2,77,50,Damaged,26.7,3.4,No,21,Reject
Vegetables,27.7,95,57,Average,73.6,6.7,Yes,4,Reject
Fruits,23.1,82,8,Damaged,82,6.4,Yes,5,Caution
Vegetables,27.9,70,55,Average,81.1,5,Yes,10,Caution
Dairy,34.5,54,53,Average,18.3,5.4,Yes,22,Reject
Fruits,25.7,48,5,Good,66.6,4.2,Yes,13,Caution
Fruits,16.6,75,13,Good,78.6,5.8,Yes,19,Caution
Vegetables,7.1,54,55,Good,29.2,6.6,Yes,17,Caution
Fruits,19.5,71,21,Good,60.1,4.2,Yes,23,Caution
Vegetables,31.8,87,37,Damaged,52.7,5.8,Yes,21,Reject
Vegetables,16.6,65,5,Good,20.1,6.1,Yes,8,Safe
Fruits,19.6,44,16,Average,49.3,5.8,Yes,18,Reject
Vegetables,34.6,59,6,Good,35.7,5.7,Yes,2,Safe
Fruits,25.1,57,37,Good,42.3,3.7,Yes,21,Caution
Fruits,9.5,81,29,Average,32.5,5.1,Yes,1,Caution
Vegetables,17.9,73,32,Good,69.2,4.5,Yes,22,Caution
Grains,15.7,81,50,Good,24.3,5.4,No,22,Caution
Meat,18,50,44,Damaged,66.4,4.3,Yes,8,Reject
Fruits,30.5,69,3,Good,44.1,6.7,No,3,Caution
Meat,24.3,69,22,Damaged,48,4.8,No,5,Reject
Fruits,1.1,73,17,Good,60,6.3,Yes,3,Safe
Dairy,29.1,61,14,Damaged,50.7,4.9,Yes,21,Reject
Dairy,10.2,66,48,Damaged,56.6,3.5,No,2,Reject
Grains,29.5,41,46,Good,40.8,4.1,No,3,Caution
Meat,21.2,55,55,Good,82.9,3.8,No,20,Reject
Vegetables,12.6,92,2,Average,78.6,7,Yes,5,Caution
Dairy,23.5,57,55,Average,18.8,3.7,No,14,Reject
Vegetables,31.5,49,15,Good,25.3,6.7,Yes,15,Caution
Meat,3.2,59,6,Average,62.7,4,Yes,20,Safe
Grains,7.6,57,55,Good,24.7,3.8,No,15,Caution
Vegetables,9.4,60,3,Average,73.6,3.2,Yes,15,Caution
Fruits,17.8,43,20,Damaged,41.6,4.5,Yes,7,Reject
Grains,18.4,42,30,Damaged,74,5.5,No,3,Reject
Fruits,4.3,91,18,Good,59,6.8,Yes,4,Caution
Meat,14.4,71,45,Good,22,5.4,No,2,Caution
Fruits,18.1,43,27,Good,70.7,6.8,Yes,20,Caution
Grains,33,44,20,Good,21.1,4.5,No,5,Caution
Fruits,8.2,43,25,Average,86.6,5.2,Yes,4,Caution
Meat,10.6,87,43,Good,47.4,6.1,Yes,15,Caution
Meat,33.5,66,30,Damaged,76.3,5.2,No,2,Reject
Meat,21.1,75,55,Average,23.4,3.2,Yes,9,Caution
Meat,26.9,67,26,Good,63.6,4.5,Yes,16,Caution
Dairy,32,84,23,Good,28.2,3.3,Yes,22,Caution
Vegetables,27.8,58,59,Good,79.1,4.3,Yes,3,Caution
Meat,28,50,34,Average,14.9,4.9,No,11,Reject
Meat,30.8,81,50,Good,24.7,5.9,No,3,Reject
Dairy,13.4,82,32,Average,38,6.1,Yes,4,Caution
Meat,31.1,85,48,Damaged,56.5,7,Yes,17,Reject
Fruits,21.3,78,44,Average,67.9,6.9,Yes,5,Caution
Dairy,5.2,85,49,Good,46.4,5.5,Yes,5,Safe
Fruits,20.8,64,19,Good,82.3,5.9,No,20,Reject
Dairy,31.5,78,10,Good,86.2,4.7,Yes,9,Caution
Fruits,27.4,91,45,Good,63.7,5.4,Yes,5,Caution
Fruits,19.4,51,15,Good,24.8,5.1,Yes,6,Caution
Dairy,22.7,57,54,Good,46,6.7,Yes,9,Caution
Meat,30.2,86,60,Good,34.8,5.3,Yes,3,Caution
Meat,27.1,50,22,Good,68.9,5.2,No,6,Reject
Dairy,9.6,85,13,Damaged,75.3,3.9,Yes,5,Caution
Fruits,16.5,49,1,Good,66.4,3.8,Yes,6,Safe
Meat,28.7,83,58,Good,66.3,5.6,Yes,16,Caution
Dairy,4.9,55,32,Good,72.5,3.9,Yes,3,Safe
Grains,24.7,70,57,Average,86,5.4,No,8,Caution
Grains,22.5,71,49,Good,47.1,6.4,No,16,Caution
Dairy,28.3,86,33,Average,80.5,3.8,Yes,8,Reject
Fruits,11.2,40,14,Good,78.4,4.8,No,24,Caution
Meat,25.2,84,20,Good,59.1,4,Yes,9,Caution
Vegetables,25.3,95,59,Good,46.6,6.4,Yes,2,Caution
Fruits,15.7,56,34,Good,86.1,3.5,Yes,5,Caution
Grains,32.5,90,31,Damaged,52.8,5.7,No,2,Reject
Fruits,31.8,41,33,Average,37.2,6.1,Yes,2,Caution
Fruits,3.1,43,55,Good,60.6,6,No,18,Caution
Vegetables,12.6,51,57,Good,76.8,3.7,No,3,Caution
Vegetables,17,59,3,Good,16.8,6.1,Yes,1,Safe
Vegetables,27.8,73,20,Good,25.3,5.8,No,16,Reject
Dairy,31.2,55,38,Good,43.2,4.3,Yes,7,Caution
Vegetables,20.3,63,49,Good,18.9,4.7,Yes,2,Caution
Vegetables,7.3,68,28,Average,10.6,3.8,Yes,13,Caution
Fruits,9.5,84,1,Good,36.5,6.4,Yes,17,Safe
Grains,9.3,51,48,Good,71.9,4.6,No,8,Caution
Grains,20.6,94,27,Average,18.6,3.4,No,13,Reject
Grains,7.7,44,25,Good,69.4,3.9,No,1,Safe
Fruits,6.5,54,15,Good,43,5.8,Yes,12,Safe
Dairy,4.4,88,8,Good,30.9,6.3,No,15,Caution
Grains,27.5,49,14,Average,59.2,4.1,No,10,Caution
Grains,11.9,59,40,Good,20.2,5.3,No,2,Caution
Vegetables,19.6,53,55,Good,54.9,7.2,Yes,11,Caution
Meat,24.6,49,43,Good,85.7,4.4,Yes,1,Caution
Vegetables,14.7,84,54,Good,63.9,6,No,10,Caution
Vegetables,23.2,67,40,Average,18.5,7.1,Yes,7,Caution
Meat,4.8,62,49,Average,35.1,7,Yes,12,Caution
Fruits,17.8,81,17,Damaged,33.3,6.7,Yes,11,Reject
Fruits,24.6,53,21,Average,23.2,4.7,Yes,10,Caution
Fruits,1.3,61,21,Good,19.2,3.5,Yes,5,Safe
Dairy,12.2,60,25,Average,38.5,4.5,No,16,Reject
Vegetables,16.1,66,29,Good,61.1,3.9,Yes,23,Caution
Vegetables,24.1,95,53,Good,72,4.3,Yes,3,Caution
Vegetables,19.5,51,21,Good,73.7,3.5,Yes,21,Caution
Dairy,16.4,83,56,Average,29.4,5.1,Yes,24,Reject
Grains,16.8,64,1,Good,55.1,4.7,No,5,Safe
Fruits,13.6,75,16,Good,15.2,3.8,Yes,2,Caution
Dairy,18.7,75,53,Average,24.1,5.3,Yes,6,Caution
Fruits,30.4,86,50,Average,88.5,5,Yes,13,Reject
Fruits,27.9,80,33,Good,14.8,4.8,Yes,16,Caution
Fruits,4.7,66,53,Good,8.5,4.8,Yes,10,Safe
Grains,3.5,83,18,Good,47,7.2,No,15,Caution
Dairy,6.2,93,9,Good,12.8,5.7,No,20,Caution
Vegetables,23.6,71,1,Good,74.2,5.2,No,23,Caution
Dairy,2.1,67,18,Damaged,43.2,6.9,Yes,1,Caution
Vegetables,7.5,89,20,Average,81.9,6.9,Yes,5,Caution
Vegetables,27.4,59,35,Average,36.5,3.5,Yes,11,Reject
Vegetables,3.9,71,53,Good,68.1,6.1,Yes,5,Safe
Fruits,9.4,64,45,Good,32.5,3.4,Yes,14,Caution
Meat,28.5,68,40,Average,46.4,7,Yes,15,Reject
Dairy,5.5,43,31,Damaged,21.6,6.4,No,19,Reject
Vegetables,15.8,49,20,Good,71.9,7,No,8,Reject
Vegetables,5,58,57,Good,48.4,5,Yes,20,Caution
Vegetables,9.9,60,32,Damaged,52.3,3.5,No,13,Reject
Fruits,14.1,80,48,Average,71.7,4.6,No,23,Reject
Dairy,11.1,84,39,Good,30.8,4.4,Yes,19,Caution
Dairy,26.5,65,4,Good,85.2,3.4,No,2,Caution
Grains,2.7,61,52,Good,61.2,3.4,No,13,Caution
Grains,27.9,84,5,Good,64.7,7,No,12,Caution
Grains,6.8,48,43,Good,17.4,5,No,15,Caution
Grains,27.6,83,25,Good,41.6,7,No,8,Caution
Dairy,28.4,65,39,Good,83.8,7,Yes,11,Caution
Vegetables,8.5,82,8,Good,72.4,5.6,Yes,10,Safe
Grains,18.3,62,37,Good,76,5.5,No,23,Caution
Meat,18.7,63,5,Good,13.3,6.3,No,20,Caution
Vegetables,2.3,57,53,Good,21,4.9,No,21,Caution
Grains,33.8,71,35,Average,30.7,6.9,No,24,Reject
Fruits,6,95,1,Average,57.1,6.4,No,5,Caution
Vegetables,0.5,95,42,Good,80.5,5.8,No,13,Reject
Vegetables,5.2,58,32,Good,14.7,5.8,Yes,6,Safe
Fruits,21,63,42,Good,25.3,3.7,No,9,Reject
Vegetables,22.7,92,42,Average,40.9,6,Yes,6,Reject
Grains,34.3,85,7,Good,77.7,3.5,No,24,Caution
Vegetables,1.4,48,34,Good,87.9,5,No,3,Caution
Vegetables,3.1,73,8,Good,14.4,7.2,Yes,15,Safe
Vegetables,14,72,7,Average,88.9,6.3,Yes,1,Safe
Fruits,26.4,94,47,Average,13.6,5.3,Yes,2,Reject
Fruits,20.7,69,45,Good,85.7,7.1,No,7,Reject
Fruits,5.3,79,20,Damaged,58,6.2,Yes,24,Caution
Dairy,1.4,62,17,Good,14.6,4.6,Yes,8,Safe
Vegetables,5.6,94,24,Average,28.2,6.8,Yes,23,Caution
Vegetables,3.9,46,53,Good,81.8,5.1,Yes,18,Caution
Meat,14.2,83,46,Good,54.8,7.1,Yes,15,Caution
Meat,32.3,65,26,Damaged,36.1,6.2,Yes,17,Reject
Vegetables,4.1,63,25,Good,19.2,5.8,Yes,10,Safe
Vegetables,14.5,65,49,Good,8.5,5.9,No,9,Caution
Meat,14.8,57,40,Good,45.5,4.2,Yes,4,Caution
Vegetables,27.6,47,44,Damaged,38.3,7,Yes,11,Reject
Meat,26.4,47,34,Damaged,53.6,3.4,Yes,23,Reject
Dairy,4.4,58,16,Good,39.7,3.6,No,21,Caution
Vegetables,5.1,47,30,Good,70.4,4.9,Yes,4,Safe
Grains,8.6,85,25,Average,37,4.1,No,7,Caution
Dairy,4.8,80,48,Good,22.1,5.9,Yes,17,Caution
Dairy,11,92,27,Damaged,64.9,5.2,Yes,23,Reject
Grains,28.8,41,18,Average,77.6,4.5,No,1,Caution
Meat,17.5,77,49,Average,15.2,5.8,Yes,2,Caution
Meat,6.7,72,43,Good,40,4,No,11,Caution
Fruits,3.4,87,52,Good,48.7,3.9,Yes,11,Caution
Meat,2.2,59,44,Good,78.4,7.1,Yes,7,Safe
Meat,17.2,80,49,Damaged,61.5,4.3,No,19,Reject
Grains,5.2,85,51,Good,78,4.6,No,11,Caution
Fruits,19.7,88,25,Damaged,8.5,5.1,Yes,13,Reject
Vegetables,15.9,74,24,Damaged,47.2,6.6,Yes,23,Reject
Grains,25.8,56,8,Good,16.5,4.6,No,19,Caution
Dairy,31.6,57,28,Good,51,5.2,No,5,Reject
Vegetables,9.3,77,1,Good,34.3,5.7,No,16,Caution
Grains,17.2,58,55,Average,46.7,6.2,No,8,Caution
Vegetables,23.9,79,55,Average,58.7,6.5,Yes,18,Reject
Fruits,19.6,63,35,Good,65.2,3.5,Yes,6,Caution
Meat,9.5,45,12,Damaged,23.8,3.2,Yes,5,Caution
Vegetables,34.3,53,37,Average,73.7,6.7,Yes,3,Caution
Vegetables,10.1,60,3,Good,68,5,Yes,15,Safe
Fruits,11.2,94,35,Damaged,20.5,3.2,Yes,14,Reject
Grains,16.4,82,12,Good,16.9,5.5,No,23,Caution
Dairy,29.5,65,30,Good,66.3,4.6,No,3,Reject
Dairy,19.8,41,7,Average,13.6,6.4,Yes,1,Caution
Vegetables,22.2,85,43,Good,76.8,3.5,Yes,2,Caution
Meat,34.6,49,60,Good,49,4.9,Yes,23,Caution
Meat,20.8,59,16,Good,84.9,3.8,Yes,12,Caution
Meat,6.8,59,41,Good,39.4,7,Yes,9,Safe
Fruits,3.9,44,56,Average,80.3,7,Yes,15,Caution
Fruits,29.8,90,24,Good,8.7,6.7,No,23,Reject
Vegetables,21.9,52,36,Average,30.7,4.7,Yes,23,Reject
Meat,19.4,41,3,Good,78.6,4.1,Yes,16,Caution
Fruits,18.8,88,50,Good,85.5,3.8,Yes,1,Caution
Vegetables,14.4,74,13,Average,15.6,6.5,Yes,12,Caution
Dairy,31.8,95,13,Damaged,60.8,6.9,No,12,Reject
Meat,18.3,68,33,Average,51.6,5.5,Yes,2,Caution
Grains,0.1,86,26,Damaged,33.1,5.3,No,19,Reject
Meat,14.6,54,54,Average,21.8,4.7,No,4,Reject
Fruits,33.2,64,30,Average,75,4.1,No,9,Reject
Vegetables,6.5,76,26,Average,71.1,3.3,Yes,21,Caution
Fruits,2.3,52,16,Good,42.7,6.9,Yes,23,Caution
Grains,18.4,49,36,Good,39.7,4.9,No,15,Caution
Grains,34.7,63,5,Damaged,79.4,6.2,No,5,Caution
Fruits,34.8,69,46,Good,73.9,5.3,No,12,Reject
Fruits,12.4,52,33,Good,28.1,4.2,Yes,7,Caution
Vegetables,34.8,95,6,Average,36.2,6.8,Yes,22,Caution
Grains,16,85,20,Good,33.4,3.8,No,4,Caution
Vegetables,6.5,94,31,Good,22.8,6.6,No,6,Caution
Meat,26.7,77,36,Damaged,47.7,6.1,No,11,Reject
Fruits,23.1,43,58,Good,9.8,5.4,Yes,10,Caution
Fruits,30.9,42,4,Good,17.2,3.6,Yes,21,Caution
Dairy,27.6,81,20,Good,27.5,5.4,Yes,14,Caution
Vegetables,0.6,50,23,Good,35.6,4.2,Yes,11,Caution
Meat,0.7,92,49,Good,35.2,5.3,Yes,24,Caution
Dairy,35,91,38,Good,65.7,4,Yes,14,Reject
Grains,35,49,47,Damaged,55.3,6.6,No,21,Reject
Fruits,33.7,62,4,Good,53.9,6.7,Yes,19,Caution
Fruits,32.3,70,40,Good,61.3,6.6,Yes,16,Caution
Vegetables,26.6,68,50,Damaged,52.8,3.2,No,18,Reject
Vegetables,30.8,76,60,Good,42.2,4.9,No,11,Reject
Meat,10.4,56,24,Good,53,5.9,No,3,Caution
Meat,13.2,63,20,Average,15.6,5.4,Yes,7,Caution
Grains,19.3,56,24,Good,21.3,4.1,No,13,Caution
Vegetables,6.2,71,52,Good,32.2,4.7,Yes,4,Safe
Vegetables,16.8,42,32,Good,19,3.2,Yes,15,Caution
Meat,10.8,73,30,Good,40,5.6,Yes,19,Caution
Meat,16.6,41,15,Average,69.9,5.2,Yes,7,Caution
Grains,19.6,57,8,Damaged,30.6,6.4,No,14,Reject
Fruits,19,44,32,Good,86.2,3.6,No,1,Reject
Vegetables,26.1,47,32,Good,32.5,7,No,23,Reject
Vegetables,22.4,57,45,Good,33.8,6.7,Yes,14,Caution
Meat,17.4,83,47,Damaged,50.7,4,No,20,Reject
Meat,20,62,22,Average,34.7,6.4,Yes,22,Reject
Fruits,10.3,65,54,Good,21.5,4.9,No,6,Caution
Grains,6.6,66,3,Average,25.7,4.3,No,4,Safe
Vegetables,23.6,88,55,Good,45.1,6.5,Yes,11,Reject
Vegetables,15.7,64,53,Average,19.1,3.2,Yes,15,Reject
Meat,4.8,49,40,Damaged,46.8,4.1,Yes,14,Caution
Meat,30.5,79,57,Good,74.3,6.1,Yes,17,Caution
Grains,21.6,48,57,Good,18,4.9,No,10,Caution
Dairy,23.9,55,18,Average,77.2,3.6,No,9,Reject
Vegetables,18.2,72,44,Average,31.2,5.4,No,12,Reject
Dairy,32.2,72,34,Good,79.1,6.4,No,3,Reject
Dairy,4.1,87,29,Good,75.4,4.3,No,12,Reject
Dairy,29.7,55,21,Good,63.9,5.2,Yes,2,Caution
Vegetables,13.9,87,20,Good,31.6,4.4,Yes,12,Caution
Grains,31.6,86,31,Good,64.2,4.3,No,19,Reject
Meat,13.1,40,5,Damaged,8.5,3.4,Yes,21,Caution
Fruits,25.6,56,4,Good,87.3,4.4,Yes,1,Safe
Dairy,32.6,68,45,Good,83.3,5.8,Yes,3,Caution
Dairy,31.9,68,11,Damaged,25.3,6,No,24,Reject
Meat,31.7,71,52,Average,69.9,5.4,Yes,6,Caution
Fruits,12.3,77,43,Damaged,33.6,5.4,No,3,Reject
Meat,13.2,51,12,Good,79.2,4.1,No,17,Caution
Grains,21.4,77,6,Good,35.3,4.8,No,19,Caution
Meat,12.9,46,36,Good,38.6,4.8,No,3,Caution
Grains,7.4,88,27,Good,78.9,4.7,No,15,Caution
Vegetables,16.1,83,18,Damaged,89,6.9,Yes,18,Reject
Grains,0.3,61,8,Good,46.2,4.4,No,12,Safe
Fruits,5.3,62,49,Good,89,5.8,Yes,22,Caution
Dairy,18.3,68,39,Damaged,17.6,6.1,Yes,22,Reject
Fruits,18.5,92,48,Damaged,50.3,4.3,Yes,16,Reject
Grains,16.6,80,46,Good,63.2,4.8,No,16,Caution
Fruits,0.1,90,14,Damaged,58.5,4.7,No,19,Reject
Vegetables,3.2,76,35,Good,10.7,3.6,No,15,Caution
Fruits,20.3,88,24,Damaged,17.7,4.4,Yes,17,Reject
Grains,13.4,69,16,Good,8.6,4.8,No,12,Caution
Vegetables,12,57,37,Good,85.4,5.6,Yes,24,Caution
Vegetables,0.9,74,51,Good,70.3,3.6,No,5,Caution
Meat,24.4,62,53,Good,49.6,4.2,No,12,Reject
Dairy,13.8,68,45,Good,54.9,4.5,No,5,Caution
Dairy,29.3,52,28,Good,72.2,6.2,Yes,16,Caution
Dairy,11.5,66,29,Good,11.5,5,No,10,Caution
Fruits,11.2,70,13,Good,60.4,5.7,Yes,13,Caution
Dairy,31.3,56,50,Good,31,4.6,Yes,6,Caution
Fruits,14,44,55,Good,86.9,6.3,Yes,4,Caution
Fruits,11.5,67,40,Good,46.9,3.9,Yes,7,Caution
Vegetables,15.5,88,17,Good,82.5,3.4,Yes,24,Reject
Vegetables,11.4,64,13,Good,29,4.6,No,2,Caution
Meat,28.1,41,23,Damaged,81.3,3.9,Yes,21,Reject
Meat,24.8,47,37,Average,89.6,6.2,Yes,20,Reject
Meat,15.5,41,9,Average,39.6,6.4,Yes,23,Caution
Grains,27.8,95,39,Good,59.2,5.7,No,23,Reject
Fruits,13.7,56,21,Damaged,26.1,6.4,Yes,19,Reject
Meat,32.5,94,47,Good,68.3,4.1,Yes,18,Reject
Fruits,8.7,74,18,Damaged,15.5,6.4,No,7,Reject
Meat,14.7,57,9,Average,77,5.4,Yes,15,Caution
Fruits,6.9,49,51,Good,50.5,7,Yes,1,Safe
Grains,10.1,47,51,Good,65.6,3.6,No,22,Caution
Fruits,20.4,70,10,Average,75.8,4.7,No,7,Reject
Dairy,3.6,65,50,Good,41.5,5.7,No,24,Caution
Meat,30.1,73,59,Good,10.2,6.4,No,12,Reject
Dairy,30.1,72,42,Average,27.8,6.1,No,11,Reject
Vegetables,3.9,93,31,Average,86.8,4.8,Yes,11,Caution
Vegetables,12.3,53,30,Good,26.4,4.9,Yes,5,Caution
Fruits,14.1,45,3,Good,30.7,3.7,Yes,21,Safe
Vegetables,13.3,83,47,Average,60.4,5,Yes,8,Caution
Dairy,25.6,64,31,Good,42.7,5,Yes,10,Caution
Meat,13.6,94,45,Damaged,10.8,4.3,Yes,16,Reject
Vegetables,6.2,60,2,Good,81.5,6.2,Yes,10,Safe
Dairy,11.1,50,56,Damaged,69.5,6.4,Yes,1,Caution
Grains,30.1,93,21,Average,54.6,7,No,10,Reject
Grains,32.6,85,21,Average,45.6,5,No,7,Caution
Grains,11.9,51,10,Good,59.5,6.6,No,23,Caution
Fruits,32.1,61,25,Good,48,4.5,No,22,Reject
Grains,13.3,46,57,Good,20.8,5,No,20,Caution
Fruits,6.9,82,57,Good,38.9,5.8,No,9,Caution
Dairy,3.8,81,37,Average,80.4,5.6,No,22,Reject
Dairy,4.9,82,36,Good,15.2,6.8,Yes,12,Caution
Vegetables,22.2,75,55,Good,23.5,6.8,Yes,3,Caution
Fruits,1.9,89,11,Good,81,5,No,5,Caution
Vegetables,21,45,22,Good,13.3,5.7,No,2,Reject
Dairy,0.1,57,18,Damaged,45.3,7.1,No,6,Reject
Dairy,20.3,59,47,Good,20.3,6,Yes,20,Caution
Fruits,14.3,59,21,Damaged,64.3,6.1,Yes,21,Reject
Vegetables,33,63,50,Damaged,61.1,5.7,No,2,Reject
Dairy,24.7,73,37,Average,65.6,5.7,No,10,Reject
Grains,29.1,55,51,Good,35.7,5.6,No,23,Caution
Meat,29.1,41,13,Good,87.2,6.5,No,12,Reject
Grains,1.8,76,38,Damaged,87.2,4.1,No,4,Caution
Dairy,20.7,80,41,Good,17.8,6.6,Yes,21,Caution
Vegetables,12,61,1,Damaged,30.8,6.6,Yes,2,Caution
Grains,19.7,78,11,Damaged,62.1,4.9,No,23,Reject
Meat,4,83,56,Good,20.6,5.1,Yes,23,Caution
Dairy,6,71,4,Good,59.8,3.7,No,6,Safe
Fruits,18.6,72,56,Good,81.8,4.3,Yes,24,Caution
Dairy,2.4,66,19,Damaged,18.9,4.6,Yes,22,Caution
Fruits,24.8,89,31,Good,31,5.8,Yes,14,Reject
Fruits,14.9,41,50,Good,77.3,3.8,Yes,7,Caution
Dairy,16.6,45,24,Damaged,21.5,6.7,No,16,Reject
Dairy,33,60,26,Good,66.2,6.6,Yes,14,Caution
Vegetables,21.5,67,29,Average,66.2,3.7,Yes,5,Caution
Meat,32.6,65,28,Good,16.4,4.4,Yes,4,Caution
Fruits,5.4,73,12,Average,48.8,6.5,Yes,23,Caution
Vegetables,32,86,36,Good,52.7,3.3,No,4,Reject
Fruits,12.2,50,59,Damaged,89.9,4.2,Yes,9,Caution
Vegetables,13.4,55,26,Good,56.4,4.5,Yes,17,Caution
Vegetables,4.8,53,44,Good,21,4.4,No,10,Caution
Vegetables,1.2,47,8,Good,31.4,4,Yes,6,Safe
Dairy,19.1,63,34,Average,29.8,5,Yes,13,Reject
Dairy,21.6,84,31,Average,89,6.9,Yes,3,Caution
Grains,29.8,60,17,Good,32.2,5.2,No,9,Caution
Fruits,20.4,78,57,Good,45.8,3.6,Yes,21,Caution
Grains,22.5,78,25,Good,63.9,5.9,No,3,Caution
Grains,13.8,66,3,Good,43.1,4.5,No,22,Safe
Fruits,19.5,67,41,Good,69.1,3.3,Yes,12,Caution
Dairy,9.7,58,1,Damaged,48.2,7,No,17,Reject
Vegetables,13.8,87,40,Good,18.3,5.6,No,21,Reject
Fruits,3.5,77,49,Good,63,6.1,Yes,24,Caution
Vegetables,27.8,92,38,Good,39.7,3.4,Yes,8,Caution
Dairy,34.2,88,20,Good,70.6,3.6,Yes,1,Caution
Grains,25.1,57,48,Damaged,35.9,4.4,No,8,Reject
Meat,12.8,50,41,Good,74.1,5.9,No,10,Caution
Vegetables,1.1,49,3,Good,80.8,7,Yes,20,Safe
Dairy,13.1,94,28,Good,40.6,5.9,No,4,Reject
Vegetables,3.8,90,19,Average,68.9,5.6,No,17,Reject
Dairy,6.2,43,46,Damaged,79,7.1,Yes,2,Caution
Meat,15.3,79,15,Good,80,6,Yes,14,Caution
Meat,23.7,58,36,Good,23.2,4.1,Yes,19,Caution
Meat,7.3,56,19,Damaged,47.2,5.5,Yes,14,Caution
Dairy,25.7,88,8,Good,16.4,5.8,Yes,11,Caution
Dairy,33.3,40,53,Average,33.4,6.5,No,13,Reject
Vegetables,22,77,56,Good,14.2,5.1,Yes,1,Caution
Grains,33.3,45,19,Average,86.1,7,No,3,Caution
Vegetables,2.8,77,52,Good,34.7,4.6,Yes,5,Safe
Fruits,20.5,95,32,Good,73.1,6.4,No,20,Reject
Vegetables,23.6,76,50,Good,73.1,5.3,Yes,15,Caution
Fruits,12.7,78,13,Average,40.3,4.1,Yes,19,Caution
Grains,17.6,52,15,Good,13.6,4.3,No,3,Caution
Grains,28.5,61,52,Good,61.9,4.6,No,22,Caution
Dairy,5.1,81,51,Average,28.6,4.7,Yes,13,Caution
Fruits,28.9,65,53,Damaged,84.3,4.7,Yes,23,Reject
Grains,34.2,49,15,Good,59.8,4.6,No,18,Caution
Fruits,17.9,94,57,Average,80.1,6.1,Yes,13,Reject
Fruits,21.2,63,19,Good,66.4,3.5,Yes,9,Caution
Fruits,7.1,58,43,Damaged,83.7,3.7,Yes,8,Caution
Vegetables,27.6,45,60,Good,42.6,5.1,No,19,Reject
Meat,18.4,55,20,Good,56.5,4.1,Yes,24,Caution
Meat,34,77,41,Damaged,60.8,7.2,Yes,21,Reject
Fruits,12.9,51,8,Good,87,4.8,Yes,23,Caution
Meat,20.3,58,58,Good,35.3,5.9,No,2,Reject
Fruits,25.1,68,20,Good,9.3,5.6,Yes,12,Caution
Grains,5.9,82,6,Average,76.8,6.9,No,3,Safe
Grains,26.2,54,22,Good,53.1,5.5,No,16,Caution
Fruits,12.5,84,5,Good,9,3.6,Yes,21,Safe
Meat,9.2,69,9,Good,29.6,3.7,No,6,Caution
Fruits,13.9,89,42,Good,88.4,7.2,Yes,12,Caution
Grains,23.8,47,47,Average,56.1,5.1,No,11,Reject
Grains,13.5,56,11,Good,27.6,3.6,No,10,Safe
Dairy,32.1,81,45,Good,14.4,5.4,Yes,16,Caution
Fruits,32.9,51,4,Damaged,37,7,Yes,2,Caution
Fruits,9.7,65,22,Damaged,33,4.2,Yes,6,Caution
Grains,9.7,63,26,Average,64.8,5.2,No,19,Caution
Dairy,25.1,94,10,Average,48.6,4.1,Yes,11,Reject
Grains,28.5,61,51,Good,8.3,7.1,No,9,Caution
Dairy,20.5,74,12,Good,29,3.6,Yes,22,Caution
Meat,7.1,66,57,Good,30,3.6,Yes,8,Safe
Meat,22.5,45,38,Good,74.9,6.4,Yes,2,Caution
Grains,4.1,63,22,Good,40.3,7,No,11,Caution
Vegetables,27.6,71,20,Good,60.2,5.7,No,16,Reject
Dairy,18.4,54,18,Good,31.6,6.4,No,13,Reject
Meat,22.8,66,29,Damaged,79,5.5,No,6,Reject
Fruits,2.7,81,14,Average,63,6.7,No,4,Caution
Vegetables,0.2,94,55,Average,42.3,6.5,Yes,9,Caution
Meat,23.3,86,57,Good,83.8,3.9,Yes,22,Reject
Dairy,24.4,69,60,Good,14.3,7.1,Yes,17,Caution
Vegetables,32.4,73,25,Good,17.9,5.1,No,21,Reject
Vegetables,1.8,79,41,Good,44.5,6.8,No,11,Caution
Vegetables,27,65,17,Good,37.6,6.5,Yes,9,Caution
Dairy,8.3,61,9,Good,54.2,5.4,No,23,Caution
Vegetables,20.4,46,16,Damaged,50.6,4.8,No,7,Reject
Grains,14.8,88,45,Good,23.4,4.5,No,9,Caution
Meat,20.7,61,59,Good,19.1,4.2,Yes,10,Caution
Grains,0.5,60,52,Good,42.2,6.9,No,24,Caution
Dairy,28.8,92,1,Average,52.8,6.1,No,22,Reject
Vegetables,14.2,78,16,Average,8.8,6.2,Yes,6,Caution
Dairy,22.7,49,57,Good,13.3,4.7,No,9,Reject
Grains,32,67,32,Average,45.9,4.7,No,11,Reject
Vegetables,34.2,44,47,Good,32.6,3.9,Yes,14,Caution
Fruits,12,70,53,Good,19,4.7,Yes,14,Caution
Dairy,21.5,93,34,Damaged,36.7,4.4,Yes,6,Reject
Grains,10.8,64,54,Good,68,3.8,No,4,Caution
Meat,23.3,92,53,Good,53.1,7.2,Yes,9,Caution
Meat,15.4,63,28,Good,74.1,5.3,Yes,21,Caution
Fruits,34.6,47,4,Good,32,6.5,No,16,Caution
Fruits,7.8,88,53,Average,66.5,5.9,Yes,18,Caution
Fruits,5,40,2,Good,50.3,6.7,Yes,16,Safe
Fruits,32.4,60,18,Average,19.3,3.3,Yes,11,Reject
Vegetables,28.7,79,6,Good,39.1,6.8,No,15,Caution
Dairy,14,66,50,Good,79.1,5.2,Yes,23,Caution
Vegetables,31.1,67,33,Good,25.1,3.4,No,12,Reject
Fruits,21.6,89,14,Good,45,5.3,Yes,18,Caution
Meat,10.3,74,32,Good,19.8,3.9,No,3,Caution
Grains,18.1,47,52,Good,64.8,5.8,No,16,Caution
Fruits,11.6,93,50,Good,53.9,3.3,Yes,2,Caution
Vegetables,19.6,81,28,Good,24.5,6.2,Yes,13,Caution
Grains,7.3,90,19,Good,14.5,4.7,No,24,Caution
Dairy,14.9,41,45,Good,86.8,4.3,No,15,Reject
Meat,9.4,51,60,Good,60.3,3.8,No,6,Caution
Fruits,25.4,62,40,Average,79.9,3.9,No,5,Reject
Grains,17.7,43,48,Good,15.4,3.3,No,8,Caution
Meat,6.2,62,31,Good,18.5,5.1,Yes,16,Caution
Meat,1.2,86,41,Good,78.2,4,Yes,20,Caution
Grains,16.1,88,18,Good,22.5,5.9,No,21,Reject
Fruits,24.2,61,6,Good,43.3,4.8,Yes,19,Caution
Meat,3.9,66,30,Good,24.9,5.5,No,22,Caution
Meat,4.9,46,57,Good,52.9,6.1,No,16,Caution
Meat,20.9,61,44,Average,71.6,6.6,Yes,23,Reject
Grains,11.9,68,49,Good,17.2,5.1,No,17,Caution
Fruits,27.2,91,54,Good,21.5,3.9,Yes,13,Reject
Vegetables,16.6,48,17,Good,47.5,5.4,Yes,1,Caution
Fruits,4.6,62,38,Good,31.2,3.6,Yes,22,Caution
Fruits,32.2,57,9,Good,72.5,3.6,No,1,Caution
Dairy,9.2,86,44,Good,25.1,5.3,Yes,1,Caution
Meat,12.8,76,24,Good,65.4,5,No,3,Caution
Vegetables,34.7,68,47,Good,14.2,5,Yes,12,Caution
Grains,32.9,72,40,Good,46.1,6.1,No,12,Caution
Vegetables,34.2,87,38,Good,84.7,6.5,Yes,11,Reject
Grains,13.6,72,55,Good,64.1,4.1,No,24,Caution
Grains,12.6,52,22,Good,45.7,3.9,No,1,Caution
Vegetables,29.3,60,48,Average,32.7,5.2,No,18,Reject
Meat,19.9,86,35,Good,41.2,5,Yes,18,Reject
Vegetables,17.7,82,40,Good,88.4,5.2,Yes,12,Caution
Dairy,25.6,51,19,Good,71.2,3.6,Yes,15,Caution
Fruits,17.8,44,27,Damaged,44.5,5.8,No,18,Reject
Dairy,15.4,49,43,Damaged,49.6,5.2,Yes,2,Reject
Vegetables,29.8,87,11,Average,13.2,3.5,Yes,4,Caution
Grains,5.5,88,57,Damaged,30.1,4.8,No,15,Reject
Fruits,22.6,58,41,Good,30.1,5,Yes,6,Caution
Grains,9.3,67,58,Good,17.1,3.8,No,17,Caution
Dairy,1.1,51,29,Good,10.5,3.8,No,2,Caution
Fruits,5.1,90,52,Average,58.9,4.3,Yes,5,Caution
Vegetables,1.7,92,57,Damaged,11.8,4.2,Yes,18,Reject
Meat,9.5,76,25,Good,43.7,6.6,Yes,12,Caution
Meat,7.5,62,16,Good,17.2,3.5,Yes,18,Caution
Grains,4.6,53,56,Damaged,44.3,4,No,16,Caution
Vegetables,30.8,51,47,Good,58.4,5.7,Yes,1,Caution
Meat,14.2,85,54,Average,50.9,6.9,Yes,11,Caution
Fruits,22.7,48,39,Average,67.8,4.9,Yes,3,Caution
Vegetables,3.6,66,54,Average,63.2,3.3,Yes,6,Caution
Vegetables,5.9,69,26,Good,71.8,5.9,No,5,Caution
Dairy,7.2,43,33,Good,8.7,4.7,Yes,23,Caution
Vegetables,30.2,86,3,Damaged,79.5,6.2,Yes,19,Reject
Vegetables,22,69,27,Average,40.8,6.4,Yes,7,Caution
Vegetables,28.5,71,37,Average,74.1,3.8,No,3,Reject
Dairy,19.9,60,24,Good,23.5,6.5,Yes,23,Caution
Fruits,22.4,46,51,Average,50.6,5.6,No,13,Reject
Fruits,12.6,48,55,Good,22,5.7,Yes,18,Caution
Meat,30.9,44,46,Good,79.3,4,No,2,Reject
Vegetables,23.1,77,7,Good,11.3,4.2,No,10,Caution
Fruits,7.2,56,57,Good,19.7,5.2,Yes,2,Safe
Grains,12.4,78,1,Average,48.5,4.3,No,1,Safe
Meat,11.6,47,43,Good,40.3,6.4,No,7,Caution
Fruits,2.7,47,3,Good,28.3,5,No,14,Caution
Vegetables,0.6,59,4,Good,53.1,4.1,Yes,2,Safe
Fruits,2,53,37,Good,23.6,3.8,Yes,23,Caution
Vegetables,11.9,70,53,Good,82.4,4.2,No,11,Reject
Dairy,31.8,77,5,Good,45,4.7,Yes,10,Safe
Meat,16.8,74,21,Good,42.4,6.1,No,15,Reject
Grains,30.7,62,42,Average,22.4,4.6,No,5,Caution
Grains,21.3,59,55,Damaged,23.2,4,No,9,Reject
Grains,0.1,42,60,Damaged,24.9,3.8,No,20,Caution
Grains,19.8,46,3,Damaged,85,3.7,No,14,Caution
Fruits,7.5,78,11,Damaged,39.7,4.1,Yes,8,Caution
Vegetables,31.5,56,26,Good,53.2,4.5,No,1,Reject
Vegetables,25.2,57,21,Good,30.2,5.6,Yes,15,Caution
Grains,35,86,14,Good,82.2,6,No,18,Caution
Grains,2.3,49,42,Damaged,50.1,5.5,No,23,Caution
Grains,24.9,88,41,Good,12.9,3.7,No,8,Caution
Grains,16,50,17,Good,34.6,4.2,No,8,Caution
Grains,20.1,90,44,Good,67.7,5.9,No,15,Reject
Vegetables,16.8,67,57,Good,80.2,6.4,No,3,Reject
Meat,15.6,50,47,Good,88.7,4.5,Yes,21,Caution
Fruits,14,75,23,Average,40.3,3.7,Yes,4,Caution
Vegetables,2.6,69,39,Good,65.2,6.9,Yes,8,Safe
Meat,22.2,85,17,Good,22.5,5.5,No,15,Reject
Dairy,15,89,29,Average,65.9,5.6,Yes,9,Caution
Fruits,26.9,83,36,Damaged,23.7,6.8,Yes,17,Reject
Grains,30.1,67,53,Good,73.2,5.5,No,20,Caution
Fruits,21,92,31,Average,23.3,5.5,Yes,2,Reject
Meat,20.4,43,17,Average,31.4,6.7,No,21,Reject
Dairy,7.8,77,29,Average,15,4,Yes,15,Caution
Vegetables,3.3,89,60,Average,79.6,5.7,Yes,4,Caution
Dairy,30.4,89,48,Good,86.9,3.8,Yes,9,Caution
Dairy,33.7,65,48,Good,87.8,6,Yes,3,Caution
Dairy,1.7,46,59,Good,60.7,6.9,Yes,1,Safe
Dairy,27.5,66,57,Damaged,80.5,3.6,No,13,Reject
Meat,5.5,86,5,Good,68.6,4.7,Yes,9,Safe
Grains,15.3,75,29,Damaged,68.8,6.4,No,18,Reject
Meat,5.5,83,13,Good,14.3,5.7,No,21,Caution
Dairy,16.2,82,53,Average,86.1,6.5,Yes,16,Reject
Grains,20.9,53,37,Good,37.7,4.6,No,2,Caution
Meat,17,45,18,Good,60.3,5.3,Yes,8,Caution
Vegetables,13.3,54,51,Good,69.9,6.6,No,20,Reject
Meat,27.5,83,44,Damaged,22.3,5.4,Yes,12,Reject
Grains,6.5,43,55,Good,56.2,6.4,No,13,Caution
Vegetables,34.3,87,34,Good,51.1,3.8,Yes,15,Reject
Grains,28.3,40,43,Average,62.8,4.8,No,12,Reject
Dairy,22.7,58,22,Good,26.2,4,No,4,Reject
Vegetables,5.1,55,25,Good,56.1,4.1,Yes,15,Caution
Fruits,19.1,62,32,Good,55.7,6.2,No,17,Reject
Grains,11,49,54,Damaged,52.3,4.2,No,3,Caution
Grains,16.8,50,46,Damaged,14.1,6.2,No,13,Reject
Dairy,25,62,25,Good,57.2,3.7,No,11,Reject
Fruits,14,50,10,Damaged,78.4,6.4,No,2,Reject
Meat,30.8,80,44,Average,19.9,4.8,Yes,19,Reject
Meat,18.6,52,26,Good,16.2,4.4,Yes,5,Caution
Dairy,14.7,79,10,Average,80.6,4,No,23,Reject
Vegetables,25.8,51,8,Good,8.1,5.2,Yes,3,Caution
Meat,34,75,13,Good,53.1,3.7,Yes,20,Caution
Dairy,1.8,80,25,Average,18.5,7,Yes,11,Caution
Meat,10,45,7,Average,41.8,3.6,Yes,2,Safe
Vegetables,8.6,94,47,Average,40.6,4.1,Yes,24,Reject
Fruits,6.9,90,3,Good,29.4,4.8,Yes,2,Safe
Meat,15.2,59,26,Good,66.4,5,Yes,12,Caution
Fruits,31.4,66,32,Damaged,73.2,5.9,Yes,17,Reject
Grains,15.5,82,10,Good,68.8,6.1,No,6,Caution
Meat,32.1,81,37,Damaged,30.1,4.9,Yes,21,Reject
Fruits,5.4,83,11,Damaged,69.6,6.7,Yes,24,Caution
Meat,6.7,63,11,Average,11.1,5.9,Yes,8,Safe
Meat,12.3,84,41,Good,56,6.4,Yes,10,Caution
Meat,21.9,84,25,Good,27.3,7,Yes,4,Caution
Meat,17.9,74,49,Average,81.8,5.3,Yes,17,Reject
Meat,2.5,46,6,Damaged,26.9,4.4,No,7,Caution
Meat,4.2,89,4,Good,55.9,4,Yes,15,Safe
Meat,29.4,42,34,Damaged,37.2,4.4,Yes,24,Reject
Grains,20.1,69,48,Damaged,45.1,3.7,No,14,Reject
Meat,18.4,50,8,Average,52.3,6,Yes,2,Caution
Dairy,4.6,67,49,Good,74.2,6.6,Yes,15,Caution
Dairy,19.4,71,1,Good,45.3,3.3,Yes,13,Caution
Fruits,16.8,67,12,Good,33.1,4.7,Yes,11,Caution
Fruits,5.2,54,37,Good,39.3,4.9,Yes,23,Caution
Fruits,19.1,44,9,Good,30.1,5,No,15,Reject
Fruits,5.5,87,29,Good,56.9,3.2,Yes,4,Caution
Dairy,11.9,80,20,Good,44.7,6.6,No,24,Reject
Fruits,10.5,41,49,Good,35.7,5.3,Yes,1,Caution
Vegetables,1.5,77,35,Good,87.5,3.8,No,16,Caution
Fruits,8.7,69,22,Good,60.9,6.2,Yes,21,Caution
Vegetables,5.9,57,59,Average,74.5,4.5,Yes,3,Caution
Grains,25.1,67,13,Good,89.7,5.7,No,20,Caution
Vegetables,18.9,81,18,Good,22.7,5.6,No,8,Reject
Meat,22,80,60,Good,40,6.4,No,1,Reject
Grains,9.4,92,43,Good,66.6,3.3,No,18,Caution
Fruits,1.2,63,30,Good,27.6,5,Yes,18,Caution
Meat,33.2,41,42,Good,54.3,5.5,Yes,10,Caution
Vegetables,20.1,94,22,Damaged,13.7,5.4,Yes,3,Reject
Vegetables,23,87,4,Damaged,86.9,4.7,Yes,10,Caution
Grains,19.4,80,39,Average,18.4,6.1,No,14,Reject
Fruits,5.7,76,52,Average,31.3,4.3,Yes,18,Caution
Fruits,3.8,42,14,Good,31.6,4.7,Yes,22,Safe
Meat,30.1,88,43,Good,71.3,4.9,Yes,15,Reject
Vegetables,13.2,48,39,Average,36.1,6.3,Yes,23,Caution
Meat,12.2,73,28,Average,49.3,3.6,Yes,3,Caution
Grains,18.3,84,9,Good,23.7,6.7,No,11,Caution
Dairy,23.5,49,54,Average,34.5,5.5,Yes,1,Caution
Vegetables,6.9,67,54,Average,73.4,6,Yes,23,Caution
Fruits,8.5,75,24,Good,27.8,4.8,Yes,22,Caution
Vegetables,18,92,38,Good,48.1,7,Yes,8,Caution
Grains,16.4,67,49,Average,72.7,5.4,No,13,Reject
Vegetables,3.8,91,47,Damaged,24.7,7.2,Yes,7,Caution
Fruits,17.3,56,21,Good,63.8,4.2,Yes,14,Caution
Meat,8.1,61,21,Good,82.2,7,Yes,2,Caution
Fruits,22.1,95,57,Average,58.3,3.3,Yes,18,Reject
Fruits,32.5,77,9,Good,31.4,6,Yes,12,Caution
Vegetables,28.2,61,36,Average,74.5,4,Yes,11,Reject
Vegetables,15.9,63,54,Good,37.3,4.2,Yes,7,Caution
Vegetables,29,79,40,Good,82.6,6.6,Yes,7,Caution
Meat,5.3,62,58,Good,69.3,5.4,Yes,8,Safe
Grains,28.3,68,45,Good,78.7,4.3,No,11,Caution
Fruits,4.9,54,55,Good,57.4,4,No,14,Caution
Fruits,9,76,28,Average,73.3,4.8,No,2,Reject
Grains,34.2,93,57,Average,63.2,6.7,No,6,Reject
Vegetables,28.2,40,50,Average,31.5,7,No,10,Reject
Fruits,16.1,91,42,Good,76.1,6.9,Yes,7,Caution
Grains,3,55,52,Good,54,6.9,No,24,Caution
Dairy,5,45,26,Average,59.9,4.7,No,23,Reject
Dairy,17.8,87,43,Good,16,5.3,Yes,23,Reject
Meat,4.4,86,15,Good,87.9,4,Yes,10,Safe
Grains,13.3,53,60,Good,83.8,4.5,No,9,Caution
Dairy,12.7,88,28,Damaged,22.3,5.6,Yes,13,Reject
Fruits,30.5,92,54,Damaged,39,5.8,Yes,19,Reject
Fruits,24.9,44,21,Damaged,34.8,5.2,No,2,Reject
Dairy,17.2,65,30,Good,68.4,3.8,Yes,8,Caution
Vegetables,16.4,88,45,Damaged,49.4,6.4,No,21,Reject
Dairy,30.7,74,21,Good,9.8,5.2,Yes,14,Caution
Meat,13.5,87,40,Average,46.4,6.7,Yes,4,Caution
Dairy,7.1,85,21,Average,65,6.5,No,14,Reject
Meat,14.2,83,1,Good,66.3,6.9,Yes,20,Safe
Grains,7,82,25,Good,35.7,4.4,No,1,Safe
Dairy,0.2,70,45,Average,33.6,5.4,Yes,6,Caution
Meat,23.8,62,55,Good,63.6,4.8,Yes,13,Caution
Grains,8.2,76,38,Good,80.3,4.4,No,10,Caution
Vegetables,10.2,55,45,Good,52,4,No,21,Reject
Meat,3.4,45,27,Average,41.5,6.7,Yes,16,Caution
Fruits,10.4,47,27,Average,20.6,5.7,No,7,Reject
Meat,17.9,91,27,Good,23.5,5.4,No,11,Reject
Fruits,31.8,94,51,Good,72.2,5,Yes,11,Reject
Meat,24.2,57,34,Good,73.8,7.2,Yes,12,Caution
Meat,21.4,46,60,Good,13.5,6.8,Yes,17,Caution
Vegetables,25.5,79,3,Good,71.8,5.5,No,4,Caution
Fruits,28.8,94,27,Average,84.9,3.4,Yes,2,Reject
Grains,15.2,43,49,Good,73.1,5,No,24,Caution
Fruits,20.5,41,26,Average,69.3,6.6,Yes,3,Caution
Dairy,19.9,47,48,Good,60.5,4.3,Yes,19,Caution
Meat,1.1,62,31,Average,72.9,4.6,No,24,Reject
Meat,31.5,62,10,Good,47.4,6.5,Yes,19,Caution
Vegetables,7.4,77,41,Good,20.8,6.6,Yes,24,Caution
Meat,30.1,50,59,Average,14.6,3.9,No,22,Reject
Meat,27.4,80,50,Good,15.8,5,No,20,Reject
Fruits,11.6,66,27,Average,31,3.7,Yes,23,Caution
Fruits,6.1,90,6,Good,84.9,6,Yes,24,Safe
Fruits,8.3,48,42,Average,11.8,5.5,Yes,17,Caution
Meat,21.5,90,59,Average,58.6,4.2,Yes,20,Reject
Vegetables,15.8,53,59,Average,42.1,5.6,Yes,18,Reject
Vegetables,12.4,75,36,Good,76.5,4,No,21,Reject
Vegetables,7.4,66,48,Average,35.5,6.9,Yes,19,Caution
Fruits,26.5,55,48,Average,60.7,4.9,Yes,18,Reject
Grains,23,87,29,Good,33.4,3.3,No,21,Reject
Fruits,13,80,33,Good,30.2,5.1,Yes,22,Caution
Vegetables,10.9,42,43,Good,77.8,4.1,Yes,4,Caution
Grains,28.7,85,49,Average,61.2,4.5,No,12,Reject
Meat,18.5,57,2,Good,88.1,6.3,Yes,23,Caution
Dairy,32,61,10,Good,75.3,4.8,Yes,9,Caution
Fruits,14.2,61,32,Average,57.4,6.6,Yes,3,Caution
Dairy,17.2,81,1,Damaged,22.6,6.2,Yes,7,Caution
Meat,25.8,75,23,Average,55.4,4.3,Yes,4,Caution
Meat,31.3,56,15,Good,63.5,4,Yes,13,Caution
Grains,22.9,56,60,Good,72.5,6.9,No,8,Caution
Meat,23.3,60,34,Good,51.3,5.9,Yes,10,Caution
Grains,28.4,52,27,Good,40.4,4.5,No,14,Caution
Meat,22.4,60,22,Damaged,65.8,6.2,Yes,15,Reject
Vegetables,31.4,75,50,Good,40.6,4.6,Yes,23,Caution
Meat,24.7,44,44,Average,66.3,4.2,Yes,18,Reject
Dairy,21.2,85,44,Good,76.9,6.1,No,7,Reject
Dairy,14.9,63,13,Good,69.6,3.4,Yes,12,Caution
Dairy,19.5,49,17,Good,32.6,4.6,Yes,19,Caution
Fruits,22.7,55,27,Good,50.5,6.6,Yes,21,Caution
Meat,30.3,86,53,Damaged,50.9,3.6,Yes,8,Reject
Fruits,29.4,40,29,Average,57.4,5.8,No,17,Reject
Vegetables,11.3,62,47,Good,85,4.5,Yes,4,Caution
Vegetables,25.7,40,35,Damaged,86.7,4.4,Yes,5,Reject
Fruits,8.2,55,55,Good,18.8,5.3,No,3,Caution
Meat,23.9,92,51,Good,9.8,5,Yes,14,Reject
Meat,27.4,88,43,Damaged,23,4.4,Yes,14,Reject
Meat,28.1,63,32,Average,74.6,3.6,No,13,Reject
Dairy,14,40,31,Average,30.8,3.7,Yes,6,Caution
Meat,12.9,70,10,Good,57.8,6.5,Yes,16,Caution
Dairy,20.5,59,50,Average,31.1,5.4,Yes,21,Reject
Vegetables,5.9,79,45,Average,74.3,5.3,No,9,Caution
Grains,29.7,43,60,Good,54.2,6.6,No,24,Caution
Dairy,5.9,47,27,Damaged,81.7,4.9,Yes,9,Caution
Fruits,30.5,78,42,Good,65.4,4.9,Yes,16,Caution
Fruits,23.8,59,37,Good,63.9,5.9,Yes,22,Caution
Dairy,13.7,82,30,Good,60.4,5.1,No,10,Caution
Fruits,16.4,64,44,Good,50.9,5.6,Yes,17,Caution
Meat,15.5,55,28,Good,88.3,3.6,Yes,14,Caution
Fruits,0.2,68,19,Good,86.3,6.8,Yes,5,Safe
Grains,11.8,74,53,Good,50.7,4.5,No,2,Caution
Dairy,31.5,86,16,Damaged,12.9,3.6,Yes,9,Reject
Dairy,10.8,60,37,Good,16.9,5.6,No,9,Caution
Meat,27.7,50,47,Good,43.1,5.1,Yes,2,Caution
Meat,26.4,53,10,Good,23.7,4.7,No,7,Caution
Grains,22.7,73,29,Good,31,5,No,24,Caution
Grains,30.6,49,22,Good,38.8,3.8,No,5,Caution
Fruits,12.6,64,42,Good,58.2,4.6,Yes,13,Caution
Fruits,14.1,63,52,Average,53.5,3.8,Yes,15,Caution
Meat,34.1,81,24,Average,43.9,5.6,No,6,Reject
Meat,30.9,67,60,Good,52.8,3.7,No,19,Reject
Grains,1.1,65,24,Average,28.3,5.4,No,19,Caution
Dairy,2.2,72,32,Average,16.9,3.3,Yes,2,Caution
Grains,26.5,92,24,Good,23.1,6.2,No,23,Reject
Dairy,14.3,40,48,Good,8.5,6.4,Yes,9,Caution
Fruits,34.3,64,3,Good,41.9,7.1,No,15,Caution
Grains,1.1,90,31,Good,28,3.5,No,1,Caution
Grains,10.4,57,39,Damaged,46.3,3.3,No,4,Caution
Dairy,29.8,66,32,Average,49.6,3.2,No,4,Reject
Fruits,23.9,66,20,Good,60.6,6.6,Yes,19,Caution
Meat,28.7,65,45,Good,10.5,3.6,Yes,5,Caution
Dairy,19.9,65,29,Damaged,28.6,5.6,Yes,6,Reject
Meat,28,57,6,Good,49.3,5.8,No,13,Caution
Meat,20.5,76,32,Damaged,44.1,4.7,Yes,13,Reject
Vegetables,7.1,81,29,Good,55.8,6,Yes,24,Caution
Dairy,11.7,74,22,Good,27.7,6,Yes,13,Caution
Meat,34.8,47,3,Average,34.1,4.8,Yes,21,Caution
Fruits,17.2,73,44,Damaged,42.6,3.5,Yes,18,Reject
Dairy,26.1,63,41,Average,82.2,3.5,Yes,16,Reject
Fruits,27.8,88,21,Good,68,4.5,Yes,20,Reject
Fruits,22,89,60,Average,59.3,6.7,Yes,15,Reject
Vegetables,33,83,43,Damaged,18.4,5.1,Yes,24,Reject
Dairy,14.3,74,45,Damaged,42.1,5,No,2,Reject
Meat,31,49,11,Average,89.7,3.4,Yes,11,Caution
Fruits,3.9,48,29,Good,19.4,3.6,Yes,1,Safe
Grains,12.1,56,29,Damaged,21.2,3.4,No,2,Caution
Fruits,11.7,83,55,Damaged,71.8,6.2,Yes,14,Reject
Grains,30.6,52,53,Damaged,70.4,5.1,No,6,Reject
Fruits,8.6,44,2,Average,75.1,5,Yes,11,Caution
Grains,7.1,61,43,Average,67.7,3.6,No,8,Caution
Vegetables,19.7,73,10,Good,26.5,6.5,No,4,Caution
Meat,9,48,25,Average,20.2,5.9,Yes,10,Caution
Fruits,26.9,66,1,Average,71.5,5.9,No,14,Reject
Meat,1.6,91,1,Good,48.6,6.1,Yes,11,Safe
Meat,23.6,43,47,Average,44.9,4.9,Yes,16,Reject
Meat,10.4,95,17,Good,18.3,7.2,Yes,17,Caution
Fruits,24.9,71,47,Average,52.3,4.8,Yes,23,Reject
Meat,16.5,79,2,Good,11.8,6.3,Yes,9,Safe
Dairy,24.5,80,2,Damaged,60,4.2,No,21,Reject
Vegetables,25.8,53,40,Average,35.6,4.8,Yes,5,Caution
Vegetables,26.7,51,35,Good,43.5,4.3,No,17,Reject
Vegetables,1,93,30,Average,57.3,4.2,Yes,21,Caution
Fruits,18.1,46,28,Average,21.1,3.4,Yes,3,Caution
Fruits,13,63,57,Good,77.4,4.6,No,10,Caution
Dairy,28,94,53,Good,51.3,4.7,Yes,5,Caution
Dairy,8.2,55,34,Damaged,64.3,5.6,Yes,18,Reject
Dairy,23.1,54,53,Average,19.9,6.6,No,20,Reject
Fruits,13.8,41,32,Damaged,56.9,4.6,Yes,13,Reject
Meat,8.8,55,46,Good,41.4,4.3,Yes,11,Caution
Grains,29.8,71,27,Damaged,71,5.1,No,5,Reject
Fruits,28.2,65,24,Damaged,19.8,6.8,Yes,13,Reject
Vegetables,16,93,29,Good,72.7,3.2,Yes,15,Reject
Meat,8.5,50,20,Average,18.2,6.1,No,11,Reject
Vegetables,19,41,57,Average,68.3,6.3,No,15,Reject
Meat,18.7,40,31,Good,32.5,4.9,Yes,3,Caution
Vegetables,10.7,44,11,Good,62,6,No,9,Caution
Grains,12.1,79,9,Good,37.7,7.1,No,22,Caution
Meat,32.7,41,6,Average,48.5,6.6,No,21,Reject
Grains,14.2,85,46,Good,35.1,5.7,No,5,Caution
Fruits,15.2,52,31,Good,18.5,4.3,Yes,9,Caution
Fruits,3.7,69,45,Average,41.7,7,Yes,13,Caution
Meat,29.8,95,11,Good,81.5,5.7,Yes,2,Caution
Vegetables,12.8,71,10,Good,71.5,4.9,Yes,10,Safe
Dairy,31,41,54,Average,76.4,5.8,No,21,Reject
Vegetables,13,41,18,Good,15.6,7.1,Yes,24,Caution
Vegetables,19.2,42,49,Average,59.7,6.7,Yes,15,Reject
Vegetables,28.9,80,9,Average,55.1,4,No,6,Reject
Dairy,8.5,84,52,Damaged,40.6,6.9,Yes,18,Reject
Fruits,3.1,68,25,Good,34,6.5,Yes,6,Safe
Vegetables,3.5,64,1,Average,68,3.4,Yes,12,Safe
Fruits,24.5,49,26,Good,41.4,4.7,No,3,Reject
Grains,32.5,40,35,Average,68.1,4.7,No,12,Reject
Grains,1.2,45,41,Good,63.9,4.2,No,13,Caution
Dairy,25.5,79,32,Good,72.2,4,Yes,21,Caution
Grains,32.6,72,50,Good,77.4,5.3,No,1,Caution
Dairy,32.6,63,40,Good,9.5,6.2,Yes,22,Caution
Fruits,18,77,47,Good,27.5,3.7,Yes,13,Caution
Vegetables,15.8,88,55,Damaged,62.4,5.4,Yes,10,Reject
Vegetables,2.6,93,48,Good,89,6.9,Yes,21,Caution
Grains,5.5,81,51,Damaged,33.7,3.3,No,18,Caution
Dairy,23.5,77,17,Good,79.5,4.6,Yes,10,Caution
Meat,28.6,51,19,Good,86.5,5.1,Yes,7,Caution
Meat,34.5,50,34,Good,81.7,6.6,Yes,14,Caution
Grains,6.9,86,35,Good,86,4.5,No,10,Caution
Meat,19.4,49,12,Good,53.3,6,No,9,Caution
Dairy,6.1,93,40,Good,77.5,3.6,Yes,23,Caution
Grains,33.9,85,19,Average,89.1,3.4,No,23,Reject
Meat,13.6,48,19,Good,53,6.1,No,20,Reject
Grains,30.4,70,45,Average,81,5.6,No,16,Reject
Grains,10,94,54,Good,31.1,7,No,10,Caution
Grains,15.6,49,27,Good,68.7,6.7,No,15,Caution
Meat,28.9,51,6,Good,65.4,3.2,Yes,15,Caution
Grains,29.7,62,3,Good,19.4,6.5,No,16,Caution
Fruits,26.8,40,12,Good,26.2,4.4,Yes,23,Caution
Grains,10,79,44,Good,19.9,4.8,No,17,Caution
Dairy,29.5,73,38,Good,24.9,5.4,Yes,16,Caution
Grains,8.9,48,57,Good,20.4,5.9,No,9,Caution
Dairy,29.1,95,51,Average,79.1,6.2,Yes,6,Reject
Grains,22.2,86,36,Good,11.9,5.9,No,10,Caution
Vegetables,14,48,58,Good,26.4,4.6,No,14,Reject
Fruits,14.3,68,42,Good,10.8,6.6,Yes,14,Caution
Grains,11.4,88,55,Good,68.3,4.5,No,6,Caution
Grains,8.8,60,39,Average,17.2,6.7,No,15,Caution
Meat,25.2,46,6,Damaged,54.6,7,No,13,Reject
Meat,4.1,52,12,Average,79.5,3.9,Yes,19,Caution
Grains,18.7,86,56,Good,74.9,5.3,No,12,Reject
Grains,1.7,52,30,Good,70.2,5.5,No,22,Caution
Grains,26.4,69,23,Average,19.6,3.4,No,7,Caution
Meat,25.1,77,38,Damaged,14.1,3.5,Yes,12,Reject
Vegetables,19.3,73,8,Damaged,36.6,3.5,Yes,1,Caution
Fruits,14.3,71,60,Good,53.7,4.7,Yes,12,Caution
Meat,8.7,82,55,Average,62.3,4,No,19,Reject
Grains,12.6,40,18,Good,62.1,5.7,No,23,Caution
Fruits,25.8,62,26,Good,40.9,5.2,Yes,21,Caution
Vegetables,19.9,45,32,Average,23.6,6.1,Yes,12,Reject
Dairy,27.2,65,44,Average,78.2,3.5,Yes,15,Reject
Grains,1.4,89,58,Good,25.8,4.5,No,23,Caution
Fruits,4.1,45,17,Good,83,6.8,Yes,9,Safe
Vegetables,25.8,71,28,Good,47,6,Yes,4,Caution
Meat,29.8,49,13,Good,50.7,4.7,Yes,22,Caution
Vegetables,20,56,17,Good,16.9,6.1,Yes,19,Caution
Dairy,12.7,95,52,Good,77.4,5.6,Yes,20,Caution
Dairy,7.7,82,48,Average,26.4,7,No,21,Reject
Vegetables,9.6,83,15,Good,84.3,4.6,No,18,Caution
Fruits,18.2,74,55,Good,22.8,6.2,Yes,19,Caution
Dairy,10.1,78,53,Good,14.6,6.8,Yes,8,Caution
Meat,2.5,93,24,Damaged,21.2,7,Yes,7,Caution
Fruits,30.3,42,43,Good,62.6,4,Yes,7,Caution
Meat,6.3,76,36,Good,49,5.3,Yes,18,Caution
Meat,32.3,50,7,Average,85.3,4.2,Yes,14,Caution
Fruits,30.3,41,47,Good,47.4,7.1,No,10,Reject
Fruits,15.2,83,22,Damaged,66.9,7.2,Yes,22,Reject
Dairy,24.5,71,27,Good,57.2,4.4,Yes,17,Caution
Fruits,33.6,53,36,Damaged,38.1,3.4,Yes,22,Reject
Dairy,23.7,52,40,Good,49.1,6,Yes,18,Caution
Meat,21.3,42,55,Average,9,7.2,Yes,10,Caution
Meat,0.5,84,8,Good,83.1,7.1,No,4,Caution
Fruits,28.4,83,9,Good,14.1,5.6,Yes,10,Caution
Fruits,18.8,80,53,Good,22.1,5,Yes,19,Caution
Vegetables,10.1,95,18,Good,18.9,4,No,22,Reject
Fruits,14.2,80,43,Good,80.9,3.4,No,1,Caution
Dairy,22.7,89,48,Good,11.4,5.4,Yes,21,Reject
Grains,10.8,68,23,Good,12.7,4,No,18,Caution
Grains,4.3,49,24,Damaged,59.9,5.5,No,6,Caution
Meat,3,95,33,Average,46,6.2,No,21,Reject
Dairy,10.4,58,51,Average,24.3,4.1,Yes,10,Caution
Meat,7.8,63,33,Good,22.1,3.9,Yes,17,Caution
Meat,9,44,14,Good,62.4,3.7,Yes,14,Caution
Fruits,0.1,50,27,Average,42.9,3.5,No,12,Reject
Fruits,13.8,82,34,Good,83.6,5,Yes,22,Caution
Meat,13.4,56,56,Average,89.3,3.2,Yes,10,Caution
Vegetables,33.2,92,24,Good,82.1,5.4,Yes,19,Reject
Fruits,5.2,79,3,Good,71.7,5.2,No,4,Safe
Dairy,8,66,29,Damaged,74.5,4.5,Yes,19,Caution
Grains,0.7,90,60,Good,52.7,7.2,No,17,Caution
Meat,33.4,84,51,Average,23.6,4.3,Yes,22,Reject
Vegetables,34.8,93,21,Good,36.4,5.1,Yes,9,Caution
Dairy,4.1,87,25,Average,41.4,4.6,Yes,15,Caution
Dairy,30.5,80,55,Good,31.9,4.8,No,5,Reject
Grains,26.3,83,30,Good,79.1,3.4,No,4,Caution
Fruits,31.8,69,60,Good,21.5,5.6,Yes,24,Caution
Meat,21.5,43,10,Good,25.2,3.6,Yes,2,Caution
Dairy,10.3,71,26,Average,53.2,4.7,Yes,4,Caution
Vegetables,5.8,94,22,Good,74.3,6.5,Yes,14,Caution
Fruits,19,58,39,Good,18,5.5,Yes,9,Caution
Grains,6.7,90,38,Good,89.7,3.6,No,22,Caution
Vegetables,11.4,49,46,Good,79,5.1,No,18,Reject
Meat,3.5,44,19,Average,82.2,4.7,Yes,15,Caution
Grains,9.9,61,53,Good,36,5,No,17,Caution
Dairy,5.9,72,52,Damaged,18,6.1,Yes,23,Caution
Meat,31.9,54,45,Good,81.4,4.8,Yes,13,Caution
Fruits,24,61,44,Average,39.5,5.2,Yes,1,Caution
Fruits,31.7,71,7,Average,60.6,4.8,No,2,Caution
Dairy,1.5,94,29,Good,40.6,4.2,No,5,Caution
Meat,31.2,82,27,Average,14.7,5.5,Yes,19,Reject
Dairy,31.5,79,1,Average,21.3,6.9,Yes,12,Caution
Dairy,2,66,55,Good,84.7,4.7,Yes,2,Safe
Dairy,1.9,64,55,Good,33.3,5.4,Yes,8,Safe
Dairy,15.2,65,41,Good,39.2,5.1,Yes,11,Caution
Meat,10.1,56,55,Average,47.2,3.8,Yes,2,Caution
Vegetables,34.8,69,44,Good,40.3,6.4,Yes,12,Caution
Meat,17.4,43,44,Good,11.1,5.3,Yes,3,Caution
Fruits,13.4,55,58,Damaged,33.9,4.6,Yes,8,Caution
Grains,30.1,49,1,Damaged,26.4,5.1,No,17,Caution
Dairy,11.6,50,18,Good,86.9,3.4,No,12,Reject
Grains,8.5,72,50,Good,44,3.4,No,2,Caution
Grains,7.5,57,12,Good,23,4.3,No,21,Safe
Vegetables,19.2,92,5,Damaged,20.2,5.8,Yes,5,Caution
Dairy,6.7,42,50,Average,89.9,5.3,Yes,22,Caution
Dairy,9.1,74,53,Good,65.1,4.9,Yes,13,Caution
Grains,18.5,41,40,Damaged,53.3,4.9,No,23,Reject
Meat,21,65,7,Good,90,4.7,Yes,10,Safe
Fruits,5.6,60,60,Good,87.9,5.5,Yes,7,Safe
Fruits,6,94,3,Good,37.6,3.4,Yes,20,Safe
Dairy,8,59,18,Average,53.3,5.6,No,21,Reject
Fruits,33.4,49,22,Damaged,57.8,4.8,No,23,Reject
Meat,2.5,53,2,Damaged,16.7,5.4,Yes,21,Caution
Dairy,12.4,70,12,Good,29.6,4.5,No,11,Caution
Meat,14.7,60,45,Good,59.2,5.9,No,17,Reject
Vegetables,31.5,77,28,Damaged,25.8,6.2,Yes,21,Reject
Dairy,34.2,50,5,Good,31.9,6.2,Yes,2,Safe
Grains,20.3,41,8,Average,16.6,6.8,No,5,Caution
Grains,13.1,81,8,Good,71.4,3.7,No,14,Caution
Meat,22,80,23,Good,83,6.7,Yes,14,Caution
Fruits,31.8,77,9,Good,30.8,3.9,Yes,6,Caution
Dairy,13.7,51,30,Good,85.9,5.6,Yes,4,Caution
Grains,7.4,41,22,Good,55.4,6.4,No,6,Safe
Fruits,34,84,14,Good,67.7,7,No,15,Reject
Fruits,3.1,65,12,Damaged,69.2,3.9,Yes,22,Caution
Dairy,30.5,69,58,Good,32.5,6.8,No,15,Reject
Fruits,26.5,42,55,Damaged,51.1,5.4,Yes,7,Reject
Vegetables,34.4,62,15,Good,73.8,6.5,Yes,4,Caution
Fruits,4.4,70,10,Average,65.5,6,Yes,3,Safe
Grains,8.2,80,30,Good,33.5,4.8,No,2,Caution
Grains,19.4,80,12,Average,24.7,5.3,No,7,Caution
Vegetables,16.5,52,4,Good,63.2,3.2,Yes,8,Safe
Vegetables,11.6,56,55,Good,47.7,6.3,No,13,Reject
Vegetables,18.6,45,32,Average,82.1,5,No,20,Reject
Vegetables,22.2,81,32,Damaged,50.6,5.4,Yes,4,Reject
Vegetables,15.6,56,37,Damaged,55.9,5.8,Yes,22,Reject
Grains,9.8,80,44,Average,18.6,4.8,No,17,Caution
Vegetables,16.2,90,29,Average,40.7,4.5,Yes,24,Reject
Dairy,32.9,41,60,Good,10.6,5.2,Yes,17,Caution
Dairy,21.5,66,46,Average,16.6,6.1,Yes,8,Caution
Fruits,16.1,69,5,Good,16,4,Yes,8,Safe
Dairy,0.5,94,58,Good,52.3,6.3,No,18,Reject
Dairy,7.3,83,43,Good,10.6,5.9,Yes,7,Safe
Dairy,25.3,67,47,Good,45.3,4.4,Yes,14,Caution
Grains,32.8,61,50,Average,29.2,5.2,No,22,Reject
Vegetables,31.2,55,24,Good,82.4,6.7,Yes,24,Caution
Dairy,1,45,55,Damaged,29.7,4.3,Yes,16,Caution
Vegetables,22.3,83,58,Average,22.2,4.2,Yes,18,Reject
Vegetables,0.6,74,51,Good,68.5,4.8,No,13,Caution
Fruits,5.3,86,16,Good,29.9,5.3,Yes,12,Caution
Vegetables,26.3,67,42,Damaged,47,3.9,No,14,Reject
Grains,16.7,72,26,Damaged,72,4.9,No,20,Reject
Meat,33.4,55,5,Good,79.7,3.7,Yes,2,Safe
Meat,21.5,57,21,Good,34.7,6,Yes,17,Caution
Dairy,16.7,80,42,Good,85.3,3.5,Yes,15,Caution
Grains,2.3,52,28,Good,53,3.3,No,4,Safe
Meat,13.4,72,16,Good,86.5,5.6,Yes,21,Caution
Meat,29.7,95,32,Damaged,61.2,5.5,Yes,12,Reject
Grains,2.5,72,4,Good,78.6,5.3,No,16,Safe
Vegetables,34.5,79,16,Good,85.5,4.5,Yes,14,Caution
Dairy,31.2,57,24,Average,18.9,3.3,Yes,21,Reject
Dairy,19.9,58,48,Average,36.8,6.4,Yes,15,Reject
Vegetables,6.3,74,33,Damaged,24.1,3.3,Yes,20,Caution
Meat,3.4,44,15,Damaged,36.9,5.9,Yes,2,Caution
Grains,20.3,56,2,Good,27.8,3.7,No,21,Caution
Dairy,15.9,82,11,Good,14.1,5.8,No,16,Reject
Grains,15.4,79,27,Good,72.3,4.4,No,20,Caution
Grains,17.8,87,55,Good,55.6,6.7,No,20,Reject
Dairy,24.9,49,34,Average,85.6,6.6,Yes,21,Reject
Fruits,34.1,74,9,Damaged,74.9,6.1,Yes,19,Reject
Dairy,26.9,71,47,Damaged,20.5,6.9,Yes,4,Reject
Fruits,17.7,69,46,Good,48.9,4.1,Yes,12,Caution
Dairy,0.3,48,22,Average,11.6,5,Yes,2,Caution
Grains,11.7,50,58,Good,78.8,6,No,23,Caution
Vegetables,17.6,40,12,Good,49,4.3,Yes,19,Caution
Fruits,20.5,68,30,Good,15.3,4.1,Yes,21,Caution
Fruits,31.3,51,8,Average,64.7,5.7,Yes,9,Caution
Vegetables,33.9,47,22,Good,58.2,6.8,Yes,10,Caution
Dairy,20.6,78,54,Good,19.8,3.7,Yes,21,Caution
Vegetables,25.4,75,55,Good,44,6.5,No,24,Reject
Meat,5,41,14,Good,20.9,5.7,Yes,8,Safe
Vegetables,3.9,62,43,Damaged,8.2,5.8,No,2,Reject
Grains,31.4,43,54,Damaged,31.4,5.5,No,15,Reject
Vegetables,23,64,60,Good,36.5,4,Yes,9,Caution
Vegetables,11.3,89,8,Good,74.7,7.2,Yes,6,Caution
Vegetables,7.2,56,4,Good,10.7,7.2,Yes,6,Safe
Vegetables,11.7,55,52,Good,47.5,5.4,Yes,2,Caution
Vegetables,17.8,57,47,Average,78.3,5.1,Yes,13,Reject
Dairy,32,61,59,Damaged,30.3,6.6,Yes,6,Reject
Vegetables,20.9,78,21,Good,55.2,4.7,Yes,18,Caution
Vegetables,11.7,76,23,Damaged,52.2,4.5,Yes,13,Reject
Meat,14.5,43,45,Average,77.3,6.7,No,18,Reject
Vegetables,18.9,43,11,Average,34.5,4.6,Yes,19,Caution
Meat,1.2,75,34,Average,33.7,6.4,Yes,21,Caution
Fruits,15.5,74,8,Good,49.3,3.2,Yes,9,Caution
Meat,20.5,57,4,Damaged,65.1,4.8,No,1,Reject
Dairy,22.9,52,23,Good,38.8,4.9,No,8,Reject
Fruits,2.3,83,10,Damaged,89.8,5.3,Yes,23,Caution
Dairy,15.3,79,44,Good,55.7,6,No,6,Reject
Meat,14,79,10,Damaged,78.2,3.6,Yes,4,Caution
Grains,16.4,86,13,Good,58,4,No,4,Caution
Grains,1.5,40,22,Good,44.6,3.5,No,17,Caution
Dairy,2.8,45,28,Good,57.1,6.2,Yes,5,Safe
Vegetables,16.8,72,35,Good,52.2,5.6,No,10,Reject
Meat,13.1,71,13,Average,79.9,4.8,Yes,11,Caution
Dairy,18.5,43,36,Good,18.9,4,Yes,8,Caution
Dairy,2.2,77,34,Good,48.9,3.7,Yes,16,Caution
Grains,34.3,69,6,Damaged,78.4,5.6,No,13,Caution
Meat,23.9,52,34,Average,53.4,3.5,Yes,16,Reject
Grains,23.7,86,37,Good,53.1,6,No,14,Reject
Grains,9.9,65,60,Damaged,15.7,5.1,No,14,Reject
Dairy,21.2,74,21,Good,13.4,4.1,Yes,8,Caution
Fruits,5.5,87,36,Good,43.8,5.4,Yes,4,Caution
Vegetables,3.7,77,16,Good,26.2,6.2,Yes,20,Caution
Vegetables,14.1,71,12,Good,45.6,6.4,No,17,Caution
Dairy,1.5,58,26,Average,53.3,7.1,No,22,Reject
Grains,31.2,51,30,Average,38.2,3.2,No,17,Reject
Vegetables,26.6,91,10,Good,25.2,4.8,Yes,24,Caution
Fruits,2.3,92,57,Good,12.3,4.2,Yes,16,Caution
Meat,33.2,44,20,Good,70.6,6.1,No,13,Reject
Grains,4.3,55,59,Average,25.1,5.9,No,17,Caution
Grains,5.6,83,19,Damaged,37.7,5.4,No,22,Caution
Vegetables,32.6,77,35,Damaged,26.9,4,Yes,22,Reject
Meat,26.7,55,10,Good,35.5,5.6,Yes,10,Caution
Grains,23.2,88,41,Damaged,56.9,4.2,No,11,Reject
Meat,27.8,85,60,Average,52.4,4.1,No,20,Reject
Grains,25.8,84,37,Damaged,83.9,5.3,No,19,Reject
Meat,3.8,91,40,Average,23.1,5.4,Yes,20,Caution
Fruits,17.5,44,59,Average,55.4,4.7,No,18,Reject
Vegetables,13.9,49,53,Good,13.8,6,Yes,5,Caution
Vegetables,22.2,63,52,Good,88,5.1,Yes,1,Caution
Fruits,29.4,52,26,Average,78.9,5.3,Yes,3,Caution
Dairy,17,78,7,Good,51.6,5.4,Yes,15,Caution
Meat,32.2,44,2,Good,79,4.1,Yes,20,Caution
Dairy,15.1,66,54,Average,86.5,6.6,Yes,6,Caution
Grains,26.8,77,45,Average,32.9,3.5,No,23,Reject
Vegetables,21.3,45,34,Good,79.3,5.6,Yes,9,Caution
Vegetables,7.8,76,2,Good,72.1,5.1,Yes,6,Safe
Grains,8,60,4,Good,75.5,4.2,No,23,Safe
Dairy,11.9,79,21,Good,41.8,6.8,Yes,2,Caution
Grains,14,55,44,Average,43.6,4.9,No,7,Caution
Meat,33.7,88,56,Good,48.3,5.3,Yes,18,Reject
Vegetables,14.4,80,28,Average,84.1,5.3,Yes,8,Caution
Dairy,12.2,89,36,Good,36.5,3.9,Yes,4,Caution
Vegetables,26.5,41,21,Good,83,6.7,Yes,1,Caution
Meat,10.2,68,11,Good,61.9,3.3,Yes,21,Caution
Dairy,28.9,89,52,Good,70.5,4.6,Yes,18,Reject
Grains,9.9,73,41,Average,86,4.4,No,14,Caution
Fruits,12.3,54,33,Good,50.9,5.2,Yes,23,Caution
Vegetables,32.4,55,50,Average,61.1,5.3,Yes,10,Caution
Grains,29.4,76,38,Good,44.8,5.8,No,14,Caution
Meat,20.8,65,51,Good,9.1,3.3,No,4,Reject
Grains,22.4,65,36,Good,88.2,5,No,1,Caution
Meat,0.4,45,37,Good,75.9,5.2,No,1,Caution
Fruits,23.8,84,22,Average,35.3,4,Yes,19,Reject
Grains,33.2,82,35,Good,80.3,7,No,6,Caution
Grains,32.1,45,24,Damaged,79.8,3.6,No,13,Reject
Vegetables,21.6,72,57,Good,71,3.5,Yes,16,Caution
Grains,34.2,74,26,Good,76,5,No,5,Caution
Meat,22,59,33,Damaged,62.7,3.8,No,15,Reject
Vegetables,30.8,58,25,Average,43.3,5.1,No,21,Reject
Grains,17.9,46,5,Good,68.8,5.8,No,4,Safe
Fruits,34.4,93,6,Damaged,18.6,6.1,Yes,21,Reject
Dairy,33.6,90,6,Average,21.8,6.8,Yes,15,Caution
Meat,34.1,92,55,Good,43.1,5.2,Yes,5,Caution
Fruits,22.9,76,18,Average,83.3,5.8,No,16,Reject
Grains,18,80,55,Good,39.2,6.5,No,22,Caution
Meat,25.8,53,32,Good,48.9,3.6,Yes,12,Caution
Vegetables,22.5,53,21,Good,12,5.6,Yes,5,Caution
Fruits,12.9,86,29,Good,78.3,5.2,Yes,13,Caution
Vegetables,9.3,85,22,Damaged,34.3,7.1,Yes,16,Reject
Vegetables,27.9,71,57,Good,14,4.8,No,1,Reject
Vegetables,34.2,68,34,Damaged,61.5,6.4,Yes,7,Reject
Meat,25.2,88,31,Good,62.1,4.8,Yes,7,Caution
Vegetables,20.4,92,55,Damaged,86.9,4,No,5,Reject
Dairy,9.1,76,11,Good,13.1,6.9,Yes,5,Safe
Fruits,0.8,70,23,Good,82.3,6.7,Yes,14,Caution
Meat,33,73,58,Good,56.5,6.6,Yes,6,Caution
Fruits,24.6,69,43,Good,71.3,6.1,Yes,18,Caution
Meat,19.8,51,8,Good,8.9,5.3,Yes,23,Caution
Meat,32.4,77,5,Average,37.1,5.8,No,18,Reject
Meat,24.3,54,3,Good,37.2,5.5,Yes,16,Caution
Meat,9,56,35,Damaged,25.6,4.5,Yes,3,Caution
Meat,8.9,50,1,Damaged,80.6,6.4,No,18,Reject
Dairy,6.3,43,51,Good,46.5,6.3,Yes,18,Caution
Fruits,28.6,53,54,Good,49.8,6,Yes,9,Caution
Grains,20.6,53,2,Damaged,78.2,5.4,No,5,Caution
Meat,11.5,67,42,Good,17.9,3.5,No,3,Caution
Meat,19.4,45,8,Good,52.1,6.5,Yes,11,Caution
Dairy,13.2,91,27,Average,89.7,5,No,12,Reject
Fruits,7.2,53,52,Good,72.3,6.2,Yes,20,Caution
Grains,11.7,86,4,Good,76.7,6.9,No,2,Safe
Dairy,32.8,78,40,Average,19.3,3.6,Yes,13,Reject
Fruits,32.9,79,59,Average,17.2,7.1,Yes,22,Reject
Meat,2.8,55,9,Good,74.2,3.9,Yes,3,Safe
Grains,28.5,74,40,Average,67.6,4.5,No,6,Caution
Meat,32.7,90,25,Average,12.6,6.7,Yes,3,Reject
Vegetables,32.5,95,22,Good,58.8,4.4,Yes,12,Reject
Meat,32.8,85,29,Good,58.1,3.7,No,7,Reject
Vegetables,20.8,60,9,Average,70.3,6.9,Yes,11,Caution
Meat,25.5,56,7,Average,63.2,6.1,Yes,9,Caution
Grains,24.1,77,38,Average,74.3,6.4,No,9,Caution
Grains,25.6,84,42,Good,41.7,3.9,No,4,Caution
Grains,11.1,89,13,Average,68.8,5.3,No,5,Caution
Meat,22.2,70,32,Average,51.1,3.4,No,11,Reject
Dairy,5.9,61,45,Damaged,82.8,4.2,No,4,Reject
Vegetables,13.7,72,31,Good,16.6,6,No,15,Reject
Vegetables,0.7,69,3,Good,10.3,4.9,Yes,17,Safe
Vegetables,32.7,53,38,Good,77,3.2,Yes,2,Caution
Meat,10.8,46,13,Good,84.5,4.5,Yes,21,Caution
Vegetables,2.9,51,11,Good,22.7,4.1,Yes,4,Safe
Meat,20.2,83,49,Average,62.4,5.3,Yes,19,Reject
Dairy,16.2,40,51,Damaged,68.7,6.1,Yes,9,Reject
Grains,34.1,71,47,Good,69.2,5.2,No,21,Caution
Grains,6.8,82,56,Good,11.4,3.6,No,20,Caution
Grains,17.8,53,27,Good,88.3,5.5,No,2,Caution
Grains,24.3,54,17,Good,13.5,3.2,No,12,Caution
Vegetables,15.3,66,18,Good,27.8,3.8,No,3,Reject
Vegetables,26.7,45,3,Good,32.5,6.5,Yes,1,Safe
Fruits,15.4,46,11,Good,42.5,5.1,Yes,16,Caution
Dairy,16.6,68,4,Good,27.3,5,Yes,17,Caution
Vegetables,11.8,69,26,Good,15.1,5.2,Yes,8,Caution
Vegetables,31,59,37,Good,84.9,6.9,Yes,11,Caution
Fruits,10,53,3,Average,66.9,4,Yes,6,Safe
Vegetables,21.2,77,52,Good,10,6,No,3,Reject
Meat,1.2,83,20,Damaged,83.9,6.9,No,18,Reject
Vegetables,32.4,68,34,Damaged,9.7,6.1,Yes,17,Reject
Vegetables,2.2,93,48,Good,55.5,5.8,Yes,18,Caution
Grains,13,90,8,Good,76.8,3.3,No,16,Caution
Dairy,0.1,61,31,Good,64.6,6.4,Yes,10,Safe
Grains,8.2,70,53,Good,38,4,No,1,Caution
Fruits,9.8,54,9,Average,50.1,4.3,No,23,Reject
Grains,0.9,52,53,Average,38.4,7,No,16,Caution
Fruits,14.7,52,39,Average,36.3,4.6,Yes,15,Caution
Fruits,24.8,67,3,Good,20.6,5.6,Yes,5,Safe
Dairy,15.9,68,5,Good,30.2,3.8,Yes,21,Caution
Dairy,18.8,52,25,Good,63.4,4.6,Yes,6,Caution
Vegetables,5.6,81,31,Good,53.9,5.1,No,16,Caution
Vegetables,10.7,62,43,Average,60.3,6.1,Yes,15,Caution
Dairy,8.7,74,56,Good,18.5,4.2,No,18,Reject
Grains,25.6,45,13,Good,70.2,4.3,No,17,Caution
Fruits,23,84,36,Good,80.6,5.2,Yes,20,Caution
Vegetables,11.4,78,23,Damaged,83.2,5.8,Yes,3,Caution
Fruits,32.7,40,59,Good,58.9,6.1,Yes,19,Caution
Dairy,15.4,87,48,Good,57.8,4.7,Yes,23,Reject
Meat,14.4,73,42,Good,78.8,4.9,Yes,24,Caution
Meat,2.2,84,4,Good,77.8,3.7,Yes,22,Safe
Meat,14.3,58,34,Good,88.3,4.9,Yes,1,Caution
Grains,20.1,86,31,Good,58.2,4.6,No,19,Reject
Dairy,12.7,92,37,Good,78.7,6.9,No,12,Reject
Grains,12.5,41,60,Average,56.3,3.5,No,14,Caution
Meat,23.6,45,55,Damaged,76.7,3.8,Yes,19,Reject
Vegetables,0.5,69,38,Good,41,6.4,No,15,Caution
Vegetables,19.4,42,57,Good,37.5,3.8,No,21,Reject
Meat,2.9,84,48,Average,77.3,6,No,15,Reject
Grains,9.7,56,14,Good,47.5,5,No,14,Caution
Vegetables,2.5,51,17,Good,15.8,3.6,Yes,3,Safe
Dairy,20.4,69,7,Good,48.6,6.8,Yes,9,Safe
Vegetables,6.5,65,53,Average,55.9,5.9,Yes,17,Caution
Dairy,20.5,49,43,Average,30,5.1,No,11,Reject
Vegetables,8,72,14,Good,38.4,5.3,Yes,22,Safe
Meat,28.6,56,7,Average,36.8,6.6,No,13,Reject
Meat,27.2,65,54,Good,64.7,4.5,Yes,24,Caution
Fruits,0.4,64,44,Good,33.7,3.6,Yes,5,Safe
Dairy,7.6,92,4,Good,8.8,7,Yes,21,Safe
Fruits,0.8,77,23,Average,76.5,6.6,Yes,12,Caution
Vegetables,1.2,72,34,Good,79.3,4.9,Yes,13,Caution
Grains,7.3,90,29,Good,82.9,5,No,3,Caution
Grains,20.3,71,44,Good,30,6.8,No,22,Caution
Fruits,29.1,91,46,Average,31.4,6.4,Yes,18,Reject
Vegetables,19.7,82,35,Damaged,67.4,6,Yes,21,Reject
Fruits,34.5,83,15,Average,54.4,5.3,Yes,5,Caution
Fruits,19.1,75,32,Good,41.5,6.3,No,9,Reject
Dairy,11.9,87,35,Good,23.2,6.9,Yes,20,Caution
Grains,5.9,57,18,Good,75.4,5.3,No,15,Caution
Grains,7,63,7,Average,19.8,6,No,11,Safe
Grains,14.8,81,50,Good,17.3,6.8,No,10,Caution
Grains,1.3,94,37,Average,68.4,4.4,No,5,Caution
Vegetables,20.8,59,13,Average,8.1,3.3,Yes,1,Caution
Vegetables,17.1,95,40,Average,66.4,6,Yes,15,Reject
Dairy,22.1,86,21,Good,31.2,4.8,Yes,20,Reject
Meat,31.8,80,42,Damaged,49,5.7,No,2,Reject
Grains,11.5,59,58,Average,46.9,6.6,No,20,Caution
Meat,20.9,92,23,Good,59.1,3.6,No,17,Reject
Meat,12.1,54,4,Average,28,6.1,Yes,7,Safe
Vegetables,23,74,43,Average,19,3.4,Yes,23,Reject
Fruits,32.8,89,37,Damaged,27.3,5.4,No,18,Reject
Dairy,9.8,59,47,Good,51.4,6.2,Yes,3,Caution
Grains,21.1,84,44,Good,39.9,4.5,No,9,Caution
Vegetables,7.1,60,59,Good,24.9,6.1,No,9,Caution
Grains,17,49,31,Damaged,24.7,5.2,No,5,Reject
Vegetables,25.6,79,10,Damaged,11.8,4.2,Yes,13,Reject
Grains,33.1,84,1,Good,26.5,5.2,No,3,Safe
Fruits,9.5,47,9,Average,29.9,6,No,20,Reject
Vegetables,6.4,86,11,Good,21.4,3.4,Yes,21,Caution
Grains,25.5,80,26,Good,30,5.9,No,1,Caution
Dairy,17.2,48,55,Damaged,75.4,4.5,Yes,5,Reject
Vegetables,6.9,72,2,Average,74.6,5.9,Yes,18,Safe
Meat,7.2,61,13,Average,14.4,6.1,Yes,13,Caution
Grains,6.7,73,17,Good,16.8,3.2,No,13,Caution
Fruits,3.9,48,49,Good,46.8,5.9,No,16,Caution
Grains,19.2,65,45,Good,54.1,4.1,No,13,Caution
Vegetables,22.7,94,29,Good,73.5,4.4,Yes,7,Caution
Grains,2.2,90,42,Good,86.2,4.9,No,1,Caution
Vegetables,4.5,71,58,Good,87.3,6.2,Yes,8,Safe
Dairy,14.1,63,33,Average,36.8,5.1,Yes,15,Caution
Fruits,1.6,42,46,Good,59.6,7.1,Yes,18,Caution
Vegetables,21.7,73,10,Average,51.8,7,Yes,16,Caution
Dairy,8.4,49,7,Damaged,75.4,5.6,Yes,21,Caution
Vegetables,3.9,46,13,Damaged,23.8,4.5,Yes,9,Caution
Vegetables,11.3,86,54,Damaged,55.2,5.3,No,11,Reject
Meat,10.1,49,12,Good,38.8,4,No,4,Caution
Vegetables,6.3,70,7,Average,51.3,4.6,Yes,22,Safe
Fruits,29.7,59,6,Average,18.7,4.9,Yes,6,Caution
Meat,25.2,54,42,Average,9.1,5.2,No,16,Reject
Meat,29.8,80,4,Good,51.5,5,Yes,18,Caution
Meat,22.9,59,11,Good,42.9,4.2,Yes,14,Caution
Vegetables,3.6,95,13,Damaged,59.1,5.2,No,6,Reject
Grains,9.7,90,11,Good,13.5,7.2,No,18,Caution
Fruits,31.9,64,43,Average,83.5,4.3,No,16,Reject
Vegetables,1.4,44,4,Good,73,3.6,Yes,13,Safe
Grains,4.2,42,7,Average,33.1,4.7,No,6,Safe
Fruits,28.7,93,3,Average,76.1,6.6,Yes,24,Caution
Vegetables,12.4,44,57,Good,10.3,6,Yes,2,Caution
Meat,9.8,86,10,Good,21.9,6,No,8,Caution
Dairy,30.9,58,41,Good,55.2,4.1,No,18,Reject
Dairy,18.9,56,5,Good,25,3.9,No,21,Caution
Grains,6.7,65,10,Good,85.5,3.4,No,15,Safe
Grains,8.8,82,4,Average,20.9,5.7,No,15,Caution
Dairy,27.2,46,21,Average,15.6,6.7,No,12,Reject
Vegetables,33.7,84,49,Good,74.6,4.9,Yes,2,Caution
Grains,25.1,64,20,Good,62.9,5.9,No,9,Caution
Fruits,25.5,68,30,Average,81.9,5.7,Yes,23,Reject
Dairy,23.9,59,30,Damaged,78.6,5.7,No,3,Reject
Fruits,18.9,79,40,Good,19.5,6.3,Yes,6,Caution
Meat,6.2,43,47,Good,28.2,3.2,Yes,17,Caution
Vegetables,7.2,75,30,Good,41.4,6.3,Yes,23,Caution
Meat,15.1,48,11,Good,55.3,5.9,No,9,Caution
Fruits,14.4,48,5,Good,57.9,3.9,Yes,12,Safe
Vegetables,31.3,51,20,Average,35.8,6,Yes,22,Reject
Grains,22.8,95,39,Good,17.4,3.8,No,15,Reject
Dairy,33.5,67,44,Good,80.8,4.3,Yes,7,Caution
Grains,1.3,46,31,Good,51.3,4.7,No,3,Safe
Vegetables,2.4,78,60,Good,24.9,5.3,No,19,Caution
Fruits,12.3,83,58,Damaged,59.3,4.3,Yes,6,Caution
Meat,31.4,82,42,Average,48.4,4.9,Yes,13,Reject
Vegetables,22.4,90,32,Damaged,17.9,5.4,No,3,Reject
Meat,21.2,60,52,Average,39.7,5.1,No,2,Reject
Grains,16.7,92,3,Average,52.8,4.5,No,13,Caution
Fruits,22.7,45,45,Good,67.9,6.2,Yes,13,Caution
Vegetables,9.2,74,14,Good,24.9,3.9,Yes,11,Caution
Vegetables,14.9,71,4,Good,46.5,5.2,No,23,Caution
Vegetables,21.7,68,44,Average,44.5,3.3,Yes,12,Reject
Grains,17.2,52,9,Good,23.3,5.7,No,12,Caution
Vegetables,17.8,58,2,Good,62.4,4.7,Yes,23,Caution
Meat,5.7,92,1,Average,37.6,6.6,Yes,19,Caution
Dairy,20.4,86,13,Good,33.4,4.2,Yes,21,Caution
Meat,13.9,88,50,Good,25.9,4.8,Yes,17,Caution
Meat,7.8,66,48,Average,45,5.2,Yes,16,Caution
Fruits,19.9,51,12,Average,74.4,3.5,Yes,21,Caution
Fruits,25.6,55,24,Average,20.1,6.9,Yes,18,Reject
Fruits,1.9,73,6,Good,63,5.3,No,23,Caution
Fruits,20.5,55,45,Average,16.8,4.6,No,19,Reject
Vegetables,7.8,40,51,Good,55.9,3.7,No,15,Caution
Vegetables,15.9,84,36,Good,9.6,7,Yes,24,Caution
Dairy,2.2,44,45,Average,61.8,4.8,No,6,Caution
Vegetables,3.7,66,9,Good,28.2,3.3,No,5,Caution
Dairy,0,72,17,Good,75.4,5,Yes,17,Caution
Dairy,23.9,75,2,Good,81.5,5.5,No,17,Caution
Dairy,10.7,48,40,Good,73.8,3.9,Yes,12,Caution
Vegetables,6.8,45,17,Good,29.6,4.8,Yes,6,Safe
Meat,28.4,87,40,Average,44.5,6.6,Yes,23,Reject
Meat,30.7,88,54,Damaged,78.5,5.2,Yes,7,Reject
Fruits,8.7,67,19,Good,37.5,3.6,Yes,11,Caution
Fruits,32.7,48,51,Damaged,77.4,4,Yes,18,Reject
Dairy,11.4,45,20,Good,76.7,5.1,No,22,Reject
Meat,28.1,56,34,Good,29.3,6.8,No,20,Reject
Fruits,21.4,42,38,Good,51.7,3.3,Yes,18,Caution
Meat,12.9,71,50,Good,22.4,3.6,No,23,Reject
Dairy,5.8,73,7,Average,26,6.6,Yes,1,Safe
Dairy,24.6,59,5,Damaged,24,3.5,Yes,10,Caution
Vegetables,10.6,95,28,Good,78.9,3.9,Yes,15,Caution
Fruits,30.4,94,28,Average,20.2,3.4,Yes,12,Reject
Dairy,20.6,61,48,Damaged,83.1,6.2,No,12,Reject
Vegetables,24.8,55,32,Good,56.3,5.9,Yes,4,Caution
Fruits,19.7,72,12,Good,60.7,4.5,Yes,14,Caution
Fruits,20.9,86,50,Average,25.2,3.5,Yes,19,Reject
Dairy,13.2,65,36,Good,22.5,6.7,Yes,6,Caution
Meat,24.5,48,11,Damaged,84.2,4.6,Yes,11,Reject
Meat,25.8,77,33,Good,76.6,7.1,Yes,20,Caution
Grains,25.2,89,35,Damaged,74.3,6.8,No,4,Reject
Grains,23.5,91,43,Good,68,5.6,No,10,Caution
Grains,6.5,88,47,Good,46.6,5.3,No,16,Caution
Grains,32.9,56,19,Good,41.3,4.6,No,16,Caution
Fruits,31.2,65,19,Good,40,4.8,Yes,17,Caution
Vegetables,25.3,80,38,Good,78.3,3.7,Yes,8,Caution
Meat,6.8,53,38,Good,76.5,4.6,Yes,1,Safe
Meat,33.6,40,20,Good,42.5,7.1,Yes,8,Caution
Grains,26.4,68,16,Good,82.3,6.2,No,6,Caution
Meat,12.1,92,6,Good,58,6.8,Yes,16,Caution
Meat,26,56,19,Good,31.9,7,Yes,4,Caution
Dairy,17,81,22,Average,32.7,3.9,Yes,6,Caution
Meat,9,93,36,Average,17.1,4.1,Yes,5,Caution
Meat,6.2,74,58,Good,88.6,6.1,Yes,11,Caution
Grains,16.1,66,42,Average,70.5,5.1,No,4,Caution
Fruits,2.3,41,33,Good,52,4.5,Yes,15,Caution
Grains,11.5,58,36,Good,31.5,7,No,22,Caution
Meat,22.6,57,8,Average,72.3,3.5,Yes,17,Caution
Grains,31.4,46,1,Good,22,7.1,No,19,Caution
Dairy,12.1,58,49,Good,88.8,4,Yes,15,Caution
Meat,29.6,92,34,Average,12.2,4.2,Yes,11,Reject
Meat,27,90,7,Good,72.7,4.2,Yes,3,Caution
Meat,21.8,87,58,Average,19.2,6.2,Yes,15,Reject
Dairy,23.6,66,51,Good,36.7,5.6,No,12,Reject
Grains,13.2,93,32,Good,50.2,6.9,No,14,Caution
Dairy,24.3,59,18,Good,64.3,6.1,Yes,18,Caution
Fruits,0.6,90,42,Good,52.4,4,Yes,5,Caution
Meat,11.9,70,26,Average,27.9,6.8,No,23,Reject
Vegetables,3.7,88,11,Good,35.2,6.8,No,14,Caution
Grains,31,42,20,Damaged,21.7,3.5,No,22,Reject
Vegetables,14.7,76,47,Average,67.2,3.8,No,11,Reject
Fruits,8.4,48,24,Average,81.6,4.3,Yes,9,Caution
Vegetables,2.4,68,14,Good,52.8,5.4,Yes,18,Safe
Grains,30.4,40,35,Good,22.4,6.1,No,19,Caution
Vegetables,12.8,67,33,Damaged,32.3,5,Yes,4,Caution
Grains,34.8,74,23,Damaged,34,7.1,No,5,Reject
Fruits,11.5,73,45,Damaged,30.7,3.4,Yes,20,Reject
Vegetables,32.7,81,47,Good,19.2,3.4,Yes,13,Caution
Dairy,8.3,73,6,Average,13.8,6.2,Yes,9,Safe
Meat,10.2,75,53,Average,10.2,6.5,No,19,Reject
Vegetables,8.4,74,39,Good,38.5,5.7,Yes,4,Caution
Vegetables,32.4,80,35,Good,24.7,4.1,Yes,14,Caution
Meat,13.8,60,60,Good,44.3,6,Yes,9,Caution
Dairy,11.1,82,28,Good,57.1,6.9,Yes,10,Caution
Vegetables,8.3,79,14,Damaged,62.9,5.6,Yes,4,Caution
Fruits,14,83,41,Average,39.3,3.3,Yes,7,Caution
Fruits,19.2,48,41,Damaged,58.8,5,Yes,4,Reject
Meat,12.5,60,18,Good,45.9,6.4,Yes,18,Caution
Vegetables,4.1,51,1,Good,47.3,5.6,No,12,Caution
Meat,14.7,72,1,Good,73.8,5.1,Yes,21,Safe
Vegetables,17.7,54,19,Good,62,6.2,No,13,Reject
Dairy,12.8,73,34,Good,40,6.6,Yes,9,Caution
Meat,11.6,74,57,Good,80.6,3.3,No,18,Reject
Meat,20.5,92,28,Good,30.1,4.1,Yes,11,Reject
Vegetables,28.1,67,22,Good,27.9,5.3,Yes,19,Caution
Grains,14.3,62,60,Good,53.6,6.3,No,7,Caution
Meat,20.6,66,51,Average,62.6,5.5,Yes,10,Caution
Dairy,14.4,83,33,Good,81.2,3.6,No,10,Caution
Fruits,33,80,60,Damaged,45.8,6.2,Yes,10,Reject
Meat,7,66,41,Damaged,21.9,5.7,No,19,Reject
Dairy,28.8,68,29,Average,25.5,6.7,Yes,18,Reject
Meat,25.8,78,7,Average,83.8,4.1,Yes,12,Caution
Dairy,4.9,51,16,Damaged,47.7,4.1,Yes,9,Caution
Dairy,3.4,67,50,Good,25.6,3.4,Yes,16,Caution
Meat,26.4,84,24,Damaged,17.5,5.8,Yes,22,Reject
Grains,34.4,47,42,Good,19.5,4.3,No,8,Caution
Vegetables,6.8,95,18,Average,17.9,4,Yes,9,Caution
Grains,33.8,84,47,Average,60.5,6.5,No,7,Caution
Vegetables,22.2,82,53,Damaged,48.5,7.1,Yes,10,Reject
Grains,6.8,91,6,Good,59.7,4.9,No,20,Safe
Dairy,23.4,52,37,Good,53.4,4.6,No,3,Reject
Dairy,11.8,54,34,Good,58.8,5.6,Yes,2,Caution
Meat,23.5,48,50,Average,85.7,4,Yes,15,Reject
Dairy,8.4,91,45,Good,32.8,7,Yes,9,Caution
Dairy,7.4,85,18,Damaged,84.1,5.1,Yes,15,Caution
Meat,8.4,63,44,Average,8.4,3.6,Yes,17,Caution
Meat,2.6,71,55,Good,23.3,4,Yes,13,Caution
Grains,22.6,56,46,Damaged,13.4,6.4,No,14,Reject
Dairy,27.7,94,56,Good,49.7,5.7,Yes,5,Caution
Vegetables,0.9,91,55,Good,51.6,5.8,Yes,22,Caution
Grains,33,81,54,Good,25.8,6.4,No,11,Caution
Meat,14.8,44,14,Good,27.6,5.1,Yes,7,Safe
Vegetables,33.4,63,17,Good,72.1,4.6,No,21,Reject
Fruits,29.6,79,31,Average,82.9,5.1,Yes,20,Reject
Dairy,18.7,58,17,Average,28.3,3.6,Yes,1,Caution
Grains,19.4,90,52,Average,45.3,5.4,No,2,Reject
Vegetables,28.5,64,46,Average,38.9,6.6,No,3,Reject
Dairy,4.9,64,56,Good,66.4,7.1,Yes,17,Caution
Vegetables,25.6,57,28,Good,15.1,6.8,No,8,Reject
Grains,31.2,83,17,Good,80.9,4.7,No,1,Caution
Grains,18,62,47,Good,47.8,6.4,No,8,Caution
Vegetables,16.1,88,11,Average,78.8,5.9,Yes,3,Caution
Dairy,17.1,64,46,Damaged,40.5,5.2,No,21,Reject
Vegetables,5.6,51,7,Good,34.6,5,Yes,7,Safe
Grains,13.5,62,41,Good,25.3,5.8,No,12,Caution
Dairy,4.8,67,40,Good,12.4,5.4,Yes,17,Caution
Vegetables,33.3,66,56,Good,26.1,4.4,Yes,18,Caution
Vegetables,3.9,51,29,Good,43.4,6.3,Yes,4,Safe
Fruits,21.6,79,44,Damaged,53.1,3.9,No,5,Reject
Meat,19.7,55,23,Damaged,51.9,3.5,Yes,3,Reject
Grains,14.4,48,32,Good,80.3,4.9,No,20,Caution
Fruits,15.9,60,25,Good,68.7,4.8,Yes,24,Caution
Vegetables,34,63,11,Good,71.6,4.9,Yes,20,Caution
Meat,24.2,93,10,Damaged,9.3,5.3,No,21,Reject
Dairy,33.1,71,60,Good,82.2,5.9,Yes,6,Caution
Vegetables,33,89,38,Average,12.8,4.6,No,4,Reject
Vegetables,34.6,63,26,Good,25.9,5,Yes,15,Caution
Grains,18.9,84,47,Good,42.3,6.6,No,22,Caution
Meat,2.5,50,47,Good,69.9,6.3,Yes,15,Caution
Fruits,6.5,78,54,Good,67.2,6.2,Yes,24,Caution
Vegetables,27,70,11,Damaged,65.9,4.4,Yes,13,Reject
Dairy,11.6,55,43,Good,37.4,5.7,Yes,16,Caution
Vegetables,34.7,49,49,Good,20.6,6.7,No,2,Reject
Vegetables,31.8,56,31,Good,54.7,3.4,No,13,Reject
Grains,19.9,51,27,Good,12.4,4.4,No,11,Caution
Meat,3.5,92,39,Good,15,6.5,Yes,18,Caution
Fruits,22.8,74,21,Average,18.4,6.5,Yes,24,Reject
Vegetables,14.6,47,17,Average,53.8,5.8,Yes,17,Caution
Meat,20.2,55,17,Average,81,5,Yes,1,Caution
Dairy,11.1,64,24,Good,42,4.9,Yes,1,Caution
Meat,20.3,90,58,Good,32.6,5.4,No,1,Reject
Fruits,29.4,40,59,Average,53.3,4.8,Yes,2,Caution
Grains,32.2,71,23,Good,57.2,6.8,No,5,Caution
Fruits,9.3,55,20,Good,75.6,3.9,Yes,21,Caution
Dairy,31.4,68,43,Good,15.5,3.9,Yes,15,Caution
Dairy,33.4,68,57,Good,45.7,5.7,Yes,23,Caution
Vegetables,21.5,85,35,Good,66.6,4.2,No,8,Reject
Dairy,27.3,75,5,Good,76.3,6.9,Yes,14,Caution
Grains,10.2,76,23,Average,69.4,6.8,No,1,Caution
Dairy,16.4,87,14,Good,24.2,5.8,No,23,Reject
Grains,10.2,52,38,Damaged,53.3,6.9,No,23,Reject
Grains,21.2,82,29,Good,83.8,4.4,No,5,Caution
Dairy,34.8,43,3,Good,76.7,6.1,No,3,Caution
Meat,4.7,69,55,Good,67,6.5,No,19,Caution
Fruits,0.5,55,3,Good,42.1,5.6,No,6,Safe
Fruits,26.3,57,24,Good,40.6,6.6,Yes,5,Caution
Vegetables,17.3,42,42,Good,25.4,3.2,Yes,14,Caution
Meat,29.4,47,58,Good,81.2,5.2,Yes,10,Caution
Grains,1.1,73,44,Good,16.2,4.1,No,4,Safe
Vegetables,30,76,18,Good,78.7,6.8,Yes,23,Caution
Dairy,26.3,50,24,Good,70.3,6.5,Yes,13,Caution
Fruits,10.4,69,17,Damaged,24.6,3.3,Yes,6,Caution
Fruits,5.8,48,16,Damaged,21.2,4.7,Yes,15,Caution
Fruits,25.3,78,53,Good,64.1,4.4,No,8,Reject
Vegetables,9.8,43,21,Good,60.4,4.8,Yes,6,Caution
Fruits,5.2,67,1,Good,38.4,6.3,Yes,6,Safe
Grains,17.5,51,59,Good,73.6,3.6,No,19,Caution
Dairy,13.4,58,56,Good,54.1,4.5,Yes,18,Caution
Meat,23.3,43,27,Average,35.8,6.8,Yes,8,Caution
Meat,13.4,79,28,Average,26.5,3.5,Yes,10,Caution
Vegetables,6.7,84,17,Average,73.4,6.9,Yes,1,Caution
Dairy,25.4,86,59,Good,71.4,5.8,No,7,Reject
Meat,20.7,92,58,Good,14.1,5.7,Yes,18,Reject
Vegetables,30.1,58,26,Average,76.8,4.9,Yes,7,Caution
Vegetables,20,41,15,Good,37.7,5.3,Yes,10,Caution
Fruits,15.7,81,53,Good,63.6,6.6,Yes,21,Caution
Fruits,27.2,95,5,Damaged,14.5,4,Yes,24,Reject
Fruits,10.9,78,34,Good,64.5,4.6,Yes,18,Caution
Dairy,5.4,64,49,Good,47.3,5.5,Yes,3,Safe
Vegetables,4.5,61,11,Average,85.1,6.1,Yes,24,Caution
Dairy,9.7,63,36,Good,45.8,6.8,Yes,7,Caution
Fruits,14.6,73,55,Good,16.9,7.1,Yes,4,Caution
Meat,30.7,94,13,Good,79,4.2,Yes,7,Caution
Grains,26.3,51,26,Average,67.2,4.4,No,16,Reject
Meat,11.7,82,54,Average,39.2,4.2,Yes,24,Caution
Dairy,0.2,45,24,Good,17.9,4.7,No,14,Caution
Meat,19.2,77,5,Damaged,24.8,3.5,Yes,15,Caution
Vegetables,19.9,76,5,Good,69.9,5,Yes,24,Caution
Grains,33.2,74,21,Damaged,54.8,6.4,No,11,Reject
Vegetables,13.1,92,36,Damaged,43.4,6,Yes,12,Reject
Grains,23.7,84,59,Good,63.6,6.2,No,8,Caution
Vegetables,19.7,61,23,Good,28.4,4.3,No,12,Reject
Vegetables,14.3,43,55,Good,77.7,5.3,Yes,4,Caution
Vegetables,33.8,48,57,Good,47.9,6.2,Yes,5,Caution
Dairy,10.9,43,33,Good,36.4,5.2,Yes,20,Caution
Fruits,8.8,82,21,Average,29.9,5.9,Yes,24,Caution
Meat,17.3,52,47,Average,19.9,4.9,No,23,Reject
Fruits,22.2,60,15,Damaged,57.5,4.1,Yes,21,Reject
Grains,33.3,62,44,Average,44.4,5.5,No,5,Caution
Dairy,16.4,83,45,Damaged,32.4,6.7,Yes,1,Reject
Vegetables,19.1,45,23,Good,56.4,3.8,Yes,8,Caution
Dairy,16.3,46,59,Average,38.7,6.4,Yes,18,Reject
Dairy,7.1,43,58,Damaged,56.9,6.4,No,23,Reject
Meat,17.5,73,45,Good,36.2,3.7,Yes,8,Caution
Meat,6.5,93,37,Damaged,41,6.1,No,9,Reject
Fruits,14.2,50,46,Good,79.8,7,No,1,Caution
Meat,31.9,63,32,Good,30.7,5.2,No,24,Reject
Grains,30.1,59,13,Good,20.7,6.9,No,19,Caution
Dairy,7.9,87,15,Good,34.1,4.4,Yes,3,Safe
Meat,29.7,82,41,Good,48.1,4.3,Yes,6,Caution
Dairy,18.8,66,19,Average,79,4.7,No,10,Reject
Grains,12.4,49,41,Good,29,3.4,No,11,Caution
Meat,4.2,43,49,Good,26.8,4.9,Yes,9,Safe
Grains,25,54,44,Damaged,89.2,3.7,No,15,Reject
Vegetables,20.1,40,39,Good,25.9,5.5,No,4,Reject
Grains,28.4,53,31,Average,24.4,6.9,No,5,Caution
Meat,25,71,40,Good,17.3,7.1,Yes,20,Caution
Grains,29.4,46,2,Damaged,36.8,5.8,No,23,Caution
Meat,31.6,95,13,Good,74.9,5.1,Yes,13,Caution
Dairy,11,44,18,Good,38.7,6.3,Yes,16,Caution
Vegetables,34.9,41,4,Good,89.6,6.4,Yes,17,Caution
Fruits,29.1,48,54,Average,33.1,7,Yes,4,Caution
Vegetables,29,60,44,Good,30.9,4.2,Yes,9,Caution
Fruits,18.7,53,16,Damaged,75.7,7.1,Yes,11,Reject
Dairy,27.1,71,40,Good,57.5,6.6,Yes,3,Caution
Grains,16.6,61,7,Good,22.2,6.5,No,16,Caution
Fruits,21.2,83,23,Average,44.5,5.1,Yes,15,Reject
Meat,4.7,81,4,Good,78.8,6.7,No,20,Caution
Meat,2.8,57,58,Good,11.4,6.7,Yes,23,Caution
Meat,2.7,67,12,Good,49.9,3.5,Yes,14,Safe
Dairy,28.8,94,57,Damaged,40.9,5.6,Yes,8,Reject
Grains,22.8,84,5,Average,40.9,4.6,No,1,Caution
Meat,11.9,88,59,Average,19,6.4,Yes,4,Caution
Meat,16.9,74,1,Good,21.8,4.9,Yes,18,Caution
Fruits,15.9,94,59,Average,78.4,5.1,Yes,1,Reject
Grains,21.5,45,36,Damaged,43.5,6,No,2,Reject
Meat,3.6,90,51,Good,15.8,5.8,Yes,1,Caution
Dairy,35,76,31,Average,16.8,6.2,No,12,Reject
Vegetables,5,62,56,Good,70,4.3,Yes,3,Safe
Dairy,33,64,40,Good,46.8,5.2,Yes,20,Caution
Dairy,15.1,64,57,Good,45.2,4.3,Yes,10,Caution
Vegetables,14.1,54,12,Good,87.1,5.3,Yes,1,Safe
Fruits,14.5,59,21,Good,41.5,5.4,Yes,2,Caution
Grains,30.9,92,17,Good,64.6,6.6,No,8,Caution
Dairy,27.9,59,44,Good,84.6,4.7,No,12,Reject
Meat,0.4,80,34,Good,47.9,5,Yes,18,Caution
Vegetables,34,89,43,Average,55.8,4.2,Yes,3,Reject
Vegetables,9.5,62,46,Good,16.2,4.1,No,21,Reject
Meat,1,46,22,Good,38.7,3.4,No,2,Caution
Fruits,10.3,86,29,Good,21.1,7.2,No,20,Reject
Vegetables,3.1,60,41,Good,25.5,6.1,Yes,20,Caution
Dairy,31.3,86,16,Good,70.4,5,Yes,9,Caution
Fruits,14.2,47,33,Good,77.9,4.3,Yes,16,Caution
Dairy,33.7,48,1,Good,24.8,6.2,Yes,14,Caution
Vegetables,19.9,67,41,Good,20.1,6.5,No,16,Reject
Vegetables,6.5,59,44,Good,10.3,5.9,No,23,Caution
Grains,16.4,68,10,Good,8.2,6.6,No,22,Caution
Vegetables,14.1,95,15,Good,89.6,5.2,No,22,Reject
Dairy,10.6,76,56,Damaged,34.2,6.3,Yes,17,Reject
Meat,26.6,75,1,Good,75.3,3.7,No,13,Caution
Dairy,23,54,34,Good,26.6,4.4,Yes,7,Caution
Grains,17.6,73,49,Average,64.6,3.7,No,19,Reject
Grains,6.8,48,1,Good,47,6.4,No,7,Safe
Meat,34.3,82,29,Good,68.4,3.3,Yes,22,Caution
Grains,24.6,75,47,Good,80.5,3.2,No,21,Caution
Fruits,23.7,61,24,Damaged,39.6,4.3,Yes,17,Reject
Fruits,20,86,4,Average,16.3,5.6,Yes,19,Caution
Dairy,31.6,91,22,Good,8.6,5.6,No,13,Reject
Vegetables,8.2,78,40,Average,74.1,3.3,Yes,22,Caution
Fruits,20.6,58,36,Good,29.4,7,Yes,3,Caution
Vegetables,25.7,40,45,Average,15.2,3.2,Yes,17,Reject
Dairy,21.3,83,5,Average,64.4,7.2,No,5,Caution
Vegetables,8.2,84,16,Average,28.6,6.9,Yes,3,Caution
Grains,32.2,50,7,Average,62.3,6.6,No,23,Caution
Grains,14,73,3,Average,50.7,4.5,No,12,Caution
Fruits,34.4,66,37,Damaged,84.7,7.1,No,21,Reject
Meat,13,91,34,Average,15.8,3.3,No,17,Reject
Meat,8.3,61,38,Good,59.3,3.3,Yes,10,Caution
Vegetables,23,56,47,Good,40.9,5,Yes,12,Caution
Grains,28,95,50,Good,15.9,6.5,No,12,Reject
Dairy,34.8,65,30,Good,22.8,3.4,Yes,6,Caution
Vegetables,29.4,61,29,Good,49.1,4.8,Yes,13,Caution
Fruits,19.1,82,21,Good,18.1,6.4,No,15,Reject
Vegetables,14,47,54,Average,52.5,5,No,6,Reject
Vegetables,29.2,90,41,Damaged,31.2,4.4,Yes,9,Reject
Fruits,2.4,89,28,Good,26.4,4.9,Yes,9,Caution
Meat,20.3,89,44,Average,25.6,5.4,No,21,Reject
Dairy,14.6,89,21,Average,56.6,7.1,Yes,6,Caution
Grains,1,84,31,Average,43,6.9,No,19,Caution
Meat,25,79,59,Good,80.1,5.1,Yes,17,Caution
Meat,6,78,33,Good,60.1,6.9,Yes,13,Caution
Grains,8.4,55,8,Average,36.9,6.9,No,24,Caution
Meat,31.5,53,8,Damaged,36.3,7,Yes,24,Reject
Vegetables,7.7,85,5,Average,35.5,5.3,Yes,17,Safe
Grains,1.5,67,53,Good,88.3,6.3,No,17,Caution
Dairy,12,50,16,Good,23.3,3.7,Yes,1,Caution
Dairy,15.8,93,49,Good,11.9,6,No,4,Reject
Vegetables,16.5,63,30,Average,68.9,4.3,Yes,20,Reject
Meat,31.6,73,14,Good,31.9,6.6,No,15,Reject
Dairy,16.3,68,50,Average,75.2,5.1,No,10,Reject
Dairy,17.7,42,49,Good,82.7,4.3,Yes,2,Caution
Fruits,2.2,59,24,Good,44.5,4.5,No,20,Caution
Meat,9.2,53,5,Good,15.9,3.8,Yes,8,Safe
Fruits,25.9,42,57,Good,60.9,5.5,Yes,20,Caution
Vegetables,34.3,75,4,Good,57.2,3.4,No,18,Caution
Grains,31.4,49,26,Damaged,40.7,4.8,No,2,Reject
Vegetables,23.6,45,8,Good,57.3,5.5,No,5,Caution
Grains,20.3,50,14,Damaged,61.6,3.9,No,13,Reject
Vegetables,21.3,88,17,Damaged,44,5.1,Yes,2,Reject
Meat,24.8,91,55,Good,73.9,6.6,Yes,19,Reject
Meat,17.5,42,32,Good,74.3,4.2,No,17,Reject
Fruits,21.4,66,57,Good,82.4,3.7,No,22,Reject
Fruits,32.3,52,50,Damaged,40.1,4.9,No,10,Reject
Grains,24.2,88,52,Damaged,24,6.5,No,16,Reject
Fruits,12,54,28,Damaged,32.8,6.9,No,13,Reject
Grains,17.3,74,19,Good,76.4,6,No,12,Caution
Grains,2.4,89,13,Average,10.8,3.5,No,16,Caution
Vegetables,11.7,46,38,Good,13,7,Yes,12,Caution
Vegetables,8.3,45,3,Damaged,18,7,Yes,2,Caution
Vegetables,1.1,63,29,Good,67.1,7,Yes,4,Safe
Vegetables,1.4,86,53,Damaged,39.1,6.6,Yes,15,Reject
Dairy,23.5,59,6,Good,71,4.8,Yes,19,Caution
Dairy,33.3,67,31,Good,66.4,3.4,Yes,4,Caution
Fruits,32.8,67,13,Good,63.6,5.6,Yes,16,Caution
Dairy,32.8,55,18,Good,72.8,5.3,Yes,4,Caution
Fruits,16.3,54,39,Damaged,47,5.7,No,23,Reject
Dairy,31.3,86,21,Good,31.6,5,Yes,15,Reject
Fruits,35,65,2,Average,83,6.6,Yes,9,Caution
Meat,28,60,49,Good,84.3,4.7,No,9,Reject
Grains,23.9,50,13,Average,79,3.3,No,14,Caution
Meat,23.6,46,56,Damaged,68.4,3.2,Yes,12,Reject
Meat,13,64,55,Good,59.2,6.2,No,12,Reject
Grains,5.2,63,10,Good,38.2,5.8,No,23,Safe
Fruits,17.6,47,19,Good,69.9,3.8,No,16,Reject
Grains,21.8,60,18,Good,79,4.8,No,16,Caution
Meat,20.1,89,44,Average,41.6,6.3,Yes,1,Reject
Vegetables,24.8,87,44,Average,14.4,7,No,22,Reject
Vegetables,6.7,86,42,Average,64.4,5.7,Yes,20,Caution
Vegetables,7.4,82,55,Good,87,6.2,Yes,22,Caution
Grains,25.8,65,60,Good,49.7,3.9,No,3,Caution
Grains,31.5,41,9,Damaged,62,5.5,No,14,Reject
Fruits,28.6,87,21,Good,17.4,4.3,Yes,18,Reject
Dairy,27.5,54,44,Good,22.4,4.9,Yes,14,Caution
Meat,4.2,87,37,Good,43.5,5.8,Yes,19,Caution
Fruits,26.9,59,12,Average,85.8,6.9,Yes,12,Caution
Meat,20.7,64,60,Good,11.6,5.5,Yes,22,Caution
Vegetables,34.9,71,37,Good,48.1,7.1,No,1,Reject
Dairy,33.5,58,46,Damaged,81.9,3.7,Yes,12,Reject
Dairy,21.6,75,29,Good,13.1,4.5,Yes,16,Caution
Meat,26.1,46,46,Average,51.7,4.7,Yes,7,Caution
Meat,27.8,48,55,Average,74.8,6.9,Yes,19,Reject
Vegetables,5.4,69,53,Good,49,4.7,Yes,2,Safe
Meat,16.2,41,19,Good,84.1,6,Yes,2,Caution
Fruits,22.7,51,27,Good,47.7,4.8,No,12,Reject
Meat,24.1,74,48,Good,51.3,4.3,Yes,15,Caution
Dairy,9.3,62,59,Good,83.2,5.5,Yes,2,Caution
Grains,21,53,2,Damaged,87.9,4,No,23,Caution
Meat,16.6,67,34,Average,37.9,5.7,No,13,Reject
Dairy,3.7,81,57,Good,56.7,7,Yes,21,Caution
Grains,6.8,53,29,Average,60.4,6.8,No,24,Caution
Fruits,17.8,84,9,Damaged,16.2,5.4,Yes,5,Caution
Fruits,16.1,93,21,Good,13.5,5.2,No,18,Reject
Meat,23.7,81,48,Average,54.2,7.2,No,22,Reject
Dairy,5.4,60,27,Average,75.2,4.3,Yes,12,Caution
Dairy,32.1,87,47,Average,52.8,5.9,No,13,Reject
Dairy,0.4,63,30,Good,22.2,3.3,Yes,5,Safe
Vegetables,20.1,49,33,Good,24.5,5.6,Yes,19,Caution
Grains,2.2,82,42,Good,61.5,6.7,No,21,Caution
Meat,30.6,54,41,Damaged,34.9,5.5,Yes,18,Reject
Vegetables,11,43,6,Good,15.3,7,Yes,23,Safe
Fruits,10.4,62,34,Good,21.4,4.1,No,9,Caution
Dairy,2.5,66,30,Good,84.2,3.8,Yes,17,Caution
Dairy,25.8,89,14,Average,23.3,6.2,Yes,4,Caution
Dairy,4.3,62,29,Average,71,3.2,Yes,14,Caution
Meat,31.6,91,29,Good,20.9,6.6,No,17,Reject
Meat,7.2,70,1,Good,66.4,5.7,Yes,2,Safe
Meat,34.2,61,56,Good,11.6,3.6,Yes,13,Caution
Fruits,15.1,74,24,Average,50.6,5.8,Yes,5,Caution
Dairy,14.8,90,37,Good,28.4,5.7,No,14,Reject
Grains,10,76,49,Average,72.5,5.7,No,21,Caution
Fruits,5.4,61,58,Good,73,6.5,Yes,15,Caution
Dairy,16,65,55,Good,42.4,3.6,No,5,Reject
Grains,30.6,83,43,Good,73.7,6.1,No,5,Caution
Vegetables,22,48,23,Good,22.2,6,No,23,Reject
Meat,20.4,47,16,Good,13.3,3.6,Yes,17,Caution
Fruits,3.7,42,6,Good,16.5,6.6,No,17,Caution
Vegetables,26.7,43,17,Good,42.7,7,Yes,5,Caution
Dairy,7.7,93,60,Good,20.9,3.8,Yes,20,Caution
Vegetables,15.9,81,60,Good,33.5,4,Yes,4,Caution
Vegetables,17.9,66,43,Average,8.8,5.7,Yes,18,Reject
Vegetables,1.8,47,40,Good,84.3,5.1,Yes,22,Caution
Grains,11,81,10,Good,20.5,3.4,No,14,Caution
Dairy,21.9,74,32,Good,12.2,7.1,Yes,2,Caution
Vegetables,15.9,79,39,Damaged,34.6,4.7,Yes,21,Reject
Vegetables,11.5,58,2,Good,42.4,3.4,Yes,14,Safe
Dairy,10,63,54,Good,78.3,6.2,Yes,7,Caution
Fruits,3.6,44,13,Good,40.3,7.1,Yes,6,Safe
Vegetables,11.9,43,43,Good,71,4.1,Yes,4,Caution
Grains,23.7,93,57,Good,74.6,3.6,No,10,Caution
Grains,29.6,85,24,Damaged,34.1,3.8,No,5,Reject
Fruits,10.2,84,52,Damaged,67.5,5.9,No,2,Reject
Meat,35,47,22,Damaged,78.8,5.9,No,9,Reject
Dairy,0.5,41,17,Average,85.3,4.6,Yes,4,Caution
Fruits,13.1,43,33,Average,71.8,4.4,Yes,12,Caution
Fruits,26.2,59,48,Good,14.1,6.8,No,7,Reject
Dairy,22,64,21,Damaged,41.5,5.9,Yes,19,Reject
Meat,23.2,82,54,Good,72.6,4.5,Yes,13,Caution
Vegetables,1.7,49,40,Good,60,6,Yes,4,Safe
Vegetables,11.7,93,13,Good,10.9,3.6,No,5,Caution
Dairy,13.4,83,39,Good,17,6.9,No,13,Reject
Meat,0.2,67,1,Damaged,15.2,4.7,Yes,16,Caution
Vegetables,15.7,45,11,Average,85.7,4.7,Yes,7,Caution
Dairy,15.1,52,16,Good,89,6.9,Yes,11,Caution
Vegetables,19.2,84,33,Average,16,3.6,Yes,8,Caution
Vegetables,2.9,90,8,Damaged,83.4,4.4,No,23,Reject
Dairy,31.2,75,12,Average,12.4,5.4,Yes,2,Caution
Meat,0.5,88,36,Good,85.7,5.9,Yes,12,Caution
Dairy,1.1,68,34,Damaged,58.2,3.2,Yes,7,Caution
Meat,27.4,59,48,Good,78.1,6.2,Yes,7,Caution
Grains,5.5,92,30,Good,11.5,6.1,No,17,Caution
Grains,14.3,67,21,Good,82.9,6.7,No,23,Caution
Vegetables,13.3,53,15,Average,34.9,3.3,Yes,24,Caution
Fruits,19.4,66,17,Good,52.2,6.5,No,11,Reject
Meat,6.8,54,10,Good,50.6,5.8,Yes,8,Safe
Meat,5.9,84,20,Good,63.9,7.1,Yes,4,Safe
Dairy,9.3,84,28,Good,67,3.4,Yes,18,Caution
Grains,6.9,82,28,Good,75.5,6.9,No,11,Caution
Fruits,31.5,88,54,Good,25,5,Yes,9,Caution
Fruits,0.5,82,32,Average,19.4,5.3,Yes,13,Caution
Vegetables,19.7,61,11,Good,81.2,7.2,No,4,Caution
Dairy,2.3,47,19,Average,49.2,5.3,Yes,12,Caution
Grains,27.7,41,60,Good,10.3,3.3,No,12,Caution
Vegetables,25.8,56,18,Good,89.4,6.1,Yes,12,Caution
Vegetables,32.9,94,46,Good,51.7,6,Yes,15,Reject
Grains,19.3,41,16,Damaged,11.9,6.2,No,3,Reject
Fruits,10.4,52,55,Average,13.3,4.7,Yes,16,Caution
Dairy,9.9,55,58,Average,64.2,5.3,Yes,12,Caution
Grains,15.3,63,8,Damaged,49.7,7.1,No,18,Reject
Vegetables,10.2,94,23,Damaged,52.3,4.1,Yes,13,Reject
Meat,9.7,62,50,Good,22.6,6.2,Yes,19,Caution
Dairy,2.3,94,29,Average,9.5,5.1,No,17,Reject
Vegetables,17.3,91,32,Average,66,4.4,Yes,8,Reject
Vegetables,21,43,34,Average,55.6,4.1,Yes,17,Reject
Dairy,28.7,81,3,Good,50.3,5.8,No,13,Caution
Fruits,9.4,76,17,Good,37.6,6.9,Yes,7,Caution
Fruits,1.2,52,5,Average,63,4.2,Yes,19,Safe
Grains,7.8,50,55,Good,8.8,4.5,No,11,Caution
Dairy,32.1,68,14,Good,72.7,6.9,Yes,2,Caution
Grains,14.3,79,41,Good,39.5,6,No,4,Caution
Grains,11.1,63,52,Damaged,42.7,5,No,22,Reject
Grains,17.6,79,38,Damaged,87.1,6,No,15,Reject
Dairy,24,45,4,Good,46.3,6.4,Yes,8,Safe
Meat,19.1,82,34,Good,50.5,4.2,Yes,4,Caution
Fruits,14.3,60,3,Average,77.8,6,Yes,1,Safe
Meat,26.2,89,29,Good,76.2,6,No,3,Reject
Grains,16.4,71,31,Good,77.4,6.9,No,14,Caution
Fruits,22.9,43,10,Good,84.1,3.3,Yes,21,Caution
Fruits,13.1,51,21,Average,28.5,3.5,No,12,Reject
Grains,6.9,56,56,Good,59.6,3.6,No,16,Caution
Vegetables,22.2,67,37,Good,56.8,6.4,No,21,Reject
Fruits,4.2,63,18,Good,70.3,6,Yes,17,Caution
Meat,1.8,93,5,Average,10.3,6,Yes,16,Caution
Grains,9.7,62,45,Average,47.5,3.6,No,14,Caution
Grains,18.4,64,60,Good,39,3.6,No,15,Caution
Meat,25.9,49,56,Good,52,3.2,Yes,16,Caution
Grains,28.1,40,46,Good,17.3,6,No,6,Caution
Vegetables,28.5,41,9,Good,12.7,6.3,Yes,10,Caution
Meat,15.6,79,52,Damaged,27.7,5.5,No,7,Reject
Vegetables,14.4,93,36,Good,30.8,5.6,No,14,Reject
Fruits,22,92,21,Good,32.2,4.6,No,12,Reject
Grains,1.6,70,38,Average,52,4.8,No,15,Caution
Fruits,23,42,33,Damaged,50.2,5.8,Yes,19,Reject
Meat,0,64,3,Average,35.3,6.6,Yes,10,Safe
Dairy,22.2,92,60,Damaged,76.6,5.9,Yes,17,Reject
Fruits,11.5,86,33,Good,58.5,7.1,No,7,Reject
Dairy,22.5,66,36,Good,62.1,7,No,13,Reject
Meat,7.6,67,39,Good,51,4.2,Yes,23,Caution
Vegetables,17.6,83,5,Good,25.1,4.3,Yes,12,Caution
Grains,27.8,58,36,Good,30.5,4,No,3,Caution
Vegetables,12.1,60,44,Average,60.3,4.9,Yes,3,Caution
Meat,22.3,77,4,Good,66,3.7,Yes,22,Caution
Grains,16.8,64,52,Average,38.8,6.8,No,21,Reject
Dairy,27.3,83,29,Good,53.6,4.9,No,16,Reject
Vegetables,8.2,94,57,Good,30.8,4.8,No,16,Reject
Dairy,5.2,50,34,Good,86.5,5.3,Yes,18,Caution
Grains,22.3,52,2,Damaged,48.6,3.9,No,2,Caution
Grains,12.3,68,3,Average,78.5,5.2,No,6,Safe
Vegetables,25.3,55,57,Good,54.8,3.3,No,19,Reject
Grains,8.5,41,32,Good,74.4,4.5,No,19,Caution
Grains,32.9,41,52,Average,51.7,3.5,No,1,Caution
Dairy,15.7,57,1,Good,20.4,5.9,Yes,19,Caution
Grains,13.8,81,54,Average,67.5,3.5,No,2,Caution
Dairy,17.3,43,59,Average,32,5.3,Yes,6,Caution
Vegetables,17.5,43,40,Good,83.3,5.8,Yes,22,Caution
Meat,10.4,42,21,Damaged,60.9,3.7,No,21,Reject
Meat,11.3,60,54,Good,59.1,5.2,No,2,Caution
Dairy,3.9,75,51,Damaged,66.5,3.7,Yes,13,Caution
Fruits,10.4,64,12,Good,76.2,3.5,Yes,6,Safe
Meat,19.2,52,30,Good,85.9,3.4,No,17,Reject
Grains,15.1,44,39,Good,45.2,6.4,No,23,Caution
Vegetables,4.1,88,39,Good,34.5,3.7,No,10,Caution
Grains,8.7,78,52,Average,83.3,7.2,No,9,Caution
Meat,0.3,44,27,Good,48.6,6.1,No,2,Caution
Fruits,27.3,91,17,Good,32,5.3,Yes,21,Reject
Dairy,20.2,75,6,Damaged,51.2,4.3,No,3,Reject
Fruits,9.1,65,10,Good,28.8,3.6,No,5,Caution
Dairy,4.4,54,11,Average,48.1,3.2,Yes,23,Caution
Vegetables,9.3,53,8,Average,35.5,3.5,No,23,Reject
Vegetables,18.6,88,37,Good,58.5,3.2,Yes,14,Reject
Grains,10.5,71,23,Average,18.6,4.8,No,8,Caution
Fruits,2.2,54,38,Average,41.7,4.5,No,9,Caution
Fruits,3.9,85,59,Good,79,6.8,Yes,8,Safe
Fruits,12.3,88,21,Good,82.9,6,No,21,Reject
Dairy,16.3,61,33,Good,11.1,4,Yes,22,Caution
Dairy,23.1,87,23,Good,20.8,5.6,Yes,8,Caution
Meat,8.4,84,30,Damaged,50,6.8,Yes,23,Reject
Vegetables,34.6,52,54,Good,15.8,6.7,Yes,11,Caution
Vegetables,30.2,43,23,Good,31.6,4.2,Yes,23,Caution
Vegetables,19,84,57,Good,53.5,3.8,Yes,8,Caution
Vegetables,6.6,49,46,Average,70.2,3.8,No,8,Caution
Meat,6.8,65,8,Good,45.6,6.3,Yes,3,Safe
Dairy,34.2,58,46,Good,25.5,7,No,6,Reject
Dairy,9.9,76,26,Good,39.1,4.4,Yes,16,Caution
Grains,20,49,54,Good,24.8,6.8,No,14,Caution
Grains,34.2,86,22,Good,12.4,3.4,No,23,Reject
Meat,7.7,44,39,Good,67.9,3.9,No,10,Caution
Fruits,8,51,36,Average,32.6,5,Yes,19,Caution
Fruits,30.9,68,49,Average,39.8,7.1,Yes,7,Caution
Dairy,17.6,57,6,Good,19.5,5.7,Yes,4,Safe
Fruits,24.3,79,44,Damaged,64.1,3.6,Yes,4,Reject
Vegetables,15.3,92,39,Good,9.3,6.3,No,15,Reject
Fruits,14.5,80,17,Good,25.3,4.6,Yes,4,Caution
Dairy,16,62,25,Average,23.5,3.4,Yes,15,Reject
Meat,24.1,48,59,Good,8,3.2,No,19,Reject
Grains,17,80,39,Good,15.6,4.5,No,1,Caution
Vegetables,17.2,66,15,Average,62.4,4.1,Yes,13,Caution
Meat,20.7,60,18,Average,76.6,5.7,Yes,15,Reject
Meat,5.2,53,55,Good,13.1,3.6,Yes,19,Caution
Dairy,26.5,57,50,Average,70.3,6.6,Yes,20,Reject
Vegetables,11.6,57,52,Good,81.2,4.2,Yes,13,Caution
Vegetables,2.2,40,58,Good,41.2,4.6,No,12,Caution
Grains,9.4,61,54,Good,72.4,6.9,No,19,Caution
Dairy,18.9,42,7,Average,38.6,5.3,Yes,22,Caution
Meat,18,63,43,Good,11.6,5.4,Yes,15,Caution
Dairy,28.4,72,27,Good,84.3,3.2,Yes,5,Caution
Grains,3.8,87,19,Average,49.7,4.8,No,9,Caution
Fruits,15.2,94,51,Average,55.3,4.1,Yes,8,Reject
Vegetables,15,48,45,Damaged,59.1,5.8,Yes,22,Reject
Dairy,16.3,50,10,Good,50.6,7,Yes,2,Caution
Vegetables,34.7,73,8,Damaged,73.5,4,Yes,7,Caution
Vegetables,4,86,49,Good,9.2,4.2,Yes,21,Caution
Meat,34.8,83,20,Good,11,5.5,Yes,13,Caution
Fruits,23.6,83,57,Good,59.6,5.4,Yes,20,Caution
Vegetables,5.5,45,1,Average,63.9,3.4,No,10,Caution
Grains,16.9,93,13,Good,82,3.4,No,6,Caution
Meat,34.9,49,38,Damaged,83.6,6,Yes,7,Reject
Vegetables,12.8,87,19,Good,23.5,3.3,Yes,14,Caution
Meat,3.2,60,24,Damaged,55.6,5.9,Yes,13,Caution
Grains,5,84,14,Good,21.7,3.7,No,15,Safe
Grains,0.6,59,58,Damaged,77.3,3.3,No,23,Caution
Fruits,31.2,70,43,Damaged,41.6,3.2,Yes,6,Reject
Fruits,3.1,49,56,Average,49.4,6.3,Yes,3,Caution
Grains,19.7,86,49,Good,49.4,5.3,No,11,Reject
Dairy,12.4,52,31,Good,53.3,6.8,Yes,20,Caution
Fruits,26.5,60,30,Good,50.8,4,No,22,Reject
Fruits,35,77,10,Average,38.4,6.5,Yes,4,Caution
Meat,5,76,41,Good,61.9,5.1,Yes,4,Safe
Fruits,4.3,87,49,Average,55.9,3.8,Yes,6,Caution
Fruits,21.5,72,1,Good,32.4,4.3,Yes,21,Caution
Fruits,30.6,89,41,Good,16.1,3.8,Yes,7,Caution
Vegetables,15.1,55,28,Damaged,67.9,5.9,Yes,18,Reject
Fruits,13.2,52,12,Good,60.8,6,No,16,Caution
Dairy,8.6,76,21,Damaged,43.5,3.6,Yes,16,Reject
Meat,12.1,49,30,Good,35.9,5.7,Yes,17,Caution
Grains,33,62,24,Good,12,6.6,No,12,Caution
Vegetables,17.3,92,43,Damaged,20.2,5.8,No,22,Reject
Grains,33.9,56,6,Good,32.1,5.8,No,3,Safe
Vegetables,14.8,94,53,Good,67.3,3.9,Yes,6,Caution
Meat,10,45,47,Good,47.8,7,Yes,17,Caution
Fruits,10.8,69,53,Good,72.8,6.4,Yes,6,Caution
Meat,25.8,57,31,Average,69.2,4.8,No,6,Reject
Vegetables,1.6,72,47,Good,21.5,7.2,No,2,Caution
Meat,2.2,53,28,Good,40.9,5,Yes,16,Caution
Vegetables,18.5,53,1,Damaged,28.2,6.3,No,13,Reject
Grains,21.4,83,1,Good,75.3,6,No,18,Caution
Grains,4.7,84,13,Average,29.5,4.4,No,20,Caution
Dairy,31.3,65,50,Good,26.4,6,Yes,18,Caution
Vegetables,14.5,67,14,Average,70.7,5.6,Yes,3,Caution
Fruits,0,61,2,Good,13,4.2,No,11,Caution
Vegetables,30.7,71,47,Damaged,82.8,6.5,Yes,10,Reject
Meat,16,40,8,Average,79.2,5.3,No,20,Reject
Fruits,20.9,46,35,Average,14.2,5.2,No,1,Reject
Dairy,23.6,45,57,Average,67.7,5.4,No,20,Reject
Grains,34.5,42,41,Good,10.8,4.8,No,3,Caution
Grains,31.5,82,11,Average,79.3,5.5,No,14,Caution
Dairy,6.1,76,21,Good,55.9,5.2,Yes,1,Safe
Dairy,17.1,91,37,Good,47.2,4.2,No,11,Reject
Grains,35,76,19,Good,36.2,3.6,No,17,Caution
Grains,8,50,50,Good,30.4,5.6,No,10,Safe
Fruits,25.6,40,43,Good,57.1,6.1,Yes,12,Caution
Grains,32.4,73,19,Damaged,15.8,4.7,No,19,Reject
Grains,34,87,22,Average,8.4,6.3,No,14,Reject
Grains,22.4,47,51,Good,11.4,4.3,No,20,Caution
Meat,30.8,85,14,Damaged,78.3,4.3,Yes,12,Reject
Vegetables,3.9,57,24,Good,42.1,5.4,No,22,Caution
Fruits,10.3,86,49,Average,72.1,6.3,Yes,2,Caution
Dairy,3.8,45,29,Average,83.3,6.5,No,20,Reject
Vegetables,29.9,57,36,Average,24.1,5.2,No,13,Reject
Meat,19.8,87,11,Average,18.6,4.7,Yes,20,Reject
Grains,3.9,71,21,Average,77.2,7,No,17,Caution
Grains,23,79,41,Damaged,69.9,3.8,No,6,Reject
Grains,11.4,89,40,Average,63.2,4.4,No,22,Reject
Meat,7.3,60,2,Good,85.6,7.2,Yes,23,Safe
Meat,24.1,44,20,Good,74.3,6.4,Yes,4,Caution
Dairy,30.9,69,36,Good,22.4,3.6,Yes,9,Caution
Dairy,4.8,76,35,Good,61.8,6.7,Yes,10,Safe
Grains,6.5,65,20,Good,23.6,4.7,No,19,Caution
Vegetables,1.1,58,5,Good,70,6.3,Yes,7,Safe
Vegetables,31.7,88,26,Good,42.6,4.1,Yes,24,Reject
Fruits,11.3,91,6,Average,53,4.7,Yes,15,Caution
Vegetables,14.3,95,4,Average,42.6,4.8,No,20,Reject
Dairy,8.7,60,4,Good,88.7,6.8,Yes,22,Safe
Dairy,3.7,78,40,Good,84.3,3.5,No,1,Caution
Meat,7.1,63,54,Good,73,6.6,No,10,Caution
Grains,3.2,41,55,Average,58.3,3.4,No,13,Caution
Fruits,30.5,52,37,Good,84.7,3.4,Yes,19,Caution
Grains,21.5,75,1,Good,51.2,4.6,No,6,Safe
Meat,16.5,75,13,Good,58.7,5.4,No,12,Reject
Meat,10.4,66,53,Damaged,41,7,Yes,15,Reject
Fruits,3.2,64,29,Good,19,7.1,Yes,22,Caution
Fruits,4.9,64,23,Good,81.2,4.6,Yes,22,Caution
Vegetables,25.1,81,56,Good,86.5,4,Yes,23,Caution
Meat,6.5,45,50,Good,58.5,3.4,Yes,13,Caution
Meat,18.2,91,28,Average,77.4,5.6,Yes,24,Reject
Meat,29,51,38,Good,36.9,7,No,3,Reject
Fruits,3,71,15,Average,50.9,5.8,Yes,17,Caution
Vegetables,17.8,70,41,Damaged,9.4,3.3,Yes,13,Reject
Fruits,32.2,49,13,Average,38.7,6.4,Yes,10,Caution
Vegetables,30.6,70,31,Good,23.2,3.7,Yes,23,Caution
Meat,0.4,84,45,Good,76.5,6.4,No,5,Caution
Meat,17.3,66,58,Good,57.7,7,Yes,3,Caution
Vegetables,30.4,86,18,Good,80.8,3.5,Yes,2,Caution
Meat,20.7,51,13,Damaged,64.6,6.6,Yes,14,Reject
Dairy,19,50,20,Damaged,53.2,5.6,No,12,Reject
Meat,27.9,72,53,Good,38.9,5.2,No,8,Reject
Vegetables,6.8,56,12,Good,47.9,4.4,No,8,Caution
Vegetables,23.8,84,57,Average,61,5.5,Yes,3,Caution
Meat,20.3,90,47,Good,8.4,6.3,Yes,21,Reject
Vegetables,21.4,95,25,Good,56.1,3.3,Yes,15,Reject
Dairy,33.4,58,48,Good,25.4,5,No,15,Reject
Dairy,1.1,83,1,Good,21.4,5.1,Yes,24,Safe
Dairy,31.8,55,8,Good,82.6,7,No,11,Reject
Meat,3.3,53,60,Average,28.7,6.8,No,7,Caution
Meat,1.9,84,22,Good,83.1,6,No,1,Caution
Vegetables,10.4,72,48,Good,24.2,5.3,Yes,5,Caution
Vegetables,12.4,71,59,Damaged,82.3,6.6,Yes,18,Reject
Fruits,13.1,40,8,Good,77.2,6,No,8,Caution
Dairy,4.9,67,49,Good,66,6.9,Yes,14,Caution
Grains,4.9,83,35,Average,14,4.5,No,18,Caution
Grains,3.1,55,27,Good,9.2,3.5,No,5,Safe
Grains,31.6,45,48,Good,87.7,5.3,No,19,Caution
Fruits,6.2,78,39,Good,84.9,5.1,Yes,15,Caution
Grains,13.2,69,12,Good,59.2,6.7,No,19,Caution
Grains,1.7,73,47,Good,64.9,7,No,4,Safe
Vegetables,9.3,85,17,Good,82.6,3.4,No,3,Caution
Fruits,11.8,50,8,Good,87.7,6.3,Yes,16,Caution
Fruits,21,90,3,Good,27.6,4.6,Yes,20,Caution
Fruits,20,95,24,Good,77.4,3.6,Yes,12,Reject
Grains,11.7,46,15,Average,68.2,6.1,No,10,Caution
Meat,19,74,28,Average,64.6,5.7,Yes,11,Reject
Grains,26.6,94,57,Good,16.6,6.3,No,5,Caution
Fruits,26.3,75,21,Good,9.8,3.5,Yes,15,Caution
Meat,33.6,84,45,Good,10,6.7,No,3,Reject
Vegetables,1.7,86,43,Average,76.3,3.9,Yes,16,Caution
Vegetables,7.4,91,38,Average,30.3,6.9,Yes,2,Caution
Fruits,27.9,79,35,Good,58.7,5.4,Yes,9,Caution
Dairy,5.9,95,22,Good,64.2,3.7,Yes,14,Caution
Grains,25,61,15,Good,23.9,6,No,4,Caution
Meat,6,46,35,Good,17.2,5.3,Yes,4,Safe
Vegetables,31.1,45,10,Damaged,79.5,6.6,Yes,12,Reject
Dairy,30.5,57,28,Good,70,4.7,No,8,Reject
Grains,24.1,63,47,Good,22.7,7.1,No,17,Caution
Grains,14.7,80,25,Good,62.5,3.9,No,24,Caution
Vegetables,6.3,43,55,Average,75.3,3.6,Yes,14,Caution
Fruits,9.8,48,16,Good,81,5.4,Yes,17,Caution
Dairy,19.2,91,4,Good,76.8,6,Yes,3,Caution
Meat,23.4,83,44,Damaged,77.5,3.5,Yes,21,Reject
Grains,34.7,53,40,Damaged,20.3,3.8,No,13,Reject
Meat,33,68,19,Good,40.1,3.4,No,6,Reject
Vegetables,4.1,95,22,Good,31.7,4.6,Yes,7,Caution
Meat,33.6,69,27,Damaged,71.4,3.8,No,24,Reject
Fruits,29.4,41,51,Good,35.4,6.3,Yes,14,Caution
Fruits,16.5,51,48,Damaged,21.9,7.1,Yes,2,Reject
Dairy,7.8,48,49,Damaged,86.6,3.8,Yes,8,Caution
Vegetables,34,78,7,Good,32.4,6.7,Yes,6,Safe
Grains,6,92,24,Good,30.7,5.4,No,17,Caution
Grains,0.5,62,51,Good,78.4,6.9,No,20,Caution
Fruits,11.7,44,48,Good,82.6,3.8,Yes,23,Caution
Meat,33.3,94,15,Good,43.4,6.3,No,6,Reject
Grains,18.8,67,49,Average,62.1,4.4,No,5,Caution
Grains,13.3,84,48,Good,69.1,6,No,8,Caution
Meat,16.2,90,49,Good,19.8,5.5,Yes,20,Reject
Vegetables,11.2,88,13,Average,48.5,4.4,Yes,7,Caution
Fruits,27.3,75,37,Average,80,3.7,No,17,Reject
Fruits,34.7,83,54,Good,78.3,5.9,Yes,14,Caution
Grains,27.3,69,56,Average,30.8,3.8,No,17,Reject
Meat,31.6,65,17,Average,78.6,4.3,Yes,16,Reject
Vegetables,2.5,82,8,Good,65.4,6.2,Yes,5,Safe
Meat,31.9,71,58,Damaged,70.3,6.2,No,5,Reject
Meat,13.6,88,38,Good,66,5.7,Yes,4,Caution
Dairy,6.4,64,18,Damaged,46.3,6,Yes,21,Caution
Dairy,20.6,69,40,Average,50.4,4.5,Yes,19,Reject
Fruits,13.6,42,19,Average,9.7,3.9,Yes,24,Caution
Dairy,10.4,77,11,Good,37.3,4,Yes,11,Caution
Dairy,6.3,70,38,Damaged,65.2,5.9,Yes,15,Caution
Vegetables,9.3,66,12,Average,18.1,6,Yes,1,Caution
Meat,16.7,67,10,Average,20.2,4.6,No,8,Reject
Meat,27,93,43,Good,48.8,5.4,Yes,7,Caution
Grains,15.5,57,21,Good,49.4,3.9,No,14,Caution
Dairy,33.8,72,10,Average,49,4.3,No,19,Reject
Dairy,14.7,60,60,Good,85.1,7.1,Yes,1,Caution
Vegetables,32.1,55,60,Average,11.6,4.3,Yes,2,Caution
Grains,33.4,70,11,Good,60.1,6.1,No,10,Caution
Grains,29.9,65,48,Average,63.2,3.7,No,14,Reject
Grains,16.6,95,32,Average,34.3,7.2,No,17,Reject
Dairy,31.9,83,9,Good,77.7,4.6,No,24,Reject
Vegetables,17.6,56,53,Good,37.7,4.2,Yes,9,Caution
Grains,2.4,51,40,Good,86.3,6.3,No,10,Safe
Dairy,17.3,63,51,Good,75.2,5.6,Yes,22,Caution
Grains,32.2,77,7,Average,78.3,6.2,No,7,Caution
Grains,34.2,76,24,Good,27.6,4.5,No,3,Caution
Meat,30,42,21,Average,48.1,7.2,Yes,7,Caution
Dairy,15.8,65,39,Good,67,4.2,Yes,11,Caution
Vegetables,4.6,82,10,Damaged,58.7,5.1,Yes,15,Caution
Vegetables,32,81,30,Good,86,7.1,Yes,13,Caution
Grains,6.1,77,19,Good,65.9,7,No,15,Caution
Grains,0.9,93,59,Good,21,3.9,No,5,Caution
Dairy,3.4,80,42,Good,88.5,6.7,No,17,Caution
Meat,19,92,38,Good,50.7,4.6,Yes,15,Reject
Grains,27.2,48,33,Good,50.5,5.2,No,22,Caution
Grains,14.5,42,51,Average,71.8,4.7,No,8,Caution
Fruits,4,73,9,Average,60.7,5.1,Yes,1,Safe
Meat,2.4,91,18,Average,53.5,7.1,Yes,23,Caution
Meat,27.1,54,17,Average,78.5,4.9,Yes,23,Reject
Vegetables,26.1,85,59,Good,47.8,6.5,Yes,6,Caution
Fruits,31.7,78,15,Good,62.1,4.9,No,4,Caution
Fruits,6.6,78,41,Good,14.4,4.5,Yes,13,Caution
Meat,21.9,55,33,Average,79.1,5.7,Yes,2,Caution
Grains,4.9,70,23,Good,9,5,No,4,Safe
Vegetables,21.8,56,32,Good,46.7,4.6,Yes,13,Caution
Fruits,9.8,75,52,Average,39.9,3.6,Yes,19,Caution
Dairy,28.7,50,37,Good,61.3,5.9,Yes,4,Caution
Fruits,3.4,66,53,Average,64.8,5.8,No,12,Reject
Dairy,28,63,28,Good,89.7,4.8,Yes,8,Caution
Fruits,21.2,70,27,Good,75.4,5.5,Yes,10,Caution
Vegetables,10.1,65,50,Damaged,69.4,3.3,Yes,20,Reject
Fruits,9,76,43,Good,80.6,7.2,Yes,23,Caution
Grains,24.8,84,17,Average,83.7,4.2,No,3,Caution
Dairy,17.1,51,41,Good,36.1,5.5,No,24,Reject
Grains,33.4,77,8,Good,64.4,6.5,No,23,Caution
Dairy,26.4,50,52,Good,25.1,6.9,No,3,Reject
Meat,33.4,79,59,Good,78.8,3.6,Yes,20,Caution
Grains,29.6,73,30,Average,73.9,6.7,No,2,Caution
Dairy,21.7,48,54,Good,25.2,6.1,No,4,Reject
Dairy,8.3,44,2,Good,29.8,6.5,Yes,23,Safe
Grains,16.6,71,27,Good,23.5,3.4,No,19,Caution
Meat,5.7,43,20,Good,85.1,6,Yes,19,Caution
Dairy,7.4,85,38,Good,41.2,6.5,Yes,21,Caution
Meat,29.6,50,20,Good,22.7,4.1,Yes,17,Caution
Vegetables,21.6,67,57,Good,30.6,6.2,No,17,Reject
Grains,23.1,63,43,Average,62.4,7,No,13,Reject
Fruits,26.4,50,22,Good,59.7,5.4,No,5,Reject
Grains,21.3,55,30,Good,77.6,3.5,No,14,Caution
Grains,15.8,64,44,Average,26,5.5,No,22,Reject
Grains,1.7,93,50,Good,67.2,7.1,No,18,Caution
Fruits,15.8,95,16,Good,64.1,6.9,Yes,8,Caution
Fruits,34.4,79,23,Good,69.1,7.1,Yes,14,Caution
Dairy,32.3,52,32,Average,56.5,5.1,Yes,5,Caution
Vegetables,12.4,76,1,Good,46.8,3.7,Yes,8,Safe
Dairy,12.2,78,15,Good,79.2,4.6,Yes,11,Caution
Meat,34.6,79,9,Good,48.5,4.2,Yes,5,Caution
Grains,30.8,53,8,Good,68.8,6.4,No,14,Caution
Fruits,18.3,49,54,Good,16.1,4.5,Yes,15,Caution
Grains,16.9,56,58,Good,19,5.6,No,13,Caution
Fruits,8.1,75,28,Average,52.2,3.8,Yes,18,Caution
Grains,29.7,56,48,Good,44.8,6.3,No,10,Caution
Meat,4.3,92,8,Average,51.2,4,Yes,14,Caution
Vegetables,14.4,89,47,Good,18.2,6.3,Yes,1,Caution
Meat,3.6,42,9,Good,59.4,5.6,Yes,6,Safe
Meat,29.9,74,21,Good,71.4,6,Yes,10,Caution
Meat,29.8,62,58,Good,52.4,4.5,Yes,11,Caution
Fruits,15.2,69,32,Good,33,4.6,Yes,12,Caution
Fruits,32.9,87,28,Good,44.9,6.7,No,13,Reject
Vegetables,22.7,51,45,Good,68.3,3.2,Yes,22,Caution
Dairy,30.9,44,50,Good,21.5,6.5,Yes,9,Caution
Fruits,18,61,35,Average,47.5,4.6,Yes,5,Caution
Fruits,15.3,78,14,Average,81.8,6.7,Yes,21,Caution
Dairy,3.1,95,37,Good,69.2,5.7,No,12,Reject
Grains,6.5,52,60,Good,22.5,5.4,No,8,Safe
Dairy,15.4,95,24,Good,58.6,7,Yes,22,Reject
Vegetables,6.2,75,46,Good,8.3,5.5,No,19,Caution
Fruits,11.9,43,25,Good,34.7,7,Yes,21,Caution
Grains,27.4,61,40,Damaged,72.7,6.4,No,4,Reject
Grains,23.9,66,57,Average,16.5,4.8,No,7,Caution
Grains,6.7,59,8,Good,68.1,4.6,No,7,Safe
Grains,10.4,89,60,Average,30.6,4,No,20,Reject
Meat,7.3,41,59,Damaged,16.4,7.2,No,2,Reject
Meat,8.9,42,44,Good,19.4,4.5,No,19,Reject
Dairy,33.6,84,19,Good,81.8,6.6,No,7,Reject
Dairy,3,47,36,Good,31.6,5.2,Yes,10,Safe
Meat,28.2,70,54,Good,61.1,5.5,No,2,Reject
Vegetables,2.3,72,54,Average,52.5,5.3,No,21,Reject
Meat,19,76,12,Average,26.9,4.5,No,9,Reject
Meat,30.9,48,37,Average,66.1,7.2,No,9,Reject
Vegetables,14.6,75,16,Good,62.3,6.5,Yes,23,Caution
Meat,9,84,15,Good,14.1,5.7,No,24,Caution
Meat,12.4,77,47,Average,63,5.3,No,19,Reject
Dairy,22.8,47,45,Damaged,29.2,6.4,Yes,11,Reject
Fruits,7.8,90,24,Good,75.5,4.4,Yes,8,Caution
Vegetables,4.9,63,43,Good,33.1,5.9,No,1,Caution
Grains,4.1,62,12,Good,28,5.4,No,8,Safe
Meat,6.8,74,22,Good,29.2,3.2,No,1,Caution
Fruits,28.8,50,28,Average,9.8,4.3,Yes,21,Reject
Fruits,34.3,69,24,Average,39.9,6.3,No,18,Reject
Grains,16.5,45,4,Good,33.3,4.1,No,20,Caution
Vegetables,27.8,55,58,Good,67.8,3.8,Yes,7,Caution
Vegetables,2.7,58,47,Good,56.9,6.5,Yes,2,Safe
Vegetables,14,53,6,Damaged,18.8,6.1,No,3,Caution
Vegetables,7.6,76,48,Damaged,79.3,5.6,Yes,22,Caution
Meat,12.5,41,6,Good,47.3,5.6,Yes,8,Safe
Grains,4,45,30,Good,8.1,5.7,No,12,Caution
Dairy,13.3,61,40,Good,69.3,5.3,Yes,20,Caution
Meat,3.4,64,19,Good,74.6,6.8,Yes,24,Caution
Meat,12.5,95,52,Damaged,89.8,6.4,No,14,Reject
Grains,1.4,60,56,Good,83.5,4.8,No,23,Caution
Vegetables,10,92,59,Good,15.4,5.1,No,12,Reject
Meat,32.2,76,36,Good,57.3,6,No,17,Reject
Grains,19.9,60,1,Average,51.9,6.9,No,1,Caution
Vegetables,10.2,44,25,Good,46.6,3.7,Yes,3,Caution
Vegetables,10.9,80,44,Average,53,4,Yes,15,Caution
Meat,0.6,89,11,Good,78.7,4.9,Yes,6,Safe
Vegetables,29.4,93,37,Good,71.4,6.5,No,7,Reject
Vegetables,25.6,76,14,Good,50.5,4.5,No,20,Reject
Dairy,25.8,58,56,Good,59,4.2,No,4,Reject
Dairy,14.4,47,39,Average,71.9,5.5,Yes,17,Caution
Grains,34.2,75,34,Damaged,70.4,3.7,No,7,Reject
Grains,25.4,74,25,Damaged,17,6,No,7,Reject
Meat,2.7,59,3,Damaged,64.5,5.9,Yes,6,Safe
Vegetables,32.6,53,17,Damaged,80.7,4.8,Yes,20,Reject
Dairy,22.8,90,55,Average,9.7,4.7,Yes,15,Reject
Fruits,34.7,83,39,Average,49.5,5.1,Yes,6,Caution
Grains,17.5,49,3,Good,18.7,5.9,No,17,Caution
Dairy,6.7,62,58,Good,13.5,4,Yes,2,Safe
Dairy,9.7,58,48,Good,26.4,6.7,Yes,24,Caution
Fruits,14.9,85,43,Good,20.6,5.2,Yes,5,Caution
Vegetables,31.4,81,52,Damaged,21.9,5.7,No,5,Reject
Grains,4.3,76,3,Damaged,23.8,5,No,12,Caution
Meat,6.3,73,38,Good,47,5.6,Yes,5,Safe
Vegetables,22.8,86,29,Damaged,65.1,6.2,Yes,16,Reject
Dairy,1.6,61,51,Average,55.9,3.7,Yes,1,Caution
Vegetables,26.6,49,4,Good,68.6,4.7,Yes,21,Caution
Fruits,34.4,70,51,Damaged,82.7,5.7,No,2,Reject
Grains,34.2,59,50,Average,43.3,6.5,No,3,Caution
Grains,8.3,43,51,Good,50,7.1,No,24,Caution
Grains,3.9,74,56,Damaged,57.4,6.4,No,14,Caution
Vegetables,3.6,58,1,Good,11.2,5.6,Yes,8,Safe
Vegetables,2.4,75,12,Average,41.8,7,Yes,19,Caution
Grains,28.3,59,54,Good,29.1,3.8,No,8,Caution
Meat,29.9,86,32,Good,72,3.8,Yes,9,Caution
Meat,24.6,73,35,Average,29.9,5.2,Yes,9,Caution
Fruits,20.7,57,54,Average,58.1,4.3,Yes,15,Reject
Meat,23.2,80,41,Damaged,37.7,5.3,No,13,Reject
Grains,11.2,78,46,Good,78.5,5.9,No,8,Caution
Meat,15.6,95,7,Average,87.6,5.8,Yes,10,Caution
Grains,15.9,51,1,Average,62.4,3.8,No,7,Caution
Grains,34.1,54,21,Good,23.8,7.2,No,2,Caution
Vegetables,3.7,90,37,Average,12.9,6.8,No,24,Reject
Meat,3.3,80,27,Average,79.9,5.1,No,7,Caution
Dairy,25.8,43,15,Good,50.3,5.4,No,21,Reject
Grains,34.1,82,18,Good,34.7,6.4,No,21,Caution
Grains,2.5,75,41,Average,78,5.8,No,9,Caution
Fruits,3.1,78,6,Average,16.5,4.9,Yes,12,Safe
Fruits,33.1,45,49,Good,57.3,5.6,No,18,Reject
Grains,28.2,45,4,Good,18.5,6.1,No,11,Caution
Meat,9.3,94,9,Damaged,85.7,6.2,No,9,Reject
Meat,26.2,49,32,Good,82.3,3.8,Yes,16,Caution
Grains,2.3,51,24,Good,39.7,6.3,No,14,Caution
Meat,18.8,51,56,Damaged,40.9,4.5,Yes,19,Reject
Grains,25.5,61,56,Good,56,6.3,No,15,Caution
Meat,4.3,51,35,Good,82.5,3.3,Yes,10,Safe
Grains,5.1,74,17,Good,33.4,5.3,No,2,Safe
Vegetables,25,82,60,Good,35.5,5.5,Yes,11,Caution
Grains,8.4,50,17,Average,41.2,3.8,No,20,Caution
Vegetables,27.7,64,23,Damaged,41.6,6.8,No,3,Reject
Meat,18,83,19,Average,87.1,7.2,Yes,23,Reject
Fruits,4.2,85,1,Good,25.1,4.5,Yes,2,Safe
Grains,33.3,47,9,Average,53,4.7,No,14,Caution
Vegetables,32.1,92,1,Good,55.1,4.5,No,7,Caution
Meat,7,69,33,Average,10.5,5,Yes,18,Caution
Meat,6.3,77,7,Good,89.7,6.5,Yes,4,Safe
Vegetables,2,89,5,Damaged,33,4.5,Yes,20,Caution
Dairy,18.6,55,20,Good,14.2,4.8,Yes,12,Caution
Fruits,21.1,60,21,Good,59.5,3.7,Yes,21,Caution
Dairy,3.2,72,32,Good,57.8,5,Yes,18,Caution
Grains,26.2,67,34,Good,89.4,4.1,No,18,Caution
Dairy,19.9,95,6,Good,12.3,7.1,Yes,19,Caution
Meat,13.4,81,50,Good,43.1,4.2,Yes,15,Caution
Grains,29.2,90,1,Average,72.3,6.3,No,4,Caution
Dairy,13.8,56,46,Good,27.6,7.1,Yes,11,Caution
Fruits,23.8,76,19,Average,44.9,6.9,No,14,Reject
Dairy,30.4,66,10,Average,68.6,3.8,Yes,21,Caution
Fruits,15,95,35,Average,50.6,6,Yes,18,Reject
Fruits,23.5,56,12,Good,88.1,5.4,Yes,1,Caution
Grains,26.1,54,8,Damaged,79.9,6.3,No,15,Reject
Fruits,34.2,51,30,Good,20.5,6.1,No,11,Reject
Grains,13.7,86,46,Good,63.7,6.2,No,24,Caution
Vegetables,26.6,79,58,Good,43.3,3.7,Yes,24,Caution
Meat,22.5,88,15,Average,33.7,3.5,No,15,Reject
Fruits,19.7,75,39,Good,69.4,6.9,Yes,7,Caution
Grains,12.9,78,11,Good,62.9,3.4,No,7,Safe
Dairy,26.6,52,32,Good,32.7,5.1,No,12,Reject
Dairy,32.6,80,17,Good,69.4,6.5,Yes,5,Caution
Vegetables,34.4,85,49,Good,84.5,4,No,23,Reject
Grains,11,57,49,Good,22.8,5,No,4,Caution
Dairy,11.4,55,1,Good,88.8,7.2,Yes,1,Safe
Vegetables,9.1,56,57,Damaged,9.2,7.1,Yes,3,Caution
Dairy,19.1,63,8,Good,73,3.4,Yes,11,Caution
Dairy,5.3,41,21,Average,74.7,5.9,Yes,10,Caution
Vegetables,27.2,70,57,Average,14.3,4.3,Yes,9,Caution
Dairy,31.1,53,55,Good,48.3,6.7,No,7,Reject
Fruits,19.5,51,23,Damaged,37.4,5.7,Yes,23,Reject
Meat,13.8,46,5,Good,10.4,6.6,Yes,1,Safe
Vegetables,20.5,93,28,Average,55.6,4.1,Yes,4,Reject
Fruits,16.4,78,51,Good,36.2,3.6,Yes,19,Caution
Dairy,16,74,26,Good,12.5,7,Yes,24,Caution
Meat,9.2,57,42,Average,51.6,5.1,Yes,10,Caution
Dairy,4.6,67,29,Average,46.3,4.3,No,17,Reject
Fruits,29.7,89,34,Average,47,4.8,Yes,20,Reject
Grains,9.4,67,42,Good,36.5,6.5,No,1,Caution
Grains,8.4,72,14,Good,19.2,6.6,No,9,Safe
Vegetables,1.5,51,28,Good,80.7,6.6,Yes,12,Caution
Meat,23.8,80,31,Good,14.2,6.3,Yes,13,Caution
Dairy,22.6,56,41,Damaged,20.7,6.3,No,15,Reject
Dairy,33,46,31,Damaged,89.5,4.5,Yes,13,Reject
Fruits,19.8,72,36,Good,16.7,5.9,No,22,Reject
Fruits,6.5,79,15,Good,25.8,3.7,Yes,9,Safe
Grains,23,52,50,Damaged,37.7,6.7,No,10,Reject
Dairy,30.6,65,34,Average,27.4,6.3,No,24,Reject
Fruits,32.5,45,8,Damaged,39.3,5.4,Yes,5,Caution
Fruits,14.4,74,31,Good,32,5.1,No,1,Caution
Grains,8.3,79,43,Good,72.5,3.9,No,7,Caution
Meat,19.5,81,16,Average,86.5,6.9,No,18,Reject
Vegetables,18.8,73,3,Good,89.7,6.4,No,5,Caution
Grains,21.4,46,16,Good,47.8,3.7,No,12,Caution
Dairy,34.7,51,11,Damaged,45.7,5.4,No,2,Reject
Dairy,14.7,68,53,Average,35.1,3.9,Yes,8,Caution
Meat,3.6,94,54,Good,33.2,6.3,Yes,16,Caution
Dairy,28.7,80,47,Good,16.2,3.8,No,9,Reject
Dairy,17.5,65,15,Average,16.4,3.6,Yes,15,Caution
Grains,3.3,67,1,Good,62.9,4.6,No,24,Safe
Grains,7.2,55,22,Damaged,56.3,5.8,No,23,Caution
Fruits,10.9,68,1,Damaged,71.8,4,Yes,19,Caution
Grains,11.6,47,53,Damaged,23.8,5.6,No,15,Reject
Grains,1.4,73,2,Good,15.8,6.6,No,2,Safe
Fruits,2.6,62,27,Good,37.4,4.3,Yes,6,Safe
Meat,17.8,87,21,Average,60.8,3.5,No,3,Reject
Meat,23.6,53,31,Good,59.5,7.1,Yes,11,Caution
Fruits,24.9,84,43,Good,39.7,4.4,Yes,22,Caution
Fruits,30.9,64,8,Average,39.9,6.4,Yes,6,Caution
Dairy,1.1,86,25,Good,42.2,3.9,Yes,16,Caution
Dairy,23.2,54,33,Damaged,88.4,3.6,No,13,Reject
Meat,20.6,92,42,Good,54.7,5.2,Yes,23,Reject
Vegetables,15.8,61,49,Average,26.1,4.6,No,10,Reject
Grains,29.3,81,30,Good,36.3,5.8,No,21,Caution
Vegetables,14.2,51,14,Good,55.4,6.8,No,9,Caution
Meat,6.8,45,11,Good,17.4,4.9,No,18,Caution
Dairy,11.7,52,55,Average,59.3,4.9,Yes,6,Caution
Grains,13.5,40,21,Good,62,3.3,No,1,Caution
Meat,25.6,64,45,Good,44.1,3.5,Yes,12,Caution
Dairy,0.6,64,9,Average,55.1,4.4,Yes,9,Safe
Grains,18.3,60,6,Average,76.5,4.4,No,13,Caution
Dairy,34.8,77,26,Good,83.3,5.2,No,6,Reject
Meat,22.7,42,22,Good,77,3.8,Yes,13,Caution
Vegetables,0.1,62,32,Good,76.1,3.3,No,1,Caution
Dairy,7.3,81,50,Average,31.7,3.4,No,13,Reject
Vegetables,31.4,90,8,Damaged,36.4,7.2,No,14,Reject
Fruits,12.2,51,22,Average,57.3,3.6,No,24,Reject
Fruits,2.4,51,17,Good,30.5,5.7,No,19,Caution
Vegetables,34.4,75,23,Average,55.1,4.1,Yes,11,Reject
Grains,31.9,53,11,Good,51.3,6,No,22,Caution
Vegetables,33.2,88,19,Good,68.7,6.5,Yes,24,Reject
Fruits,19.8,62,6,Good,66.8,6.9,No,7,Caution
Grains,6.6,47,52,Good,75.4,6,No,1,Safe
Dairy,1.8,68,11,Good,88,6.8,Yes,10,Safe
Meat,26.1,80,39,Average,18.5,4.5,Yes,24,Reject
Grains,23.3,52,57,Average,74.2,3.9,No,7,Caution
Fruits,6,79,31,Good,8.5,6.8,No,6,Caution
Vegetables,22.4,77,19,Average,65.2,5.8,Yes,6,Caution
Dairy,17.1,44,43,Average,23.6,5.3,No,17,Reject
Fruits,27.3,66,14,Good,61.1,4,Yes,22,Caution
Fruits,15,89,24,Good,54.6,5.7,No,16,Reject
Vegetables,26.4,54,54,Damaged,87.5,4.6,No,1,Reject
Dairy,30.2,63,15,Good,76.3,5.9,Yes,10,Caution
Vegetables,8.5,54,40,Good,43.3,5.1,Yes,16,Caution
Fruits,32.7,69,29,Good,66.4,3.3,No,13,Reject
Grains,22.9,88,51,Good,46.3,7,No,10,Caution
Meat,9.6,91,34,Good,63.8,4.7,No,22,Reject
Dairy,5.2,46,41,Damaged,45.6,4.1,No,7,Reject
Grains,29.6,59,39,Good,46.6,6.7,No,2,Caution
Dairy,22.7,88,37,Good,62.3,4.3,Yes,13,Reject
Meat,23.3,54,51,Average,38.9,4.9,Yes,21,Reject
Grains,34.2,46,12,Damaged,64.4,6.4,No,23,Reject
Fruits,26.2,86,30,Good,26.8,3.4,Yes,10,Caution
Dairy,1.7,87,18,Good,20.7,5.2,Yes,11,Caution
Dairy,10.5,41,33,Average,81.7,7,Yes,3,Caution
Dairy,12.7,73,19,Damaged,23.3,3.5,Yes,19,Reject
Meat,28.8,57,30,Damaged,58.8,3.8,Yes,11,Reject
Grains,32.6,88,36,Good,12.9,4.5,No,22,Reject
Fruits,18.6,90,31,Good,51.5,6,No,7,Reject
Vegetables,15.5,64,30,Average,16.7,4.4,Yes,13,Reject
Dairy,32.3,43,28,Damaged,85.2,4.5,Yes,20,Reject
Vegetables,15.9,60,33,Average,14.7,7.2,Yes,10,Caution
Vegetables,29.6,89,12,Damaged,9.1,7.2,Yes,20,Reject
Dairy,9.7,80,58,Good,55.1,4.2,No,11,Reject
Vegetables,25.6,60,9,Average,25,4,Yes,13,Caution
Dairy,32.9,80,49,Good,23.6,5.6,Yes,21,Caution
Fruits,29,78,42,Good,15.9,7,Yes,8,Caution
Dairy,6.9,95,58,Good,29.6,3.8,Yes,5,Caution
Dairy,18.7,50,56,Good,38.7,3.7,No,17,Reject
Dairy,9.5,77,44,Average,14.1,6.9,Yes,5,Caution
Fruits,6.3,51,40,Average,53.5,5.7,No,8,Caution
Vegetables,3.7,65,51,Good,56.9,6.3,Yes,6,Safe
Grains,19.3,41,25,Good,38,3.8,No,21,Caution
Meat,4.3,48,41,Good,88.7,3.3,Yes,19,Caution
Vegetables,17.3,43,39,Good,23,5.3,No,4,Reject
Dairy,16.9,60,51,Good,42.2,6.5,Yes,22,Caution
Meat,22.6,48,18,Good,79.9,4.9,No,9,Reject
Meat,32.2,86,12,Average,29.4,7.1,Yes,13,Reject
Vegetables,27.4,94,39,Good,26.5,4.9,Yes,11,Reject
Fruits,4.9,60,58,Good,31.1,4.3,No,4,Caution
Vegetables,13.7,82,13,Average,89.7,7.1,Yes,19,Caution
Fruits,3,57,38,Damaged,49.1,6.6,Yes,15,Caution
Dairy,3.6,79,18,Damaged,37.2,7,Yes,21,Caution
Fruits,25.2,58,55,Good,79.9,7,No,3,Reject
Vegetables,25,64,27,Damaged,8,4.2,No,24,Reject
Grains,6.6,48,59,Good,49.3,6.7,No,15,Caution
Grains,33.2,69,57,Good,80.1,5.2,No,2,Caution
Dairy,18.7,71,25,Average,23.3,3.2,Yes,10,Caution
Vegetables,11.5,46,59,Good,18.6,4.2,Yes,1,Caution
Grains,22.9,83,8,Damaged,57.5,6.3,No,18,Reject
Grains,3.1,56,43,Damaged,38.5,4.4,No,21,Caution
Fruits,21.5,81,4,Good,19.8,5,Yes,1,Safe
Grains,17.7,83,6,Average,89,5,No,20,Caution
Dairy,24,72,55,Damaged,88.3,3.4,Yes,15,Reject
Grains,26,79,33,Average,66,5,No,5,Caution
Vegetables,7.6,74,20,Good,20.9,4.8,Yes,20,Caution
Dairy,27.3,79,19,Damaged,86.3,6.7,Yes,13,Reject
Dairy,24.6,57,24,Average,87.6,4.3,No,5,Reject
Dairy,29.4,81,24,Good,17.2,5.5,Yes,5,Caution
Fruits,20.7,80,11,Good,82.1,4.9,Yes,7,Caution
Vegetables,2.5,74,12,Good,75.9,6.5,Yes,23,Safe
Grains,0.5,86,48,Good,25.6,6.1,No,11,Caution
Meat,17.8,53,39,Average,25,4.3,Yes,24,Reject
Vegetables,17,94,10,Good,58.5,5.9,Yes,19,Caution
Dairy,24,52,48,Average,34.5,5.7,No,13,Reject
Meat,4.1,55,8,Good,47.8,5,No,5,Caution
Fruits,18.1,95,49,Good,20.9,4.3,Yes,1,Caution
Dairy,22.2,81,42,Average,53,4.7,No,10,Reject
Fruits,4.8,76,36,Damaged,25.6,3.6,Yes,23,Caution
Vegetables,9.7,84,7,Average,38.2,7,No,9,Caution
Fruits,16.3,78,13,Good,80.2,6.1,Yes,24,Caution
Fruits,3.5,69,41,Damaged,47.6,6.8,Yes,12,Caution
Fruits,18.6,66,48,Good,64.2,5,Yes,6,Caution
Grains,1.6,59,20,Good,24.7,4.5,No,3,Safe
Fruits,4.2,62,5,Good,46.3,3.4,Yes,19,Safe
Grains,3,47,51,Good,72.8,4.8,No,18,Caution
Vegetables,27.8,91,11,Good,64.5,4.1,Yes,7,Caution
Vegetables,31.6,85,38,Average,30.6,6.4,No,23,Reject
Meat,19.7,65,48,Damaged,22.7,5.9,Yes,19,Reject
Meat,23.8,75,16,Good,58.5,3.8,Yes,10,Caution
Dairy,13.5,81,33,Damaged,29.7,5.8,Yes,18,Reject
Grains,24.5,54,37,Good,44.7,3.8,No,3,Caution
Meat,12,51,20,Damaged,78.6,5.6,Yes,7,Caution
Vegetables,13.2,81,53,Good,24,4.3,Yes,9,Caution
Dairy,30.3,84,21,Good,43.8,6.4,Yes,24,Caution
Dairy,0.9,72,30,Damaged,76.6,6.5,Yes,24,Caution
Meat,28.8,59,41,Average,62.9,6.4,Yes,10,Caution
Dairy,15,49,23,Good,76.1,3.7,Yes,24,Caution
Dairy,28.8,90,4,Average,33.8,4.3,Yes,24,Caution
Dairy,28.7,41,16,Good,63.8,4.3,Yes,3,Caution
Meat,0.7,72,8,Damaged,56,6.1,Yes,6,Caution
Fruits,31.1,91,24,Damaged,15.9,6.5,Yes,9,Reject
Fruits,31.4,92,59,Good,18.1,3.5,No,1,Reject
Dairy,27.9,49,49,Good,83.6,4.9,Yes,4,Caution
Vegetables,26.9,73,37,Average,19.6,3.6,Yes,4,Caution
Fruits,19.8,89,45,Good,62.6,4.2,Yes,12,Reject
Fruits,24.4,58,15,Good,21.8,3.7,No,2,Caution
Dairy,31.7,76,60,Good,28.1,5.2,Yes,2,Caution
Dairy,10.9,86,29,Good,46.1,3.5,No,10,Reject
Dairy,25.7,53,31,Damaged,76,5.7,No,18,Reject
Grains,18.9,40,22,Good,16,4.6,No,13,Caution
Grains,7,73,31,Damaged,37.2,5.3,No,18,Caution
Grains,11.5,76,42,Average,44.2,6.7,No,2,Caution
Vegetables,7.5,68,60,Damaged,30.7,6.5,Yes,21,Caution
Vegetables,6.4,60,31,Good,53.4,3.6,Yes,10,Safe
Vegetables,19.6,69,25,Damaged,71.7,4.5,Yes,24,Reject
Grains,0.4,93,8,Damaged,68.4,4.3,No,10,Caution
Vegetables,12,73,37,Good,13.2,6.8,Yes,20,Caution
Dairy,1.6,54,57,Average,69.3,7,No,21,Reject
Dairy,34,43,57,Average,55.2,5.2,Yes,2,Caution
Fruits,24.9,66,33,Good,60.6,5.2,Yes,11,Caution
Dairy,10,87,38,Good,72.3,5.7,No,2,Reject
Grains,31,55,25,Average,43.9,5.4,No,4,Caution
Dairy,33.2,42,25,Good,10.8,4,No,13,Reject
Grains,22.9,54,45,Average,22,4.5,No,6,Caution
Meat,18.5,79,40,Good,25.9,6.3,Yes,5,Caution
Dairy,28.5,84,1,Good,61.4,6.3,No,4,Caution
Dairy,6.9,86,29,Damaged,64.5,4.3,No,7,Reject
Fruits,0.9,53,49,Average,55.9,7.1,Yes,23,Caution
Vegetables,19.1,66,25,Average,28,3.6,Yes,12,Reject
Dairy,3.8,86,25,Good,36.9,4,Yes,23,Caution
Grains,20.1,59,19,Damaged,81.5,6,No,7,Reject
Vegetables,27,83,35,Average,55.1,6.9,Yes,16,Reject
Fruits,16.9,70,31,Good,71.5,5,Yes,17,Caution
Dairy,7.5,83,30,Good,68.1,6.6,Yes,14,Caution
Meat,20.4,94,19,Good,27.4,3.6,Yes,18,Reject
Meat,34.9,76,39,Good,22.4,5.7,Yes,6,Caution
Fruits,34.5,79,40,Damaged,40.4,5.4,No,13,Reject
Vegetables,20.6,55,2,Good,89,7,Yes,23,Caution
Fruits,5.3,55,39,Good,89.6,5.2,Yes,19,Caution
Meat,10.3,51,38,Damaged,22.1,6.1,No,10,Reject
Grains,32.8,69,49,Average,72.8,3.6,No,11,Reject
Grains,4,48,21,Good,50.5,4.7,No,13,Caution
Fruits,30.2,56,16,Good,61.6,6.1,Yes,7,Caution
Meat,2.4,60,36,Damaged,73.9,5.9,No,3,Reject
Vegetables,6.5,93,4,Good,73.9,7,Yes,15,Safe
Dairy,34.4,45,56,Average,82.7,6.6,No,24,Reject
Vegetables,28.6,72,8,Good,41,4.2,Yes,14,Caution
Fruits,5.1,45,11,Damaged,75.6,6.5,No,22,Reject
Vegetables,17,59,20,Average,60.1,4.5,No,2,Reject
Grains,5.4,41,7,Good,58.9,4,No,10,Safe
Vegetables,27.9,58,5,Good,38.3,6.2,Yes,21,Caution
Dairy,15.3,91,49,Average,86.4,3.3,Yes,7,Reject
Dairy,16.3,88,34,Good,77.2,4.9,Yes,8,Caution
Fruits,33.3,78,13,Damaged,8.7,5.8,No,23,Reject
Meat,27.6,78,36,Damaged,60.3,5.9,Yes,13,Reject
Meat,7.9,55,14,Good,37.9,6.6,Yes,13,Safe
Vegetables,9.7,89,26,Damaged,18.2,6,No,19,Reject
Vegetables,25.4,45,53,Good,78.3,6.5,Yes,17,Caution
Meat,8.4,66,6,Good,8.9,6.1,Yes,19,Safe
Vegetables,5.3,95,32,Good,18.2,7,No,18,Reject
Fruits,20.4,64,6,Average,70.1,5.6,Yes,21,Caution
Meat,15.3,46,8,Good,88.4,4.1,Yes,20,Caution
Fruits,21.5,48,49,Good,52.5,5.4,No,24,Reject
Grains,2.5,55,20,Good,29.7,6.6,No,15,Caution
Vegetables,11,66,47,Good,51.4,4.8,Yes,6,Caution
Vegetables,30.9,70,43,Good,56.9,4.4,No,20,Reject
Vegetables,32.1,67,24,Good,71.1,4.2,Yes,17,Caution
Vegetables,19.3,44,44,Good,16.3,6,Yes,13,Caution
Dairy,1,81,36,Good,62.7,6.5,Yes,14,Caution
Vegetables,23.1,58,60,Average,26.2,4.8,Yes,3,Caution
Dairy,34,59,12,Average,73.4,5,Yes,13,Caution
Dairy,5.9,77,14,Good,59.5,5.1,No,21,Caution
Dairy,9.7,55,26,Average,61.4,5.6,Yes,18,Caution
Grains,14.3,80,58,Good,79.6,6.9,No,8,Caution
Meat,20.9,92,12,Average,45.8,6.3,Yes,8,Caution
Grains,21.8,40,14,Damaged,10.1,4.3,No,23,Reject
Grains,12.7,56,29,Good,53.7,6,No,21,Caution
Fruits,16.2,74,38,Good,23.8,4.2,No,10,Reject
Grains,11.5,82,15,Good,49.8,4.7,No,3,Safe
Dairy,27.7,90,1,Good,87.3,4.3,Yes,23,Caution
Dairy,26.8,94,42,Good,86.1,3.4,Yes,23,Reject
Dairy,31.2,71,11,Good,44.5,5.8,Yes,5,Caution
Dairy,28.2,52,21,Good,28.8,5.2,Yes,24,Caution
Grains,23.6,66,24,Average,35.5,3.7,No,6,Caution
Meat,0.1,59,42,Good,12.2,5.7,Yes,10,Safe
Vegetables,28.3,55,31,Damaged,15.1,7,Yes,5,Reject
Fruits,6.7,85,7,Good,8.4,3.9,Yes,7,Safe
Fruits,10.1,79,15,Damaged,72.8,6.8,Yes,22,Caution
Vegetables,6.4,61,6,Damaged,55.3,3.6,Yes,17,Caution
Vegetables,32.1,88,59,Good,38.5,5,Yes,3,Caution
Fruits,31.4,65,19,Damaged,70.9,3.9,Yes,23,Reject
Fruits,29.7,52,13,Good,58.8,6.5,Yes,18,Caution
Meat,21.4,61,48,Average,36.4,5.6,Yes,17,Reject
Fruits,5.4,91,11,Average,28.3,6,No,5,Caution
Vegetables,24.2,62,58,Average,86.3,5.7,Yes,3,Caution
Dairy,29.7,81,47,Good,22.5,6.6,Yes,23,Caution
Vegetables,5.6,67,20,Good,27.4,3.3,No,6,Caution
Grains,16.5,74,26,Good,60.6,5.2,No,24,Caution
Meat,31.2,61,8,Average,35,6.6,Yes,1,Caution
Grains,20.3,77,41,Good,84.2,4.8,No,10,Caution
Fruits,17,92,43,Damaged,18,5.4,Yes,5,Reject
Meat,2.6,88,26,Good,67.2,6.9,Yes,19,Caution
Grains,31.9,52,24,Good,87.4,3.5,No,20,Caution
Meat,17.9,48,50,Good,56.4,4.8,No,10,Reject
Vegetables,18.2,71,60,Damaged,35.8,6.4,Yes,19,Reject
Fruits,1.3,70,37,Average,34.2,5.5,Yes,12,Caution
Dairy,18.4,83,18,Good,25.6,5.9,Yes,2,Caution
Fruits,11.7,86,11,Damaged,61.3,5.2,Yes,6,Caution
Fruits,6.2,76,33,Good,76.4,6.5,Yes,13,Caution
Fruits,15.8,76,59,Average,69.4,4.4,No,12,Reject
Dairy,3.5,70,16,Damaged,53.6,3.5,Yes,4,Caution
Meat,10.5,50,37,Damaged,79,5.9,Yes,13,Reject
Grains,16,90,60,Good,67.6,3.4,No,7,Caution
Grains,0.1,47,46,Average,45.8,5.1,No,22,Caution
Dairy,31.1,57,13,Good,24.5,6.6,Yes,4,Caution
Vegetables,29.4,42,46,Good,77.9,5.4,Yes,3,Caution
Dairy,11.5,84,14,Damaged,48.9,5,Yes,4,Caution
Meat,28.9,42,44,Damaged,55.9,5.8,Yes,14,Reject
Vegetables,12.4,50,44,Average,73.4,4.6,No,7,Reject
Dairy,5.5,76,23,Good,43.2,5.7,No,16,Caution
Grains,24.5,86,44,Good,78.5,4.9,No,5,Caution
Fruits,13,93,51,Good,86.4,6.2,Yes,23,Caution
Vegetables,34.5,58,12,Good,49.6,4.1,Yes,24,Caution
Meat,30.7,81,30,Damaged,71.8,6.2,Yes,22,Reject
Dairy,20,81,34,Average,68.6,7.1,No,23,Reject
Meat,30.1,75,20,Good,45.3,3.5,No,4,Reject
Grains,13.7,46,16,Good,56.5,5.7,No,12,Caution
Dairy,31.7,72,34,Damaged,14.2,5.6,Yes,7,Reject
Meat,0.2,71,57,Good,50.1,6.9,No,18,Caution
Meat,11.6,85,12,Good,51.9,5.9,Yes,17,Caution
Dairy,21.8,87,52,Good,41.4,7.2,Yes,4,Caution
Dairy,30.7,76,54,Good,61.1,6.3,Yes,6,Caution
Dairy,7,90,12,Average,47.9,5.5,No,6,Caution
Fruits,34.6,52,20,Good,59.9,6.4,No,3,Reject
Vegetables,9,59,12,Average,32.6,6.6,No,13,Reject
Vegetables,19.6,77,31,Average,72.7,5.3,Yes,18,Reject
Dairy,9.1,64,53,Good,64.7,6.9,No,20,Reject
Dairy,4.7,88,60,Good,69.3,5,Yes,22,Caution
Dairy,20.5,72,51,Good,18.1,6.3,Yes,7,Caution
Meat,0.2,68,7,Good,46.2,4.2,Yes,13,Safe
Vegetables,3.5,48,17,Damaged,13.1,4.1,No,2,Reject
Vegetables,25.8,66,57,Average,13.3,5,Yes,23,Reject
Meat,31.2,81,46,Good,79.7,5,Yes,9,Caution
Dairy,20.4,85,15,Average,38.1,5.4,No,14,Reject
Meat,4.4,92,53,Average,13.3,7.1,Yes,18,Caution
Grains,26.9,58,11,Good,58,5.1,No,17,Caution
Fruits,20.9,58,58,Good,20.8,6.2,Yes,19,Caution
Dairy,14,79,39,Average,52.2,4.1,Yes,22,Caution
Meat,18.9,53,42,Damaged,83,3.8,Yes,1,Reject
Meat,11,61,51,Average,55.2,6.6,Yes,21,Caution
Vegetables,2.1,52,11,Good,16.2,3.3,Yes,6,Safe
Vegetables,26.9,62,7,Damaged,25.9,6.8,Yes,8,Caution
Vegetables,33.1,47,55,Damaged,59.3,5.3,No,23,Reject
Grains,13.4,87,50,Damaged,21.8,4.8,No,15,Reject
Vegetables,8.2,90,17,Average,83.5,4.6,Yes,6,Caution
Dairy,10,41,34,Good,14.4,5.6,Yes,2,Caution
Dairy,0.5,59,56,Good,25.9,4.5,Yes,16,Caution
Dairy,29.7,60,55,Average,28.6,5.5,Yes,19,Reject
Vegetables,12.7,85,25,Good,17.8,6.7,Yes,4,Caution
Grains,14.8,55,14,Good,53.4,3.7,No,8,Safe
Grains,31.3,74,8,Good,9.4,4.5,No,9,Caution
Grains,18,46,9,Good,41.9,4.7,No,12,Caution
Vegetables,34.9,63,6,Average,10.3,6.8,No,9,Caution
Meat,18.8,54,7,Average,71,7,Yes,17,Caution
Vegetables,0.6,90,9,Good,10.3,6.4,Yes,13,Caution
Vegetables,23.6,56,37,Average,20.9,3.8,Yes,15,Reject
Vegetables,28.4,67,1,Good,72.6,5.5,Yes,16,Caution
Vegetables,24,51,35,Average,75.6,3.8,Yes,13,Reject
Vegetables,33,81,11,Good,55.1,5.9,No,6,Caution
Fruits,23.9,93,45,Good,22.3,3.4,Yes,20,Reject
Meat,12.4,87,35,Good,11.6,5.8,Yes,9,Caution
Dairy,5.3,81,27,Average,33,4.3,Yes,21,Caution
Grains,16.6,93,49,Good,57.9,4.2,No,18,Reject
Fruits,3.3,80,37,Good,51.9,4.6,No,24,Caution
Meat,29.9,93,59,Good,86.7,6,Yes,14,Reject
Fruits,9,58,43,Good,14.4,5,Yes,7,Caution
Grains,34.5,72,52,Average,76.5,3.8,No,11,Reject
Dairy,16.1,48,24,Average,16,5,Yes,2,Caution
Dairy,20.6,83,1,Damaged,12.2,5.6,Yes,24,Caution
Meat,2.7,55,4,Average,70.6,7.2,Yes,2,Safe
Dairy,28.2,74,15,Good,34.3,6.9,Yes,20,Caution
Dairy,26.1,52,4,Good,12.7,6.3,Yes,4,Safe
Dairy,4.2,76,9,Good,35.2,4.8,No,6,Caution
Meat,9,94,20,Good,38,4.3,Yes,18,Caution
Dairy,34.8,78,14,Average,28.6,4.7,Yes,23,Caution
Meat,13.9,89,39,Good,21.1,5.6,Yes,22,Caution
Fruits,25.9,80,3,Damaged,41.1,6.4,Yes,6,Caution
Meat,18.3,45,1,Good,47.4,5.9,Yes,5,Safe
Dairy,12.5,63,36,Damaged,20.1,4.6,Yes,4,Caution
Grains,22.6,86,39,Average,47.8,5.3,No,6,Reject
Vegetables,34,53,9,Good,27.6,6.9,No,4,Caution
Meat,10.4,85,24,Good,24.5,6.3,No,9,Caution
Meat,22.8,40,28,Good,39.7,3.7,Yes,7,Caution
Fruits,27.7,88,37,Good,74.8,6.5,No,10,Reject
Grains,15.1,88,37,Average,72.6,3.9,No,3,Reject
Meat,7.3,65,1,Good,51.7,5,Yes,24,Safe
Grains,10.9,76,16,Good,44.2,4.8,No,7,Caution
Vegetables,12.8,83,37,Good,29.5,5.6,Yes,4,Caution
Meat,26.3,43,23,Good,16.7,5.8,No,7,Reject
Grains,14.3,61,52,Good,54,5.9,No,15,Caution
Meat,2,54,53,Good,19.5,3.6,Yes,1,Safe
Dairy,6.6,48,3,Average,81,3.8,Yes,18,Safe
Vegetables,5.5,69,21,Good,79,4.5,Yes,22,Caution
Fruits,17.1,71,15,Good,64.9,5.1,Yes,2,Caution
Meat,25,75,4,Good,87.1,6.2,Yes,16,Caution
Meat,15,81,38,Good,19.9,5,Yes,18,Caution
Vegetables,4,84,6,Good,71.1,6.4,Yes,21,Safe
Dairy,21.5,85,1,Good,30.3,4.5,Yes,3,Safe
Grains,9.5,52,41,Average,36.8,5.5,No,15,Caution
Fruits,12.5,63,37,Average,65.6,5.3,Yes,4,Caution
Vegetables,0.2,92,51,Average,58.7,6.8,Yes,9,Caution
Dairy,1.2,59,13,Good,71.6,5,Yes,23,Safe
Grains,33.3,55,17,Good,38.3,3.7,No,7,Caution
Dairy,19.5,86,5,Good,66.2,7.1,Yes,5,Caution
Meat,23.4,85,49,Average,52.3,3.3,No,16,Reject
Dairy,14.1,50,46,Good,29.8,5.3,No,21,Reject
Meat,12.1,87,59,Good,55.8,4.6,Yes,2,Caution
Dairy,6,87,12,Average,82.9,6.9,Yes,24,Caution
Vegetables,34,83,7,Good,25,6.3,No,8,Caution
Grains,29.6,76,12,Damaged,26.9,6.4,No,4,Caution
Meat,12,47,43,Damaged,58.3,6.8,Yes,16,Reject
Grains,8.5,77,53,Good,39.5,6.7,No,5,Caution
Fruits,17.6,40,47,Average,84.1,6.8,Yes,7,Caution
Dairy,18.2,68,39,Good,48.4,5.9,Yes,4,Caution
Meat,33.7,52,44,Average,62.2,5,Yes,11,Reject
Meat,28.2,62,25,Good,84.8,4.7,Yes,1,Caution
Fruits,25.7,69,41,Good,40,3.4,Yes,2,Caution
Grains,1.8,53,3,Good,77.8,5.6,No,23,Safe
Dairy,16.8,86,1,Average,40.3,5.3,Yes,11,Caution
Fruits,17.8,92,19,Good,73.5,6,Yes,1,Caution
Grains,26.6,79,21,Good,36.8,5.6,No,18,Caution
Dairy,5.6,59,4,Damaged,89,7.2,No,1,Caution
Meat,31.9,52,47,Good,48.1,5.2,No,8,Reject
Fruits,31,73,47,Good,56,3.6,No,10,Reject
Dairy,33,93,32,Damaged,26.6,3.3,No,7,Reject
Fruits,1.7,68,29,Good,57.5,3.5,No,19,Caution
Meat,2,55,5,Damaged,11,6.6,Yes,24,Caution
Grains,6.4,54,49,Good,43,6,No,4,Safe
Dairy,18.1,93,59,Good,88.6,4,No,2,Reject
Fruits,32.6,68,35,Average,23.9,3.7,Yes,22,Reject
Vegetables,15.2,57,4,Good,10.1,6.9,Yes,6,Safe
Meat,12.2,56,1,Damaged,8.5,6.6,No,10,Caution
Fruits,0.5,65,48,Damaged,12.4,4.1,Yes,1,Caution
Fruits,2.3,95,49,Good,86.6,5,No,8,Caution
Meat,31.7,77,48,Good,32.9,3.9,No,8,Reject
Dairy,0.7,47,21,Average,78.7,6.3,Yes,22,Caution
Dairy,28.6,81,46,Average,77,5.6,Yes,2,Caution
Vegetables,11.2,76,4,Good,39.5,4.1,Yes,3,Safe
Fruits,22.9,85,50,Good,15.6,3.9,Yes,11,Caution
Dairy,5.1,48,7,Average,89.9,5.1,Yes,11,Safe
Grains,6.8,66,8,Good,80,4.2,No,17,Safe
Meat,0.4,58,32,Good,58.7,5,No,1,Caution
Vegetables,31.1,81,56,Good,69.7,4.6,Yes,23,Caution
Dairy,17.2,76,45,Good,70.4,4.4,No,1,Reject
Fruits,32.7,51,10,Good,77.8,6.7,Yes,4,Caution
Fruits,10.3,82,7,Average,42.7,4.4,No,9,Caution
Meat,21.9,67,33,Average,34.8,6.2,No,20,Reject
Grains,17.6,44,17,Good,61.6,4.5,No,22,Caution
Meat,7.3,81,45,Good,56.1,6.2,Yes,17,Caution
Grains,29,73,11,Average,34.8,4.1,No,4,Caution
Vegetables,17.8,81,56,Good,10.9,3.5,Yes,6,Caution
Vegetables,18.9,67,25,Good,20.5,4.2,Yes,5,Caution
Meat,10.6,63,46,Good,66.6,7.1,Yes,12,Caution
Meat,1.9,94,18,Good,38.9,6.9,No,11,Reject
Meat,30.4,57,6,Average,44.6,5.2,Yes,8,Caution
Meat,16.3,73,50,Damaged,29.7,5.5,No,13,Reject
Dairy,31.9,61,44,Good,8.5,6.4,Yes,19,Caution
Vegetables,30.9,65,7,Average,50,3.5,Yes,4,Caution
Grains,20.9,68,12,Average,36.3,5.9,No,15,Caution
Fruits,25.5,72,8,Damaged,16.3,4.4,Yes,15,Reject
Vegetables,9.7,41,2,Good,53.8,3.7,Yes,17,Safe
Vegetables,14.5,83,48,Average,29.3,5.9,Yes,3,Caution
Meat,1.6,44,38,Good,26,6.4,No,2,Caution
Vegetables,0.9,56,45,Good,33.4,5.9,No,11,Caution
Grains,31.8,93,6,Good,14.1,5.6,No,8,Caution
Vegetables,22.5,55,54,Average,56.5,4.8,Yes,24,Reject
Grains,34.2,95,31,Damaged,53,4.1,No,16,Reject
Meat,24.1,56,15,Average,81.1,5,No,5,Reject
Meat,24.8,40,6,Average,52.3,5.3,No,8,Caution
Grains,24.9,47,24,Good,40.8,5.6,No,3,Caution
Fruits,10.6,51,13,Damaged,84.4,5.9,No,5,Reject
Dairy,24,92,13,Good,17.5,3.4,Yes,19,Caution
Fruits,11.2,77,52,Damaged,51.4,3.4,Yes,20,Reject
Meat,4.3,68,29,Good,42.3,5,No,12,Caution
Meat,29.3,50,58,Good,50.7,3.5,No,3,Reject
Vegetables,8.2,94,22,Good,35.1,3.4,No,21,Reject
Vegetables,16.3,50,5,Good,57.4,5.2,Yes,15,Caution
Fruits,14.4,48,24,Average,8.3,6.6,Yes,24,Caution
Fruits,14.7,62,20,Damaged,12.5,4,No,7,Reject
Grains,8,42,13,Damaged,53.3,5.2,No,17,Caution
Grains,32.1,63,17,Good,44.2,6.9,No,1,Caution
Grains,31,70,8,Average,10,3.3,No,11,Caution
Vegetables,20.3,49,45,Average,88.1,3.4,Yes,16,Reject
Vegetables,19.4,52,48,Good,13.5,4.6,No,18,Reject
Meat,34.2,73,15,Average,24.1,5.1,Yes,15,Caution
Fruits,30.3,49,9,Good,78,4.1,No,12,Reject
Dairy,11.9,85,28,Damaged,23.2,5,No,17,Reject
Grains,11,74,16,Good,55.4,4.9,No,23,Caution
Vegetables,0.8,88,1,Good,69.3,6.1,Yes,9,Safe
Grains,2.7,72,25,Good,24.1,7.2,No,11,Caution
Vegetables,6.1,93,17,Average,10.2,4,No,16,Reject
Grains,13.8,51,31,Good,70.5,7.2,No,15,Caution
Vegetables,3.2,88,58,Good,67,6.2,Yes,24,Caution
Meat,21.8,48,56,Average,69.2,3.4,No,22,Reject
Grains,16.8,91,42,Good,58.5,6.7,No,2,Caution
Grains,11.5,57,38,Good,48.4,6,No,12,Caution
Grains,8.2,70,24,Damaged,16.6,6.6,No,3,Caution
Dairy,5.5,44,13,Good,82.4,3.8,Yes,17,Safe
Grains,16.1,90,11,Damaged,81.1,3.5,No,19,Reject
Meat,31.4,62,25,Good,19.5,4.9,No,18,Reject
Vegetables,22,52,15,Average,58,7.1,No,9,Reject
Vegetables,25.6,66,27,Good,21.1,6.3,No,19,Reject
Dairy,12.8,69,22,Good,88.9,4.5,No,21,Reject
Grains,23.4,70,49,Good,45.9,5.6,No,9,Caution
Dairy,31.8,62,31,Good,32.1,4.6,Yes,19,Caution
Vegetables,15,56,8,Damaged,40.4,5.3,Yes,23,Caution
Dairy,8.7,90,58,Good,28.3,4.8,No,3,Reject
Fruits,24.8,65,45,Average,22.4,3.8,No,10,Reject
Fruits,6.6,85,52,Good,34.6,5.6,Yes,15,Caution
Fruits,25.7,81,28,Good,31.3,4.9,Yes,13,Caution
Fruits,22.6,44,11,Good,69.7,3.6,Yes,10,Caution
Vegetables,34.1,56,5,Damaged,88.3,3.6,No,10,Reject
Vegetables,24.5,90,30,Good,17.9,6.7,Yes,1,Caution
Meat,24.9,46,4,Good,37.1,6.9,No,21,Caution
Meat,9.7,59,51,Good,23,5.5,Yes,8,Caution
Grains,27.7,90,10,Damaged,67.7,7.2,No,22,Reject
Fruits,31.9,66,58,Average,28.8,6.1,Yes,1,Caution
Grains,26.3,77,5,Average,56.2,4.5,No,20,Caution
Vegetables,20.3,89,48,Good,56.8,3.8,Yes,10,Caution
Dairy,26.4,53,30,Good,65.3,5.7,Yes,3,Caution
Meat,24.2,84,58,Damaged,60.1,5.2,Yes,13,Reject
Grains,31.2,95,49,Good,69.7,3.3,No,15,Reject
Fruits,32.1,58,35,Average,29.1,3.5,No,16,Reject
Grains,1.1,86,18,Good,21.6,5,No,6,Caution
Meat,7,40,17,Damaged,56.4,3.2,Yes,10,Caution
Grains,33.6,59,58,Average,89.6,4,No,14,Reject
Vegetables,13.2,88,44,Average,76.7,6.2,Yes,11,Reject
Meat,32.8,83,2,Good,47.9,6.3,Yes,5,Safe
Dairy,19.5,52,13,Average,33.7,6,Yes,20,Caution
Fruits,17.9,50,28,Good,17.8,4.3,Yes,4,Caution
Fruits,29.2,55,34,Good,64,4.9,No,9,Reject
Vegetables,19,48,40,Good,17.6,6.6,Yes,21,Caution
Meat,32.6,40,3,Good,30.1,7.1,No,23,Caution
Meat,26.6,56,5,Good,45.4,6.3,No,7,Caution
Vegetables,8.9,92,14,Good,50.8,4.9,Yes,19,Caution
Dairy,2.6,88,51,Damaged,23,5.5,Yes,12,Reject
Vegetables,6.3,75,43,Good,85.6,4.5,Yes,7,Safe
Dairy,20,41,2,Good,76.2,3.7,No,2,Caution
Meat,26.9,94,13,Good,67.7,4.2,Yes,4,Caution
Fruits,33.6,54,23,Average,80.1,4.8,Yes,9,Caution
Vegetables,32.5,54,22,Good,21.3,7.1,No,1,Reject
Grains,7.8,94,19,Good,27.5,7.1,No,1,Caution
Vegetables,3.6,67,48,Good,53.4,5.1,Yes,6,Safe
Vegetables,31.4,47,21,Good,80.2,6,Yes,18,Caution
Grains,17.8,93,26,Average,59.7,3.6,No,3,Reject
Dairy,26.3,52,4,Good,28.2,5.1,No,12,Caution
Vegetables,8.1,52,2,Good,29.8,6.4,No,24,Caution
Vegetables,33,82,48,Good,15.2,6.2,Yes,9,Caution
Fruits,3.4,46,31,Damaged,74.8,5.2,Yes,10,Caution
Vegetables,9.7,82,49,Good,63.7,3.9,Yes,2,Caution
Vegetables,19.1,58,39,Average,66.2,3.3,Yes,4,Caution
Grains,4.7,64,40,Good,80.7,4,No,10,Safe
Meat,20.8,48,35,Good,89.5,6.7,No,8,Reject
Grains,31,49,45,Damaged,89.3,6,No,2,Reject
Fruits,27.7,56,35,Average,73.3,3.5,No,22,Reject
Dairy,18.2,55,14,Good,41.2,5.4,Yes,17,Caution
Vegetables,20.9,73,32,Good,61,4.5,Yes,19,Caution
Meat,12.4,76,52,Average,70,3.4,No,9,Reject
Vegetables,4.2,63,13,Damaged,12.5,4,Yes,12,Caution
Dairy,29.2,95,16,Good,48.2,5.8,No,21,Reject
Fruits,8.8,44,6,Good,77.6,5.3,Yes,6,Safe
Dairy,17.3,48,31,Good,76.6,6.1,Yes,19,Caution
Fruits,18.6,84,36,Average,88.6,4.9,Yes,9,Caution
Fruits,0.5,65,7,Good,37.2,3.5,Yes,8,Safe
Grains,3.1,95,15,Average,55.7,4.9,No,2,Caution
Fruits,5.7,41,7,Good,31.5,6.3,Yes,8,Safe
Dairy,17.7,71,45,Good,70.5,4.8,No,14,Reject
Grains,31.6,68,21,Average,23.1,3.4,No,5,Caution
Fruits,33.8,75,38,Average,46.8,4,No,2,Reject
Vegetables,18,52,60,Damaged,74.2,6.6,Yes,2,Reject
Vegetables,8.9,59,9,Good,15.3,4.2,No,9,Caution
Grains,10,67,27,Good,32.1,5.6,No,2,Caution
Meat,18.1,63,5,Good,51,6.8,No,8,Caution
Grains,1.5,80,45,Average,64.9,4.2,No,24,Caution
Vegetables,3.8,86,4,Good,18.8,6.5,Yes,4,Safe
Grains,4.3,67,22,Average,70.3,4.3,No,1,Caution
Vegetables,16.8,45,8,Good,30.3,6.1,No,4,Caution
Grains,25.3,54,58,Damaged,16.2,6.8,No,11,Reject
Grains,29,92,9,Good,83.7,3.9,No,19,Caution
Vegetables,27,59,50,Good,18.8,3.9,No,8,Reject
Fruits,30.7,54,57,Damaged,34.1,6.5,No,1,Reject
Dairy,3.7,56,54,Damaged,45.1,4.3,Yes,1,Caution
Grains,14.8,66,3,Good,14,3.6,No,9,Safe
Vegetables,15.9,94,26,Good,13.2,6.2,Yes,11,Reject
Meat,9.1,40,1,Good,48.9,7,Yes,1,Safe
Vegetables,26.5,87,35,Good,32.4,5.1,Yes,8,Caution
Dairy,25.5,75,14,Damaged,61.7,5,Yes,19,Reject
Vegetables,8,84,31,Average,17.9,6.7,No,9,Caution
Fruits,30.2,57,58,Average,32.3,3.4,Yes,16,Reject
Meat,11.8,73,36,Good,14.1,5.4,Yes,9,Caution
Fruits,28,80,32,Damaged,14.6,3.3,Yes,15,Reject
Vegetables,31.7,46,6,Average,28.1,3.5,Yes,11,Caution
Fruits,6.8,91,37,Good,74.4,4,Yes,18,Caution
Grains,14.9,72,39,Good,56.5,4.7,No,22,Caution
Meat,23.1,65,11,Average,30,5.2,Yes,14,Caution
Grains,17,69,31,Damaged,79.3,5.1,No,23,Reject
Fruits,34.7,87,54,Average,38,4.1,Yes,19,Reject
Grains,26.3,94,59,Good,61.3,3.7,No,15,Reject
Fruits,9.7,68,2,Damaged,78.3,6.6,Yes,18,Caution
Vegetables,10,50,5,Average,43.3,3.6,No,14,Caution
Dairy,20.3,70,29,Good,67.3,4.9,Yes,9,Caution
Fruits,22.8,68,58,Good,46.6,7.1,Yes,8,Caution
Fruits,5.2,76,35,Damaged,57.6,5.9,No,3,Reject
Grains,20.9,74,38,Good,89.9,4.6,No,2,Caution
Meat,10.5,65,40,Good,16.6,3.9,Yes,17,Caution
Dairy,16.1,89,17,Good,82.9,6.6,Yes,24,Reject
Vegetables,29.6,75,54,Average,52.8,5,Yes,11,Reject
Grains,24,76,37,Good,86.9,5.9,No,13,Caution
Meat,6.6,42,45,Good,75.3,7,No,9,Caution
Grains,22.9,78,39,Good,22.4,5.5,No,18,Caution
Fruits,30.2,62,40,Good,52.7,4.3,Yes,6,Caution
Grains,18.2,63,36,Average,10.5,5.1,No,5,Caution
Grains,27.8,84,24,Good,25.1,3.2,No,23,Caution
Dairy,9.5,69,13,Good,18.3,3.9,Yes,8,Safe
Meat,2.9,64,47,Good,34.8,6.3,Yes,8,Safe
Vegetables,12.6,73,38,Good,58,3.5,Yes,9,Caution
Meat,14.7,63,16,Average,68.5,6.7,Yes,15,Caution
Grains,28.2,40,56,Good,56.2,3.4,No,13,Caution
Dairy,13.7,76,28,Good,43.7,4.5,Yes,4,Caution
Vegetables,24.9,94,53,Damaged,36.1,5,Yes,6,Reject
Fruits,26.6,52,11,Average,26.3,6.4,Yes,24,Caution
Vegetables,30.6,72,36,Good,50.7,6,Yes,18,Caution
Meat,3.8,91,7,Damaged,47.6,5.9,Yes,7,Caution
Grains,8.7,63,42,Damaged,12.2,4.8,No,5,Caution
Dairy,10.8,72,51,Good,70.2,4.8,Yes,11,Caution
Vegetables,30.5,93,27,Good,44.2,6.7,No,11,Reject
Vegetables,11.3,53,35,Good,32.1,5.5,Yes,22,Caution
Meat,10.6,95,5,Good,63.1,6.2,Yes,22,Caution
Grains,22.6,81,7,Good,23.2,5.2,No,4,Safe
Meat,7.2,83,9,Good,16.2,5.8,Yes,9,Safe
Vegetables,7.7,50,60,Good,22.7,5.9,Yes,21,Caution
Meat,24.7,87,51,Average,77.3,6.4,Yes,1,Reject
Fruits,25,46,29,Good,88.5,3.3,No,5,Reject
Dairy,6.7,79,50,Damaged,86.1,6.7,Yes,7,Caution
Dairy,11.9,67,58,Good,15.9,6.6,Yes,22,Caution
Fruits,9.6,71,31,Good,85.4,3.6,No,24,Reject
Vegetables,31,79,58,Average,60.8,4.2,Yes,16,Reject
Dairy,12.5,76,20,Good,48.3,3.7,Yes,8,Caution
Meat,6.7,58,3,Good,57.4,5.9,Yes,19,Safe
Grains,17.9,73,59,Good,19.8,5.3,No,16,Caution
Dairy,8.2,46,5,Good,68,4.6,Yes,6,Safe
Meat,0.9,92,43,Damaged,46.5,6.3,Yes,20,Reject
Fruits,5.1,88,60,Average,43.8,7.1,Yes,2,Caution
Vegetables,6.4,42,23,Average,72.2,6.8,Yes,12,Caution
Meat,25.1,77,22,Good,48.8,6.5,Yes,21,Caution
Meat,26.4,66,28,Damaged,36.1,7.2,Yes,2,Reject
Meat,1.6,54,40,Damaged,65,5.8,Yes,18,Caution
Fruits,17.5,44,52,Good,15.9,6.1,Yes,8,Caution
Fruits,17.5,78,27,Good,60.6,3.8,Yes,11,Caution
Dairy,24.9,40,35,Good,70.4,3.6,Yes,19,Caution
Grains,8.5,66,26,Good,12.9,3.9,No,18,Caution
Dairy,28.5,90,51,Good,85,5.9,Yes,11,Reject
Meat,18,84,41,Good,44.8,3.4,No,6,Reject
Grains,1.9,55,19,Average,29.4,7,No,13,Caution
Vegetables,22.1,69,17,Good,58.8,3.2,Yes,21,Caution
Meat,18.8,44,25,Damaged,48,5.3,Yes,23,Reject
Vegetables,3.2,50,12,Good,83.5,4.1,Yes,7,Safe
Grains,27.5,67,53,Good,89.9,3.3,No,4,Caution
Vegetables,9.4,83,2,Average,48.8,6.2,Yes,14,Caution
Fruits,2.4,41,53,Damaged,70.9,3.6,Yes,18,Caution
Meat,31,67,33,Good,68.3,4.9,Yes,8,Caution
Grains,32.1,78,33,Good,65.8,7.1,No,23,Caution
Fruits,20.1,62,48,Damaged,40.5,6.4,Yes,8,Reject
Meat,24,66,9,Damaged,46.1,4.8,No,12,Reject
Grains,10.2,45,55,Good,28.7,3.6,No,19,Caution
Vegetables,14.1,41,21,Good,72.5,5.1,No,9,Caution
Meat,6.1,52,39,Good,15.1,6.1,No,4,Caution
Grains,16.6,59,12,Average,42.2,5.1,No,14,Caution
Dairy,13.9,72,47,Good,35.3,3.7,No,7,Caution
Dairy,9,89,52,Good,44.8,4.4,Yes,6,Caution
Grains,22.9,54,38,Good,13.4,3.4,No,18,Caution
Grains,3,87,54,Good,73.8,3.6,No,1,Caution
Grains,16.2,63,1,Average,65.1,4.3,No,15,Caution
Grains,34.7,87,10,Good,11.6,4.1,No,21,Caution
Fruits,7.3,65,32,Damaged,24.6,5.8,Yes,9,Caution
Grains,17.2,81,54,Average,49,5.8,No,19,Reject
Dairy,2.2,46,56,Good,75.6,6.6,Yes,20,Caution
Vegetables,3.7,87,42,Good,55.2,3.7,Yes,17,Caution
Fruits,5.7,70,27,Damaged,71.3,5.9,Yes,11,Caution
Vegetables,18,81,21,Good,86.8,6.9,No,17,Reject
Vegetables,16.9,61,58,Average,28.1,6.1,Yes,2,Caution
Grains,28.2,53,19,Good,42.6,6.6,No,2,Caution
Vegetables,8.7,45,36,Good,9.4,3.4,Yes,7,Caution
Meat,10.4,40,17,Good,81,6.3,Yes,5,Caution
Fruits,31,73,52,Damaged,87.1,3.6,Yes,21,Reject
Grains,15.9,92,36,Good,35,4,No,19,Reject
Grains,8.1,88,12,Good,20.3,3.4,No,13,Caution
Grains,11.4,95,54,Good,80.1,6.1,No,21,Caution
Vegetables,15.7,53,34,Good,69.1,5.9,Yes,6,Caution
Vegetables,20.5,55,33,Average,86,7,Yes,19,Reject
Meat,20.7,44,29,Average,23,4.8,No,3,Reject
Meat,30.3,83,46,Average,89.7,5.4,Yes,6,Caution
Dairy,19.3,40,23,Average,58.1,4,Yes,10,Caution
Grains,31.9,72,56,Good,39.9,4,No,3,Caution
Meat,4.7,80,42,Good,41.3,5.1,Yes,10,Safe
Fruits,22.7,65,15,Good,38.2,5.8,Yes,15,Caution
Dairy,29,64,24,Damaged,66.5,3.7,Yes,10,Reject
Fruits,23.8,40,36,Average,60.4,6.6,Yes,10,Caution
Vegetables,30.3,60,5,Good,42,6.2,Yes,24,Caution
Meat,0.3,75,23,Average,56.2,6.5,Yes,1,Caution
Vegetables,2,85,3,Good,39.8,7.2,Yes,14,Safe
Meat,12.8,54,47,Damaged,88.4,4.3,No,7,Reject
Meat,7.9,66,55,Average,43.4,6.6,Yes,23,Caution
Fruits,17.2,72,11,Damaged,68.1,5.1,Yes,19,Reject
Dairy,22.8,85,37,Damaged,52.1,5.6,Yes,1,Reject
Grains,7,87,47,Average,50.8,6.6,No,3,Caution
Fruits,23.2,80,19,Good,23.2,7.2,No,10,Reject
Vegetables,16.3,89,4,Average,20.2,5,No,22,Reject
Grains,9.7,80,59,Good,68.5,6.8,No,3,Caution
Grains,12.4,65,48,Good,47.5,4.5,No,7,Caution
Meat,31.6,43,36,Good,33.2,5.9,No,19,Reject
Vegetables,34.1,86,46,Good,61.1,6.6,Yes,3,Caution
Grains,24,92,54,Good,27.5,6.8,No,14,Reject
Grains,0.9,89,52,Average,66.3,5.4,No,16,Caution
Grains,33.9,90,22,Average,85.3,3.9,No,7,Reject
Dairy,8.4,76,14,Damaged,10.7,4.1,Yes,3,Caution
Dairy,9.9,90,53,Average,31.8,6.7,Yes,17,Reject
Grains,12.9,88,23,Good,50.8,3.7,No,23,Caution
Vegetables,16.4,80,18,Good,81.2,4.3,Yes,22,Caution
Fruits,28.2,84,18,Good,53.9,6.1,No,12,Reject
Vegetables,12.1,48,59,Average,8.2,3.8,Yes,22,Caution
Meat,21.5,85,38,Average,47,6,No,8,Reject
Fruits,18.7,65,44,Good,80.9,4.5,No,16,Reject
Meat,30.9,79,39,Average,65,3.3,Yes,16,Reject
Dairy,10.3,40,52,Good,56.5,4,Yes,4,Caution
Meat,19.9,41,57,Average,89.9,4.2,No,5,Reject
Dairy,33.8,42,53,Damaged,32.5,4.1,Yes,20,Reject
Fruits,11.3,87,52,Average,58,7.1,Yes,23,Reject
Meat,17.7,44,44,Good,56.7,3.5,Yes,17,Caution
Meat,0.5,69,49,Average,28,3.7,No,8,Caution
Fruits,29.3,81,16,Good,12.1,5.4,Yes,21,Caution
Meat,17.1,50,3,Good,57.4,4.2,Yes,19,Caution
Grains,2.3,80,1,Average,26.8,5.6,No,2,Safe
Dairy,1.7,59,37,Good,59.8,5.9,Yes,16,Caution
Dairy,24.4,70,14,Average,82.9,4.8,No,15,Reject
Vegetables,11.3,61,12,Good,20.7,3.6,Yes,4,Safe
Grains,24,74,39,Good,80.7,5,No,23,Caution
Vegetables,12.1,77,15,Good,31.5,6.3,Yes,18,Caution
Grains,12.8,62,4,Average,18.9,5.9,No,8,Safe
Meat,19.7,84,7,Damaged,37.1,5.2,Yes,8,Caution
Meat,6.4,80,35,Good,12.5,3.7,Yes,18,Caution
Dairy,12.5,65,57,Good,18.7,5.8,Yes,16,Caution
Vegetables,5.2,66,41,Good,81.2,7.1,Yes,12,Caution
Dairy,18.8,52,7,Good,37.5,3.7,Yes,19,Caution
Dairy,9.3,67,2,Good,12.6,6.8,Yes,13,Safe
Fruits,1.1,91,9,Damaged,43.9,4.9,Yes,13,Caution
Vegetables,15.2,70,39,Good,43,4.5,Yes,6,Caution
Grains,0.3,55,26,Good,19.8,5.2,No,6,Safe
Vegetables,3.5,79,7,Average,15.5,5.2,No,4,Caution
Dairy,30.4,73,10,Good,40.3,5.2,Yes,12,Caution
Vegetables,14.5,80,15,Good,8.9,6.5,Yes,16,Caution
Dairy,22.6,92,30,Good,64.6,4.5,Yes,10,Caution
Fruits,14,47,52,Good,65.1,6.1,Yes,15,Caution
Vegetables,24.8,95,1,Good,27.6,3.8,Yes,13,Caution
Grains,13.7,60,35,Good,42.3,5.7,No,13,Caution
Grains,22.8,45,48,Damaged,9.8,5.8,No,14,Reject
Fruits,8.9,62,27,Average,66.9,5.7,Yes,18,Caution
Fruits,14.7,51,59,Average,70.7,6.4,Yes,19,Caution
Dairy,33.8,61,15,Average,12.8,4.2,Yes,12,Caution
Fruits,32.7,74,25,Average,54.4,5.8,Yes,2,Caution
Grains,5.5,87,31,Damaged,44.4,6.3,No,6,Caution
Dairy,15.4,40,12,Good,41.3,7,Yes,24,Caution
Dairy,34.2,73,28,Good,8.8,4.5,Yes,20,Caution
Fruits,33.9,49,37,Average,36.7,5.3,Yes,9,Caution
Vegetables,17.1,95,14,Damaged,48,6.9,No,20,Reject
Dairy,22,80,17,Average,44.5,6.2,Yes,19,Reject
Dairy,33.8,72,22,Average,65.1,6.8,Yes,3,Caution
Fruits,25.8,78,6,Average,36.5,5.9,No,1,Caution
Vegetables,11.2,89,47,Good,75.6,4.7,Yes,11,Caution
Meat,26.7,49,59,Good,46.6,6.6,Yes,13,Caution
Dairy,32.6,85,50,Good,72,4.5,No,4,Reject
Meat,5.6,84,33,Good,33.4,3.8,No,1,Caution
Grains,21.9,47,8,Good,63.6,4.3,No,8,Caution
Dairy,3.4,84,39,Average,15.8,5.3,No,6,Caution
Fruits,30.6,84,25,Good,39.7,6.3,Yes,13,Caution
Vegetables,10.4,52,29,Average,79.7,5.1,Yes,14,Caution
Vegetables,9.8,85,32,Good,68,4.8,Yes,20,Caution
Grains,32.4,66,43,Damaged,76.2,3.8,No,1,Reject
Vegetables,7.5,52,11,Good,39.4,6,Yes,9,Safe
Vegetables,22.8,77,1,Average,75.8,4,Yes,21,Caution
Vegetables,2.7,42,16,Good,36.8,5.7,Yes,6,Safe
Fruits,15.4,41,49,Average,45.2,6.1,Yes,7,Caution
Meat,2.5,59,50,Good,88.6,3.7,Yes,14,Caution
Meat,8.3,61,38,Good,79.1,4.8,Yes,10,Caution
Dairy,0.3,42,28,Average,17.8,5,Yes,4,Caution
Vegetables,1.2,48,36,Average,33.8,4.1,No,24,Reject
Grains,18.1,62,4,Good,17.8,5.3,No,10,Safe
Fruits,27.8,74,9,Average,89.2,6.8,Yes,16,Caution
Vegetables,27.2,89,23,Average,58.5,5.9,Yes,24,Reject
Meat,24.7,74,35,Damaged,33.9,3.6,No,20,Reject
Meat,24.8,77,17,Good,24.8,6.4,Yes,13,Caution
Fruits,6.5,78,10,Average,72,5.2,Yes,9,Safe
Meat,22.9,81,26,Average,65.4,5.1,No,23,Reject
Fruits,7.5,51,7,Damaged,41.5,3.4,No,18,Caution
Fruits,34.7,52,9,Damaged,24.1,6.3,No,18,Reject
Fruits,33.2,93,48,Good,75.4,6,Yes,6,Caution
Dairy,23.4,64,30,Damaged,15.8,4.9,Yes,13,Reject
Vegetables,26.7,52,10,Damaged,22.9,4.6,Yes,23,Reject
Fruits,29,68,23,Damaged,41.2,7.2,No,4,Reject
Grains,30.7,65,41,Good,11.7,3.8,No,22,Caution
Meat,34.6,93,29,Good,33.8,3.4,Yes,16,Reject
Meat,20,43,5,Average,55.7,5.4,No,24,Reject
Grains,28.5,61,57,Damaged,65.8,6.8,No,14,Reject
Fruits,26.7,76,22,Average,30.5,4.9,Yes,21,Reject
Meat,23.5,87,18,Good,68.3,3.6,Yes,19,Reject
Vegetables,1.8,92,42,Damaged,22.6,3.7,No,11,Reject
Vegetables,34.9,56,7,Good,28.7,5.6,Yes,14,Caution
Meat,2.2,65,28,Damaged,26.4,3.7,Yes,19,Caution
Meat,6.3,64,35,Good,68.3,6.7,No,5,Caution
Dairy,26.1,83,59,Average,89.1,5.5,No,16,Reject
Dairy,1.3,81,56,Average,18.9,3.6,Yes,20,Caution
Grains,34.2,84,32,Good,17,6.3,No,6,Caution
Grains,19.3,85,32,Good,38.9,4.4,No,19,Caution
Dairy,7.2,61,30,Good,38.3,3.7,No,2,Caution
Grains,17.6,68,3,Good,60.5,4.9,No,20,Caution
Meat,26.8,83,54,Good,46.9,3.3,Yes,1,Caution
Dairy,15.4,43,30,Damaged,43.9,3.6,Yes,18,Reject
Grains,16.8,71,16,Good,23.4,4.8,No,13,Caution
Meat,33.1,70,10,Good,81.7,4.9,Yes,23,Caution
Dairy,12.7,53,36,Average,22.6,5.9,Yes,8,Caution
Meat,11.9,64,56,Average,50,4.2,Yes,20,Caution
Meat,13.5,94,21,Good,43.7,7.1,Yes,16,Caution
Vegetables,18.2,43,33,Good,26.3,5.5,Yes,7,Caution
Vegetables,7.7,56,1,Good,16.3,4.4,Yes,5,Safe
Dairy,11,86,59,Good,53.9,5.5,No,19,Reject
Dairy,33.4,82,42,Average,48.9,3.7,Yes,7,Caution
Dairy,31.3,52,37,Good,72.2,4.1,Yes,14,Caution
Fruits,31.2,63,60,Average,58.6,6.1,Yes,20,Reject
Meat,17,57,19,Good,52.9,3.8,No,23,Reject
Dairy,9.7,65,39,Good,12.5,6.9,No,1,Caution
Fruits,25.4,82,5,Good,57.2,5.2,No,4,Caution
Dairy,28.4,59,52,Average,55,5.2,Yes,21,Reject
Meat,12.1,41,53,Good,20.6,3.4,Yes,9,Caution
Fruits,1.6,87,9,Good,11.3,4.6,Yes,12,Caution
Dairy,32.3,86,1,Good,62.3,6.7,Yes,14,Caution
Dairy,18.4,84,47,Damaged,54,6.6,Yes,5,Reject
Dairy,2.1,54,42,Good,68.2,5.2,Yes,6,Safe
Dairy,16.4,94,40,Good,53.3,4.1,No,17,Reject
Fruits,4,48,14,Good,30.4,4.3,Yes,20,Safe
Fruits,12.6,76,19,Good,63.4,4.5,Yes,21,Caution
Vegetables,11.9,85,54,Damaged,24.9,6.2,No,16,Reject
Dairy,16.5,88,11,Average,33.8,3.3,Yes,19,Reject
Dairy,7.6,57,44,Good,62,5.4,Yes,7,Safe
Fruits,13.6,69,39,Average,87.9,3.9,Yes,18,Caution
Meat,34.2,86,1,Good,66.5,5.4,Yes,7,Caution
Grains,17.5,69,9,Good,42.6,3.5,No,21,Caution
Grains,35,75,46,Damaged,27,4,No,6,Reject
Grains,0.3,71,9,Damaged,44.3,6.8,No,16,Caution
Vegetables,28.1,60,47,Good,48.8,3.9,Yes,10,Caution
Meat,26,56,18,Good,22,6.6,No,20,Reject
Meat,22.6,79,53,Good,89.6,4.5,No,15,Reject
Dairy,30.8,46,1,Damaged,28.5,5.5,Yes,16,Caution
Vegetables,15.3,43,10,Good,57.5,4.8,No,3,Caution
Vegetables,13.3,67,33,Good,41.1,4.9,Yes,12,Caution
Meat,18.6,49,59,Average,17,5,Yes,16,Reject
Vegetables,5.1,81,1,Average,26,5.6,Yes,15,Safe
Meat,28.8,64,45,Average,36.3,5.6,Yes,8,Caution
Vegetables,19,52,13,Average,65.4,4.6,Yes,17,Caution
Grains,12.2,75,37,Damaged,78.9,4,No,20,Reject
Vegetables,1.2,62,21,Good,77.3,3.2,Yes,12,Caution
Vegetables,28.7,73,22,Average,47.1,5.5,Yes,16,Reject
Dairy,28.7,75,30,Average,51.3,5.5,No,9,Reject
Vegetables,26.4,53,54,Good,82.7,7,Yes,14,Caution
Meat,29.8,87,25,Good,71.4,5.3,Yes,13,Reject
Dairy,26.7,78,44,Good,65.7,6,No,14,Reject
Meat,33.1,52,51,Good,39.6,3.3,Yes,7,Caution
Meat,16.1,57,31,Good,12.9,3.2,Yes,11,Caution
Grains,17.4,86,50,Good,72.3,5.3,No,10,Caution
Dairy,27.6,94,32,Average,35,5.1,Yes,22,Reject
Dairy,32.1,66,18,Good,52.6,7.1,Yes,18,Caution
Grains,12.9,57,28,Good,85.4,6.4,No,16,Caution
Meat,22.2,75,43,Good,54.3,6.7,Yes,16,Caution
Grains,5.1,90,3,Good,52.9,7,No,21,Safe
Grains,8.5,73,50,Good,63.3,4.6,No,18,Caution
Grains,20.5,41,7,Damaged,53.3,4.3,No,23,Caution
Grains,18.1,63,11,Average,44.1,6,No,11,Caution
Fruits,29.8,84,2,Good,43,4,Yes,20,Caution
Fruits,24.7,70,20,Good,39.6,5.1,Yes,12,Caution
Dairy,11.1,59,54,Average,25.6,6.1,No,5,Reject
Fruits,2.5,65,40,Good,34.6,7,Yes,9,Safe
Fruits,28.2,51,5,Good,16.7,6,Yes,20,Caution
Vegetables,19.5,93,7,Average,66,4.6,No,11,Reject
Grains,5.1,67,41,Good,61.4,4.1,No,10,Safe
Fruits,15,86,37,Good,9.3,5.8,No,23,Reject
Dairy,0.8,51,60,Good,36.2,5.5,Yes,11,Caution
Grains,26.8,91,3,Good,75.6,7.1,No,22,Caution
Fruits,30.2,50,38,Good,71.4,5.7,Yes,17,Caution
Grains,12,63,5,Good,18.6,4.9,No,1,Safe
Grains,10.2,41,18,Good,48.4,6.5,No,19,Caution
Grains,9.1,75,51,Average,43.5,3.3,No,10,Caution
Vegetables,13.6,95,41,Good,79.6,4.7,Yes,6,Caution
Vegetables,2.7,55,14,Average,58.7,4.4,Yes,12,Caution
Fruits,29.9,56,50,Good,27.1,7,Yes,22,Caution
Grains,6.9,76,2,Good,15.1,5.6,No,6,Safe
Vegetables,16.3,88,45,Good,67.6,3.6,Yes,7,Caution
Vegetables,23.1,62,31,Average,55,4.2,Yes,4,Caution
Meat,28.1,79,2,Damaged,83.7,4.7,Yes,22,Caution
Dairy,23.8,48,43,Average,15.7,3.8,No,16,Reject
Dairy,15.9,74,31,Good,71,4.6,No,14,Reject
Grains,3.2,86,45,Good,10.8,4.7,No,12,Caution
Vegetables,14.8,72,16,Good,72.8,4.2,Yes,8,Caution
Grains,27.1,60,39,Good,20,6.7,No,9,Caution
Fruits,20.4,63,9,Good,8.1,4.9,No,22,Reject
Dairy,24.9,57,3,Average,56.2,4.8,No,20,Reject
Dairy,6.7,91,41,Damaged,46.1,3.8,Yes,16,Reject
Meat,4.6,52,47,Good,15,3.6,Yes,10,Safe
Dairy,34.6,41,19,Good,45.7,5.4,No,14,Reject
Meat,7.4,43,13,Average,16.1,4,Yes,24,Caution
Grains,6.1,40,38,Good,27,5.8,No,13,Caution
Meat,7.6,77,46,Good,23.7,4,No,10,Caution
Fruits,23.8,94,52,Good,52.3,5.8,Yes,2,Caution
Fruits,23.3,42,6,Good,8.1,4.1,No,6,Caution
Vegetables,11.6,72,20,Good,45.1,5.9,Yes,3,Caution
Meat,27.8,58,38,Good,50.7,5.3,No,21,Reject
Dairy,20.9,94,19,Good,53.1,6,Yes,6,Caution
Fruits,0.2,92,18,Good,55.4,5.2,Yes,16,Caution
Dairy,22.4,79,23,Good,30.1,6.5,Yes,14,Caution
Vegetables,19.3,77,25,Average,15.1,5.8,Yes,16,Reject
Dairy,21.2,90,6,Good,30.9,3.7,Yes,12,Caution
Grains,18.8,83,34,Good,13,3.5,No,9,Caution
Meat,9,61,37,Average,60.9,5.1,No,23,Reject
Vegetables,12.4,66,22,Good,8.3,6.3,Yes,24,Caution
Dairy,27.7,41,9,Average,40.2,6.2,Yes,2,Caution
Dairy,5,46,49,Damaged,58.4,7.1,Yes,20,Caution
Vegetables,8.5,55,38,Average,81.5,4.3,Yes,10,Caution
Grains,29.6,79,10,Good,13.5,7.2,No,22,Caution
Meat,20.4,45,25,Good,54.5,4.1,Yes,2,Caution
Grains,21.6,90,15,Good,47.8,5.4,No,7,Caution
Grains,33,90,17,Damaged,76.6,3.6,No,16,Reject
Grains,20.8,75,55,Good,70.2,6.2,No,7,Caution
Fruits,27.1,79,37,Damaged,89.9,6.4,Yes,7,Reject
Fruits,18.9,69,12,Good,69.4,5.1,No,16,Reject
Vegetables,2.7,89,53,Damaged,19.7,4.3,No,15,Reject
Vegetables,2,86,36,Good,83.9,7.1,No,1,Caution
Vegetables,11.2,63,48,Damaged,83.7,5.6,Yes,19,Reject
Grains,7.8,65,16,Good,57.9,6.7,No,19,Caution
Dairy,14.5,47,43,Average,66.6,6.2,Yes,9,Caution
Grains,7.9,74,46,Good,25.8,3.6,No,16,Caution
Fruits,12.3,49,39,Average,38.3,4.9,Yes,24,Caution
Meat,15.4,40,33,Good,47.1,4.8,No,10,Reject
Grains,9.9,82,39,Average,87.9,7.2,No,22,Caution
Vegetables,11.9,68,15,Average,8.2,4.6,Yes,10,Caution
Meat,30.1,92,51,Good,43.3,6,Yes,20,Reject
Grains,34.7,88,52,Average,68,3.7,No,14,Reject
Fruits,3.4,54,38,Damaged,41.4,6.4,Yes,11,Caution
Dairy,31.7,59,34,Average,18.5,6.6,Yes,4,Caution
Dairy,7.7,57,38,Good,11.2,3.6,No,12,Caution
Meat,12.7,52,4,Good,41.6,4.9,Yes,24,Safe
Vegetables,5,91,60,Good,46.6,4.1,No,9,Caution
Fruits,1.5,47,47,Average,57.4,4.4,No,6,Caution
Vegetables,4.5,91,17,Damaged,18.9,6.5,No,9,Reject
Vegetables,15.5,80,40,Average,70.2,6.1,Yes,14,Reject
Grains,28.1,54,22,Damaged,21.3,6.2,No,11,Reject
Dairy,1.4,84,22,Good,29.5,4.4,Yes,9,Safe
Dairy,33.7,58,44,Damaged,65.6,3.4,No,11,Reject
Dairy,25.6,91,18,Average,43.6,4.8,Yes,15,Reject
Grains,6,74,41,Good,15.6,5.2,No,5,Safe
Fruits,21.9,76,11,Damaged,88.4,4.5,Yes,11,Reject
Vegetables,16.9,40,40,Good,15.2,5.2,Yes,3,Caution
Grains,29.9,81,56,Good,57.4,7,No,16,Caution
Meat,20.7,44,57,Good,38.3,5,No,21,Reject
Fruits,16.7,44,17,Average,17.3,4.7,Yes,24,Reject
Vegetables,29.9,95,21,Good,20.4,4.8,Yes,13,Reject
Grains,22.8,45,3,Good,70.7,6.2,No,22,Caution
Vegetables,23.3,94,27,Good,29.5,4.6,Yes,18,Reject
Dairy,33.5,85,18,Damaged,49.1,6.9,Yes,12,Reject
Grains,31.1,89,10,Good,59.1,3.4,No,2,Caution
Fruits,17.8,70,44,Good,8.1,4.8,Yes,15,Caution
Fruits,3.6,63,34,Average,87,6.7,Yes,16,Caution
Grains,0.7,94,6,Average,28.4,5.8,No,20,Caution
Meat,17.9,73,12,Good,48.6,4.2,Yes,11,Caution
Fruits,5.5,84,46,Good,15.6,5.2,Yes,8,Safe
Dairy,34.2,48,40,Good,30,7,Yes,12,Caution
Dairy,22.2,83,11,Average,13.5,3.8,Yes,19,Caution
Fruits,4.7,89,42,Good,70,5.1,Yes,21,Caution
Vegetables,4.7,47,12,Good,11.4,4.8,No,11,Caution
Fruits,12.1,42,5,Good,59.4,6.1,Yes,8,Safe
Fruits,31.1,93,36,Good,23.3,7,Yes,22,Reject
Meat,23.6,87,53,Average,78.9,4.8,Yes,9,Reject
Dairy,34.1,44,55,Average,62,4.3,Yes,2,Caution
Grains,12.6,72,47,Good,40.4,4.5,No,17,Caution
Grains,12.3,49,36,Average,68.4,5,No,22,Caution
Dairy,29.5,83,13,Good,62.1,6.2,No,21,Reject
Fruits,14,86,46,Good,72.6,6.3,Yes,8,Caution
Meat,17.5,60,12,Average,82.2,5.7,No,18,Reject
Fruits,2.6,74,45,Damaged,35.5,5.8,Yes,24,Caution
Meat,11.6,67,57,Good,38.6,5.4,Yes,11,Caution
Fruits,24.1,47,25,Average,55,6,Yes,17,Reject
Vegetables,0.1,56,10,Good,15.9,4.1,Yes,3,Safe
Grains,10.1,94,2,Good,13.7,6.6,No,13,Caution
Vegetables,29.3,44,46,Damaged,60.4,5.5,Yes,22,Reject
Meat,32.1,70,35,Good,15.9,5.1,No,1,Reject
Grains,23.7,51,35,Good,55.6,3.6,No,9,Caution
Dairy,28.1,83,39,Average,67.5,4.4,No,22,Reject
Grains,32,47,43,Average,54.9,6.5,No,21,Reject
Grains,28.2,52,28,Good,72.5,6.5,No,4,Caution
Fruits,19.5,79,8,Average,40.9,3.4,Yes,17,Caution
Grains,29.9,74,54,Average,50,5.6,No,6,Caution
Fruits,23.7,72,18,Damaged,31.4,4.7,Yes,24,Reject
Dairy,20.4,82,30,Good,17.6,4.1,Yes,20,Caution
Grains,1.8,80,29,Good,62,4.4,No,9,Safe
Meat,5.8,66,22,Good,36.2,4.4,Yes,23,Caution
Fruits,10.8,76,41,Good,18.6,5.2,Yes,19,Caution
Meat,18.5,50,21,Damaged,24.9,5.9,No,24,Reject
Vegetables,26.3,95,20,Good,46.1,4.8,Yes,12,Reject
Fruits,2.1,59,40,Damaged,52.7,5.3,No,17,Reject
Grains,0.9,69,57,Average,84.5,5.6,No,24,Caution
Meat,10,52,40,Average,53.4,3.9,Yes,21,Caution
Grains,25.8,42,37,Average,41.6,5.1,No,4,Caution
Vegetables,19.7,49,14,Good,54,3.7,No,9,Caution
Fruits,15.1,95,51,Good,39.9,4.5,Yes,17,Reject
Dairy,31.4,95,44,Damaged,71,6.6,Yes,19,Reject
Grains,11.5,50,35,Good,25.9,5.8,No,5,Caution
Dairy,17.6,72,37,Average,33,4.5,Yes,1,Caution
Dairy,16.7,77,34,Good,13.4,4.2,Yes,18,Caution
Dairy,1.9,86,5,Average,37.7,4.7,Yes,14,Caution
Meat,18.3,77,55,Average,52.1,5.5,No,19,Reject
Vegetables,9.9,73,10,Average,41.4,4.6,No,19,Reject
Fruits,23.9,69,5,Damaged,74.4,6.4,Yes,5,Caution
Meat,1.3,45,32,Good,59,3.5,No,7,Caution
Vegetables,9.7,86,42,Average,82.3,5.9,No,11,Reject
Grains,5.9,80,9,Average,12.5,7.2,No,10,Safe
Dairy,10.3,60,36,Good,39.2,7.1,Yes,19,Caution
Grains,11,61,53,Good,19.3,4.8,No,14,Caution
Vegetables,16.3,93,5,Average,58.6,6,No,19,Reject
Grains,30.3,46,24,Damaged,68.9,4.4,No,13,Reject
Fruits,34.1,40,33,Average,76,4.2,No,6,Reject
Grains,24.6,43,33,Average,69.5,5.3,No,6,Caution
Meat,28.4,65,52,Average,70.6,5.2,Yes,12,Reject
Fruits,27.8,73,58,Average,78.3,4,Yes,19,Reject
Dairy,20.6,41,46,Damaged,22.2,6.3,Yes,23,Reject
Dairy,8.7,55,40,Good,31.9,3.6,Yes,6,Caution
Vegetables,15.3,66,16,Good,89.1,4.4,Yes,19,Caution
Fruits,16,76,34,Good,64.7,3.6,Yes,18,Caution
Meat,11.4,80,47,Average,78.9,6.6,Yes,22,Caution
Grains,13.2,44,56,Good,50.2,6.1,No,16,Caution
Dairy,10.6,85,25,Good,20.1,6.6,No,18,Reject
Grains,21.3,72,2,Damaged,84.7,6,No,1,Caution
Dairy,12.7,50,34,Good,69.9,4.2,Yes,10,Caution
Vegetables,34.9,85,46,Average,71.6,6.9,Yes,6,Caution
Dairy,14.3,80,4,Average,39.7,6.9,Yes,3,Safe
Fruits,20.8,68,6,Average,62.9,5.6,No,16,Reject
Dairy,15.2,53,5,Good,61.3,3.8,Yes,11,Caution
Fruits,16,55,10,Good,15.1,4.6,No,18,Reject
Dairy,0.1,86,24,Good,49.5,7.1,No,8,Caution
Vegetables,30.7,87,30,Good,30.3,3.8,Yes,24,Reject
Grains,16.3,82,20,Average,49.8,5.6,No,19,Reject
Dairy,14.6,50,4,Good,8.6,4.9,Yes,9,Safe
Meat,18.2,89,42,Good,49.1,6,Yes,17,Reject
Fruits,26.9,79,50,Good,10.3,4.9,No,12,Reject
Dairy,29,74,36,Good,22.3,4.2,Yes,18,Caution
Dairy,26.4,78,24,Good,44.2,4.3,Yes,11,Caution
Grains,17.1,53,31,Good,76.8,3.9,No,15,Caution
Vegetables,24.3,84,47,Good,32.5,6.3,Yes,9,Caution
Grains,9.7,50,53,Average,87,5.8,No,4,Caution
Meat,9.8,51,60,Average,52.3,4.8,No,18,Reject
Vegetables,0.6,52,21,Good,88.3,6.1,Yes,22,Caution
Vegetables,4.5,88,22,Good,74.9,6.4,Yes,18,Caution
Dairy,30.2,92,44,Good,75.4,4.4,Yes,6,Caution
Dairy,26,83,27,Good,53.6,5.1,Yes,13,Caution
Grains,10.8,73,41,Good,45,4,No,22,Caution
Meat,4.6,94,53,Good,84,4.4,Yes,4,Caution
Grains,32.7,55,44,Average,24.8,4.7,No,14,Reject
Fruits,17.4,93,4,Good,53.8,6.5,Yes,18,Caution
Vegetables,8.9,44,39,Good,75.4,5.6,Yes,12,Caution
Dairy,22.1,85,11,Good,79.6,3.3,Yes,22,Caution
Meat,15,95,43,Good,50.6,5.9,No,11,Reject
Vegetables,17.6,72,10,Good,50.1,5.6,Yes,17,Caution
Grains,33.8,66,17,Damaged,54.4,5.7,No,9,Reject
Grains,17.5,91,16,Good,36.1,3.6,No,13,Reject
Grains,0,76,1,Good,32.6,6.6,No,22,Safe
Fruits,31.3,46,26,Average,27.8,4.6,Yes,15,Reject
Grains,33.2,45,57,Good,38.1,6.6,No,22,Caution
Meat,8.3,90,51,Damaged,75.5,6.5,Yes,9,Reject
Meat,28.6,95,19,Good,28.3,4.5,Yes,8,Caution
Dairy,3.1,57,14,Good,74.5,5.6,Yes,23,Safe
Grains,25.5,52,11,Good,85.8,7,No,13,Caution
Fruits,6.9,59,46,Average,69.2,6.9,No,9,Caution
Grains,31.3,79,51,Good,37,7,No,5,Caution
Dairy,9.4,62,60,Good,66.9,4,No,23,Reject
Vegetables,13.8,64,15,Good,28.7,5.1,No,17,Caution
Dairy,34.4,54,10,Good,26.9,7.1,Yes,14,Caution
Meat,33.7,78,26,Good,18.3,6.9,Yes,21,Caution
Meat,4.2,77,55,Good,34.8,6.4,Yes,19,Caution
Dairy,2.2,59,47,Damaged,57.6,5.1,Yes,17,Caution
Dairy,23.2,95,10,Good,50,3.7,Yes,7,Caution
Vegetables,11.9,61,40,Good,17.7,3.2,Yes,21,Caution
Meat,3.3,69,28,Damaged,82.9,5.4,Yes,23,Caution
Grains,6,95,57,Average,13.5,5.9,No,11,Caution
Fruits,29,74,14,Good,73.7,3.9,Yes,3,Caution
Fruits,26.9,41,24,Good,14,3.9,Yes,16,Caution
Vegetables,27.6,82,25,Average,26.4,6,Yes,13,Reject
Fruits,10,81,35,Average,63.3,3.4,Yes,10,Caution
Grains,27,43,10,Good,31.7,5.2,No,16,Caution
Meat,0.6,63,59,Good,9.3,5,Yes,4,Safe
Grains,19.6,83,23,Good,24.8,5.7,No,20,Caution
Vegetables,23.1,47,48,Damaged,59.3,5.7,Yes,4,Reject
Vegetables,2,46,46,Average,16.6,3.6,Yes,24,Caution
Fruits,23.2,42,12,Good,45.6,5.3,Yes,14,Caution
Vegetables,25.7,95,17,Good,54.1,3.4,Yes,18,Reject
Vegetables,28.1,67,21,Good,88.8,4.4,Yes,11,Caution
Dairy,4.9,69,25,Good,18.4,5.8,Yes,8,Safe
Fruits,32,41,58,Good,37.8,3.4,Yes,18,Caution
Dairy,23.7,61,8,Average,87.2,3.4,Yes,13,Caution
Dairy,4.6,83,49,Damaged,68.7,3.3,Yes,3,Caution
Fruits,0.1,66,46,Average,22.1,7.2,Yes,22,Caution
Grains,23.7,54,14,Good,39.7,5.1,No,5,Caution
Meat,9.4,88,19,Good,79.4,5.1,Yes,10,Caution
Fruits,33.1,77,13,Average,28.9,6.3,No,20,Reject
Dairy,25.4,83,27,Good,84.7,5,Yes,9,Caution
Dairy,5.3,45,42,Average,42.6,6.3,Yes,10,Caution
Grains,7.4,53,20,Good,88,4.8,No,24,Caution
Dairy,16.3,91,10,Good,24.7,4.8,Yes,10,Caution
Fruits,29.7,83,4,Good,40.9,5.5,Yes,6,Safe
Fruits,29.7,53,58,Good,28.3,3.5,Yes,17,Caution
Meat,23.5,93,48,Average,87.6,3.4,No,24,Reject
Grains,30.3,65,47,Good,78.1,6,No,4,Caution
Grains,18.4,69,43,Good,16.4,6,No,22,Caution
Grains,5.9,50,15,Damaged,55.3,4.8,No,14,Caution
Fruits,6.2,52,40,Good,47.5,3.6,Yes,7,Safe
Dairy,3.6,91,1,Average,13.3,3.7,Yes,21,Caution
Dairy,18.9,79,28,Good,24.1,6.7,No,11,Reject
Meat,8.2,53,57,Good,31.2,4.6,Yes,18,Caution
Fruits,7.5,81,27,Good,50.8,5.4,Yes,6,Safe
Fruits,28.3,46,49,Good,57,3.7,Yes,24,Caution
Vegetables,26.4,43,55,Good,34,6.4,Yes,20,Caution
Vegetables,27.6,61,32,Good,34.8,4.1,No,5,Reject
Dairy,13.2,75,14,Good,24.2,5.8,No,13,Caution
Grains,14.4,92,33,Good,62.3,6.8,No,4,Caution
Vegetables,27,81,44,Good,62.6,6.5,Yes,5,Caution
Vegetables,29.7,85,6,Good,52.4,5.4,No,3,Caution
Dairy,28.3,94,1,Damaged,29,5.4,Yes,8,Caution
Dairy,10.6,59,7,Good,55,4.4,Yes,18,Safe
Vegetables,30.1,61,31,Good,44.9,5.3,Yes,19,Caution
Vegetables,2.2,81,23,Average,24.9,4.5,Yes,5,Caution
Fruits,30.5,88,60,Good,76.7,5.4,Yes,2,Caution
Vegetables,32.9,56,36,Average,85.4,6.2,No,13,Reject
Dairy,27.7,82,51,Good,42.2,6.6,No,10,Reject
Grains,24.2,47,48,Good,66.9,4.6,No,1,Caution
Meat,24.6,49,55,Average,70.4,6.8,No,12,Reject
Meat,17,61,44,Average,80.7,5,Yes,6,Caution
Dairy,29.8,66,17,Good,26.4,5.4,Yes,22,Caution
Meat,29.1,76,53,Good,47.2,6.6,Yes,19,Caution
Vegetables,31.2,87,32,Good,32.1,7.1,No,7,Reject
Meat,25.7,89,13,Good,56.8,6.2,Yes,19,Caution
Vegetables,30.6,73,49,Good,28.4,4.7,Yes,7,Caution
Dairy,1.9,91,6,Good,73.2,5.5,No,7,Caution
Grains,16.5,43,31,Good,38.1,6.8,No,6,Caution
Meat,17.1,92,20,Good,71.8,6.2,No,7,Reject
Dairy,9.9,74,14,Average,87.9,3.6,Yes,16,Caution
Grains,16.8,60,56,Average,25,6.6,No,10,Caution
Grains,19.1,64,24,Damaged,27.7,4.9,No,9,Reject
Meat,32.6,67,54,Good,53.5,4.1,No,20,Reject
Fruits,1.8,94,2,Good,37.5,6,No,20,Caution
Meat,6.4,86,11,Good,43.5,6.2,No,20,Caution
Fruits,23.4,49,41,Good,52.4,4.9,Yes,19,Caution
Grains,18.1,76,14,Average,84.1,6.7,No,21,Caution
Fruits,6.8,66,40,Good,9.3,6.3,No,9,Caution
Grains,10.9,95,11,Average,11.4,5.1,No,3,Caution
Meat,23.4,57,25,Good,83.3,5.5,Yes,5,Caution
Dairy,28.8,80,43,Good,36.3,3.3,Yes,12,Caution
Grains,24.7,64,14,Damaged,35.4,5.7,No,14,Reject
Grains,14.6,64,53,Good,57.3,3.6,No,6,Caution
Grains,22.5,82,30,Good,67.6,5.8,No,23,Caution
Vegetables,6.9,59,31,Good,27.3,5.7,Yes,12,Caution
Meat,4.4,49,34,Good,67.1,6.5,Yes,23,Caution
Fruits,27,78,37,Good,57.3,5.8,No,7,Reject
Fruits,12.3,77,34,Good,60.5,5.8,No,10,Caution
Vegetables,23.6,55,16,Good,9,5.3,Yes,7,Caution
Grains,23.9,85,51,Average,40.7,3.8,No,17,Reject
Fruits,28,62,59,Good,67.3,4.5,Yes,17,Caution
Dairy,2.3,50,22,Good,25.1,4.3,No,23,Caution
Meat,15.2,59,11,Good,27.6,5.1,No,20,Reject
Meat,5.9,86,20,Good,48.7,4.9,Yes,7,Caution
Grains,17.8,81,2,Average,72.3,5.8,No,19,Caution
Dairy,5,73,10,Average,74.9,3.3,Yes,12,Caution
Meat,33.7,71,55,Good,77,6.2,Yes,20,Caution
Meat,33,43,35,Average,56.5,6.6,No,16,Reject
Meat,20.2,64,15,Good,72.6,3.6,No,6,Caution
Dairy,6,82,60,Damaged,22.5,3.9,Yes,9,Caution
Grains,8.7,52,38,Good,14.6,7.1,No,13,Caution
Fruits,20.4,52,21,Good,44,4.2,No,14,Reject
Grains,7.3,91,4,Good,55.1,7.2,No,8,Safe
Vegetables,9,86,16,Average,47.7,4.8,No,14,Reject
Fruits,3.4,57,3,Average,84.9,6.6,Yes,4,Safe
Meat,9.2,95,55,Good,18.7,3.5,Yes,23,Caution
Dairy,15.5,62,22,Good,43.2,3.5,Yes,13,Caution
Meat,21.2,80,16,Good,30.1,4.4,Yes,14,Caution
Fruits,21.8,49,27,Good,41.5,6.5,No,13,Reject
Meat,9.5,51,38,Good,51.3,6.1,No,23,Reject
Dairy,24.2,95,1,Good,33,6.3,No,22,Reject
Dairy,4,74,20,Average,35.4,6.6,Yes,15,Caution
Meat,17,57,45,Good,76.6,6.1,Yes,13,Caution
Dairy,24.6,58,7,Good,48.4,3.5,No,11,Caution
Fruits,11.2,64,8,Average,79.8,3.9,Yes,16,Caution
Grains,23,63,49,Average,33.3,5.7,No,12,Reject
Meat,28.9,49,32,Average,73.2,5.9,Yes,2,Caution
Meat,16.1,60,1,Good,88.5,5.8,Yes,4,Safe
Grains,17.4,50,6,Good,53.6,5.7,No,14,Caution
Fruits,16.6,47,48,Average,50.7,4.2,Yes,6,Caution
Meat,26.3,64,51,Good,57.1,6.7,No,5,Reject
Dairy,27,42,12,Good,54.1,5.7,Yes,24,Caution
Grains,2.3,74,36,Average,33.3,6.5,No,8,Caution
Vegetables,0.5,59,40,Good,59,4.8,Yes,2,Safe
Meat,9.8,51,33,Good,10.3,6.8,No,14,Reject
Vegetables,34.3,44,17,Average,85.3,4.3,Yes,21,Reject
Meat,23.9,91,15,Damaged,29.6,5.1,No,13,Reject
Grains,32,69,12,Good,88.6,6.6,No,15,Caution
Vegetables,12.6,40,7,Good,28.1,6.9,No,2,Caution
Grains,14.4,46,49,Damaged,81.8,4.8,No,8,Caution
Vegetables,7.8,79,26,Good,44,3.8,Yes,19,Caution
Grains,27.5,79,34,Good,51.6,4.8,No,19,Caution
Vegetables,7.7,77,2,Average,59.9,5.8,Yes,4,Safe
Dairy,24.6,40,51,Average,87.4,5.7,Yes,3,Caution
Fruits,28.3,82,16,Good,82.5,5.6,Yes,16,Caution
Grains,17.4,54,49,Average,77.9,6,No,18,Reject
Vegetables,0.1,40,44,Good,46.8,5.9,No,8,Caution
Vegetables,10.3,68,53,Good,46,5.2,No,6,Caution
Grains,31.3,55,42,Average,10.6,4.7,No,8,Caution
Meat,34.3,78,42,Average,40.7,5.2,No,12,Reject
Fruits,13.7,68,13,Damaged,29.5,3.7,Yes,12,Caution
Grains,21.7,93,18,Good,58.4,3.7,No,16,Reject
Grains,29.8,42,19,Good,28.7,4.2,No,20,Caution
Grains,8.3,50,46,Good,57.3,7.2,No,16,Caution
Grains,12.3,74,24,Good,46.8,6.6,No,21,Caution
Grains,8.4,69,41,Damaged,9.6,5.1,No,19,Reject
Dairy,2.3,45,60,Average,64.8,3.6,No,19,Reject
Fruits,32.8,91,22,Good,9.2,6.9,No,12,Reject
Grains,2.9,62,57,Good,33.1,3.8,No,19,Caution
Fruits,17.3,76,20,Average,18.4,5.7,Yes,3,Caution
Dairy,19.7,68,33,Damaged,44.7,6.4,Yes,8,Reject
Dairy,1.7,45,25,Good,86.9,6.4,Yes,14,Caution
Vegetables,14.2,53,37,Average,66.6,5.9,Yes,1,Caution
Meat,30.4,42,15,Good,58.1,6,Yes,4,Caution
Grains,4.2,64,17,Good,53.5,5.7,No,20,Caution
Dairy,21.4,70,8,Good,34.8,5.1,No,12,Reject
Vegetables,23.5,64,17,Good,67.2,4.7,Yes,6,Caution
Grains,30.5,48,24,Good,31.3,3.5,No,14,Caution
Dairy,14.8,87,9,Good,32.9,6.9,No,18,Reject
Meat,4.3,52,8,Good,40.6,5.8,No,24,Caution
Meat,18.1,71,9,Damaged,64.3,3.9,No,6,Reject
Fruits,9.8,88,54,Good,43.3,6.4,Yes,13,Caution
Fruits,32.8,68,22,Damaged,52.9,6,Yes,11,Reject
Meat,3.7,61,18,Good,27.7,3.3,Yes,3,Safe
Vegetables,32.1,76,7,Average,57.2,4.2,Yes,18,Caution
Grains,21,63,18,Average,25.8,5.4,No,3,Caution
Meat,8.2,60,11,Good,50.5,6.2,No,15,Caution
Grains,19.7,87,17,Average,26,4.5,No,8,Reject
Vegetables,1.1,54,42,Good,39.7,4.8,No,19,Caution
Fruits,13.3,71,13,Good,48.3,6.3,Yes,5,Safe
Meat,14.8,74,24,Good,21.3,4.6,Yes,20,Caution
Meat,11.8,43,42,Average,79.8,5.8,Yes,22,Caution
Meat,32.8,44,60,Good,23.2,7.1,Yes,5,Caution
Grains,30.4,77,39,Average,47.7,3.9,No,5,Caution
Meat,13.7,57,22,Good,83.6,5.5,Yes,6,Caution
Vegetables,16.6,42,22,Average,63.3,5.5,No,7,Reject
Grains,10,76,39,Good,26,5.7,No,4,Caution
Meat,9.9,65,27,Good,61,5.9,Yes,22,Caution
Dairy,23.4,76,27,Good,73.6,5.5,No,6,Reject
Vegetables,32.1,77,53,Good,57.3,4,Yes,17,Caution
Grains,4.4,82,34,Good,13.7,3.5,No,11,Caution
Fruits,0.8,85,52,Good,31,4.8,No,14,Caution
Meat,2.7,94,42,Average,68,4.3,Yes,15,Caution
Vegetables,16,43,20,Good,45,5.5,Yes,20,Caution
Vegetables,18.4,40,22,Damaged,38,6.1,No,15,Reject
Grains,24.3,57,13,Good,88.1,5.6,No,13,Caution
Vegetables,7.4,78,17,Average,87.5,3.5,No,8,Caution
Dairy,5.1,74,50,Good,28.2,3.9,No,11,Caution
Dairy,26.5,69,32,Damaged,26.1,6.6,Yes,24,Reject
Vegetables,6.8,87,49,Average,19.4,5.3,Yes,3,Caution
Grains,29.7,70,29,Good,26.2,5.7,No,18,Caution
Grains,10.1,52,49,Good,86.5,4.2,No,1,Caution
Grains,8.9,76,18,Damaged,16.1,3.9,No,14,Reject
Vegetables,29.1,48,41,Good,68.8,5.1,Yes,16,Caution
Dairy,20.3,81,30,Good,53.4,4.8,Yes,1,Caution
Grains,3,71,14,Damaged,44.4,3.4,No,6,Caution
Vegetables,9.8,57,43,Good,89.1,3.5,Yes,10,Caution
Grains,28.4,87,49,Good,11,6.2,No,1,Caution
Vegetables,23.7,42,22,Damaged,10,5.3,Yes,23,Reject
Meat,6.5,53,7,Good,21.3,5.3,Yes,3,Safe
Grains,31.7,44,41,Good,10.6,5.8,No,7,Caution
Grains,4.9,85,49,Average,65.6,3.5,No,2,Caution
Meat,8.7,65,43,Damaged,62.4,7.1,Yes,10,Caution
Grains,33.2,80,33,Damaged,52.4,4.8,No,2,Reject
Vegetables,17.3,93,20,Damaged,52.6,4.8,Yes,17,Reject
Grains,20.1,63,4,Good,11.6,6.6,No,6,Safe
Vegetables,22.9,77,56,Average,56,6.6,Yes,4,Caution
Fruits,7.1,83,52,Average,73.5,4.9,Yes,5,Caution
Vegetables,3.2,89,7,Average,64.1,5.2,No,1,Caution
Dairy,6.2,42,18,Good,28,3.8,Yes,21,Caution
Vegetables,15.1,43,15,Average,70.8,3.4,Yes,23,Caution
Dairy,1.6,80,7,Good,16.2,5.2,Yes,17,Safe
Vegetables,13.9,88,54,Damaged,50.6,4.7,No,15,Reject
Vegetables,3.9,83,37,Damaged,83.8,7.1,Yes,17,Caution
Grains,33.2,45,57,Good,60.5,5.7,No,18,Caution
Vegetables,9.6,43,10,Good,11.2,4.4,No,1,Caution
Dairy,18.6,61,56,Good,41.6,5.8,No,11,Reject
Dairy,9.3,89,49,Good,52.5,7.1,Yes,6,Caution
Vegetables,34.4,82,57,Average,47.4,5.9,Yes,7,Caution
Fruits,27.5,76,55,Good,10.9,5.5,Yes,10,Caution
Vegetables,31.9,92,48,Damaged,83.6,6.9,No,14,Reject
Vegetables,26.9,75,19,Damaged,49.9,6.4,Yes,14,Reject
Grains,27.1,91,11,Damaged,51.3,6.9,No,23,Reject
Dairy,8.3,80,56,Average,50.4,6.1,Yes,7,Caution
Meat,9.8,56,52,Average,38.3,5.8,No,11,Reject
Meat,18.5,53,29,Good,60.8,7.1,Yes,6,Caution
Fruits,28.3,80,5,Average,79.6,5.6,Yes,14,Caution
Fruits,32,57,31,Good,86,5.6,No,3,Reject
Dairy,21,83,23,Average,13.9,7,Yes,11,Reject
Dairy,20.8,63,33,Good,86.5,6.4,No,9,Reject
Vegetables,31.9,94,19,Average,38.9,6.8,No,15,Reject
Meat,0.6,40,45,Average,49.3,4.9,Yes,15,Caution
Meat,12.1,46,2,Damaged,43.8,4.7,No,3,Caution
Dairy,19.2,87,34,Good,26.6,6.4,No,4,Reject
Meat,2.3,85,21,Good,14.2,3.4,No,8,Caution
Dairy,8.8,60,21,Damaged,62.8,3.6,No,19,Reject
Meat,22,62,27,Average,63.5,3.3,No,18,Reject
Meat,31.3,81,13,Average,11.5,5.7,Yes,23,Caution
Meat,22,91,33,Damaged,27,4,Yes,14,Reject
Vegetables,34.8,89,57,Average,64.5,4.1,Yes,1,Reject
Grains,31.9,50,52,Damaged,69.7,5.8,No,23,Reject
Grains,3.1,74,57,Average,38.1,6.4,No,15,Caution
Vegetables,28.1,88,40,Good,59.8,4.4,Yes,4,Caution
Meat,0.9,67,58,Average,30.8,3.5,Yes,15,Caution
Grains,22.4,50,16,Good,29.6,6.9,No,20,Caution
Dairy,10.1,61,50,Good,43.8,5.2,Yes,16,Caution
Grains,16.1,69,8,Good,55.3,5,No,20,Caution
Dairy,13.9,72,7,Good,51.4,4.3,Yes,12,Safe
Dairy,28.2,50,38,Good,47.1,6.1,Yes,13,Caution
Dairy,27.4,59,30,Good,74.4,7.1,Yes,17,Caution
Dairy,12.4,50,8,Average,12.4,5.9,Yes,2,Caution
Vegetables,10.1,75,48,Good,48,5.2,No,8,Caution
Fruits,20.5,43,26,Good,54.7,5,Yes,1,Caution
Dairy,10.1,66,39,Damaged,56.6,4.9,No,11,Reject
Fruits,20.5,90,19,Good,24.7,5.7,Yes,16,Reject
Vegetables,7.2,57,21,Good,68,3.8,Yes,1,Safe
Dairy,20.7,49,47,Good,64.9,6.6,Yes,20,Caution
Meat,4,95,21,Damaged,46.1,6.1,Yes,13,Reject
Meat,6.7,53,4,Damaged,15.4,5,Yes,13,Caution
Meat,15.5,50,29,Average,20.1,5.5,No,11,Reject
Meat,33.2,43,24,Damaged,20.2,6,Yes,4,Reject
Grains,21.5,91,35,Good,38.6,5.6,No,12,Reject
Meat,14.5,62,49,Good,39.7,5.2,Yes,19,Caution
Dairy,20.7,43,52,Average,43.2,6.6,No,19,Reject
Grains,17.4,41,30,Damaged,43.7,3.2,No,12,Reject
Dairy,25.3,62,6,Average,76,4.6,No,14,Reject
Meat,15.7,66,55,Average,51.3,4.6,Yes,8,Caution
Grains,0.8,41,42,Good,46.2,6.3,No,1,Safe
Vegetables,19.8,50,29,Good,71.5,5.1,Yes,3,Caution
Vegetables,20.2,83,12,Average,43.1,4.9,Yes,7,Caution
Grains,22.2,78,16,Good,26.6,3.4,No,10,Caution
Dairy,9,70,23,Good,10.2,5.4,No,15,Reject
Dairy,26.7,94,32,Damaged,70.7,3.5,Yes,17,Reject
Meat,27.5,43,45,Good,47.4,7,Yes,2,Caution
Meat,7.5,65,34,Good,15.4,6.3,Yes,11,Caution
Grains,33.3,51,8,Good,60.7,3.9,No,22,Caution
Vegetables,8.1,77,59,Good,20.9,6.9,Yes,11,Caution
Fruits,11,62,28,Average,69.2,4.6,No,5,Reject
Vegetables,20.5,73,56,Good,21.4,6.7,Yes,13,Caution
Meat,7.4,80,37,Good,62.8,6.4,Yes,18,Caution
Grains,10.9,79,29,Average,33,3.4,No,6,Caution
Grains,20.9,53,14,Good,44.1,4.4,No,11,Caution
Grains,31.9,87,46,Good,64.9,6.7,No,16,Reject
Meat,24.6,42,22,Average,24.1,6.9,Yes,10,Caution
Vegetables,18,48,7,Average,71.4,4,No,9,Caution
Meat,32.2,60,23,Average,27.8,3.6,Yes,3,Caution
Meat,21.4,53,28,Average,48.6,7,No,16,Reject
Grains,29.5,85,54,Average,49.5,6.2,No,15,Reject
Dairy,16.9,86,53,Damaged,80.3,6.5,Yes,17,Reject
Dairy,9.4,86,43,Good,69.5,6.3,No,2,Reject
Meat,29.5,43,53,Average,65.7,4.2,Yes,18,Reject
Fruits,15.8,71,59,Good,13.4,5.5,Yes,13,Caution
Fruits,7.9,43,7,Good,60.4,4,Yes,13,Safe
Meat,7.1,49,13,Good,46,5.3,Yes,19,Safe
Dairy,31.8,95,46,Good,54.3,3.7,Yes,1,Caution
Meat,30.8,82,23,Damaged,61.2,4.8,No,4,Reject
Fruits,32.7,77,2,Good,55.2,6.3,Yes,19,Caution
Grains,21.3,76,11,Good,13.6,7.1,No,23,Caution
Meat,3.6,67,54,Average,31.1,5.2,Yes,13,Caution
Fruits,6.8,58,9,Good,79.4,3.3,Yes,24,Safe
Grains,8.2,56,60,Damaged,61.7,5.8,No,2,Caution
Fruits,29.1,90,39,Good,66,4.5,Yes,11,Reject
Grains,22.2,63,48,Good,81.8,6.9,No,23,Caution
Dairy,32.1,89,50,Damaged,47,6.9,Yes,15,Reject
Fruits,32.7,44,28,Good,69.4,5.2,Yes,16,Caution
Grains,34.7,64,36,Good,38.1,5.8,No,21,Caution
Meat,20.4,46,26,Good,52.6,6.9,Yes,17,Caution
Grains,1.7,53,54,Good,83,6.1,No,2,Safe
Fruits,16.7,64,32,Average,89.5,7.1,Yes,6,Caution
Grains,21.3,50,31,Good,89.8,6.5,No,18,Caution
Dairy,28.9,45,47,Average,46.5,3.9,Yes,7,Caution
Meat,27.9,82,59,Good,50.1,6.9,No,5,Reject
Meat,3.2,42,38,Average,59.5,5.7,No,22,Reject
Dairy,30.7,77,59,Average,44.3,6.1,Yes,15,Reject
Meat,29.7,57,28,Good,82.2,4.8,No,6,Reject
Dairy,3.5,61,51,Average,49.7,3.2,No,18,Reject
Vegetables,2,54,37,Good,41.6,4.7,Yes,23,Caution
Fruits,15.8,44,11,Good,41.5,3.6,No,4,Caution
Fruits,2.5,79,31,Damaged,53.2,4,Yes,16,Caution
Fruits,25.7,91,52,Average,66,3.3,No,5,Reject
Vegetables,20.4,92,23,Good,58.7,3.3,Yes,20,Reject
Grains,24.4,60,2,Good,65.6,7.2,No,2,Safe
Fruits,13.3,87,7,Damaged,54.9,4.1,No,15,Reject
Grains,15.6,59,37,Good,19.9,3.9,No,21,Caution
Fruits,6.4,95,56,Good,45.1,4.6,Yes,2,Caution
Fruits,1.1,71,4,Good,62.5,3.4,No,10,Safe
Grains,12.2,54,5,Good,42.7,4,No,10,Safe
Dairy,26.4,80,57,Damaged,59.5,4.6,Yes,3,Reject
Vegetables,14.4,77,30,Damaged,59.1,4.6,Yes,23,Reject
Dairy,11.3,57,14,Average,45,3.8,No,16,Reject
Dairy,2.9,65,18,Average,15.3,5.3,Yes,11,Caution
Grains,11.4,42,25,Good,60.4,3.7,No,6,Caution
Grains,21,87,5,Average,38.3,6.8,No,11,Caution
Meat,5.7,41,58,Good,47.8,6.7,Yes,23,Caution
Vegetables,16.9,86,25,Good,32.2,5.4,No,24,Reject
Dairy,32.5,58,31,Damaged,63.9,4.5,No,17,Reject
Grains,29.3,69,23,Good,22.9,6.5,No,3,Caution
Fruits,33.8,79,27,Average,51.1,3.4,Yes,20,Reject
Grains,35,57,42,Damaged,83.2,3.5,No,17,Reject
Grains,14.5,66,34,Good,20.5,5.7,No,4,Caution
Meat,6,57,47,Good,22.7,5.6,Yes,16,Caution
Vegetables,8.8,93,56,Average,58.8,4.3,Yes,18,Reject
Fruits,23.2,89,42,Average,25.5,3.7,Yes,7,Reject
Dairy,14.8,87,50,Damaged,57.5,3.4,Yes,5,Reject
Dairy,8,85,55,Good,84.1,4.4,No,15,Caution
Meat,1,81,24,Good,89.5,4.8,Yes,11,Caution
Grains,32.1,67,7,Damaged,18.5,3.4,No,19,Caution
Vegetables,10.8,84,49,Good,16.9,6.7,Yes,13,Caution
Dairy,19.6,46,23,Good,83.4,4,Yes,2,Caution
Vegetables,14.9,44,57,Good,69.4,6.2,No,1,Caution
Dairy,32.3,54,21,Good,70.2,6.9,No,13,Reject
Fruits,4,86,37,Good,60.3,5.9,No,17,Reject
Grains,18.6,66,31,Good,27,7,No,24,Caution
Dairy,16.3,52,31,Average,50.7,4.1,Yes,19,Reject
Grains,33.5,91,2,Average,47,3.7,No,4,Caution
Grains,23.4,74,17,Average,62.7,5.9,No,22,Reject
Dairy,11.2,58,57,Damaged,37.8,3.9,Yes,7,Caution
Fruits,2.3,53,32,Damaged,35.1,4.1,Yes,18,Caution
Vegetables,3.1,71,29,Good,81,7,No,23,Caution
Vegetables,8.5,51,17,Good,70.6,7,Yes,5,Caution
Vegetables,30.7,71,52,Good,31.1,3.6,No,22,Reject
Dairy,19.2,83,43,Good,41.9,4.1,Yes,21,Caution
Grains,30.3,93,50,Damaged,65.5,4.6,No,15,Reject
Vegetables,34,85,11,Good,11.5,3.4,Yes,23,Caution
Dairy,15,81,60,Damaged,19.3,6.2,No,16,Reject
Vegetables,3.1,62,24,Good,47.2,3.5,Yes,11,Caution
Grains,23.5,62,40,Good,23.9,3.7,No,2,Caution
Meat,25,93,40,Good,29.4,7.1,Yes,11,Reject
Meat,7.2,93,44,Good,83.8,4,No,9,Caution
Meat,31.3,56,59,Average,59.2,3.3,Yes,6,Caution
Fruits,11.8,60,32,Average,26.3,6.8,Yes,8,Caution
Meat,22.8,60,49,Good,28.4,4.1,Yes,13,Caution
Meat,32.6,57,43,Good,69.8,3.4,No,16,Reject
Vegetables,27.7,70,45,Good,14.4,4.5,No,11,Reject
Dairy,13.2,66,47,Good,80.1,5.7,Yes,16,Caution
Grains,12.7,54,47,Average,48,6.6,No,17,Caution
Meat,2.5,90,42,Good,79.4,7.2,Yes,18,Caution
Vegetables,31.2,46,24,Good,74.5,5.9,Yes,13,Caution
Dairy,14.1,67,51,Good,21.3,6.9,Yes,13,Caution
Dairy,30.8,80,13,Good,31.3,7,No,12,Reject
Dairy,7.8,57,1,Good,46.1,5.1,No,11,Caution
Meat,1.2,72,58,Average,56.9,5.3,No,10,Caution
Meat,5.2,91,7,Damaged,35.3,6.2,Yes,13,Caution
Meat,3.4,54,39,Good,78.9,6.3,Yes,4,Safe
Grains,11,68,18,Good,57.5,7.1,No,24,Caution
Meat,0.3,46,26,Good,50.4,5,Yes,15,Caution
Dairy,33.3,80,37,Good,62,4.5,Yes,22,Caution
Grains,20.6,87,44,Good,60.3,3.4,No,14,Reject
Fruits,5.1,84,13,Good,22.3,5.4,No,6,Caution
Dairy,34.5,85,44,Average,27.7,4.8,Yes,21,Reject
Vegetables,34.7,43,41,Good,58.5,6.1,Yes,24,Caution
Grains,34,73,25,Average,59.2,5.1,No,19,Reject
Grains,32.9,90,56,Good,21.7,5.7,No,17,Reject
Fruits,11.9,53,12,Good,88.6,5.1,No,9,Caution
Grains,22.9,93,8,Average,31.3,4.2,No,16,Reject
Vegetables,5.8,66,29,Good,35.9,4.5,Yes,2,Safe
Vegetables,5.5,92,29,Good,53,5.1,Yes,15,Caution
Dairy,23.7,94,37,Good,44.1,5.1,No,11,Reject
Fruits,22.6,87,48,Good,49.2,3.9,Yes,1,Caution
Meat,24.1,54,15,Good,71.7,3.5,Yes,21,Caution
Dairy,20.9,93,42,Damaged,20.9,4.1,Yes,5,Reject
Fruits,34.8,83,21,Damaged,87.5,5.8,No,17,Reject
Vegetables,22.9,67,38,Average,43.5,6.3,Yes,18,Reject
Meat,31,82,44,Good,43.9,5.7,Yes,24,Caution
Vegetables,22.5,82,10,Good,81.5,3.5,Yes,17,Caution
Fruits,33.8,67,53,Good,41.7,4.1,No,5,Reject
Grains,25.8,80,35,Good,14.6,5.8,No,15,Caution
Grains,2.9,88,52,Good,59.7,6.5,No,23,Caution
Dairy,1.8,44,8,Good,39.3,3.6,Yes,5,Safe
Dairy,7.8,44,36,Good,34.2,5.1,Yes,6,Safe
Grains,19.6,51,51,Good,53.5,4.2,No,11,Caution
Meat,14.1,71,35,Average,73.3,3.5,Yes,19,Caution
Dairy,18.9,80,35,Average,66.8,3.9,Yes,7,Caution
Meat,3.5,69,25,Damaged,84,6.6,Yes,2,Caution
Meat,24.7,65,13,Average,38.5,4.6,Yes,15,Caution
Dairy,28.1,59,26,Good,12,3.3,No,3,Reject
Grains,14.1,76,37,Good,72.4,3.6,No,4,Caution
Meat,6,49,1,Good,23,4.1,Yes,7,Safe
Dairy,27.4,68,49,Good,22.6,5.3,Yes,12,Caution
Vegetables,18,45,50,Good,38.1,3.4,Yes,3,Caution
Grains,23.4,76,12,Average,30.3,3.3,No,11,Caution
Vegetables,17.6,70,41,Good,18.7,6.7,No,14,Reject
Grains,8.3,78,2,Good,10.8,6.2,No,18,Safe
Grains,4.4,42,49,Good,65.9,6.5,No,13,Caution
Meat,33.3,45,4,Good,60.7,5.2,Yes,7,Safe
Fruits,28.5,41,12,Average,24.4,3.7,No,20,Reject
Meat,29.1,92,39,Average,57.8,6.3,No,18,Reject
Grains,17.9,54,26,Good,24.9,4.9,No,10,Caution
Fruits,7.4,73,36,Good,9.3,3.7,Yes,10,Safe
Dairy,6.5,77,53,Damaged,77.2,4.5,Yes,16,Caution
Grains,27.6,53,40,Good,53.3,4.5,No,20,Caution
Vegetables,25.1,81,50,Good,70.1,5.9,No,4,Reject
Grains,16.4,51,18,Average,49.3,4.7,No,21,Reject
Meat,15.6,77,56,Good,55.8,6.5,No,15,Reject
Vegetables,29.3,69,21,Damaged,74.2,6.4,Yes,16,Reject
Dairy,20.2,76,49,Good,51.1,4,No,17,Reject
Vegetables,25.6,45,38,Damaged,76.8,3.9,Yes,11,Reject
Fruits,27.8,60,9,Good,56,5.6,Yes,15,Caution
Dairy,16.9,76,10,Average,9.5,3.6,Yes,20,Caution
Grains,10.2,93,43,Good,76.5,6.8,No,3,Caution
Fruits,25.6,64,31,Damaged,53,6.8,No,10,Reject
Fruits,5.2,90,11,Good,83.1,3.6,No,23,Caution
Dairy,2.1,71,27,Good,27.2,6.2,Yes,13,Caution
Grains,29.9,69,20,Damaged,36.7,6.5,No,21,Reject
Meat,21.5,62,6,Average,35.4,4.8,Yes,18,Caution
Dairy,2.2,50,3,Average,31.3,4.8,No,17,Caution
Meat,11.1,84,56,Good,48,3.6,Yes,24,Caution
Meat,8.6,40,47,Average,51.5,3.6,No,21,Reject
Grains,32,46,40,Damaged,53.3,6.3,No,16,Reject
Meat,10.9,50,32,Good,65.9,5,Yes,10,Caution
Vegetables,23.5,49,51,Average,43.9,6.3,Yes,17,Reject
Dairy,19.1,52,4,Average,89.4,6.1,No,22,Reject
Vegetables,26.7,56,30,Good,28.4,6.9,Yes,12,Caution
Meat,9.9,41,45,Good,11.7,5.3,Yes,16,Caution
Meat,33.6,85,25,Damaged,75.4,6.7,Yes,2,Reject
Vegetables,2.4,92,42,Average,47.9,4.1,Yes,19,Caution
Grains,0.6,43,34,Good,10.5,4.9,No,21,Caution
Fruits,23.8,88,60,Good,47.6,3.6,No,22,Reject
Dairy,11.5,84,23,Good,42.5,5.5,No,9,Caution
Dairy,12.5,63,12,Average,40.7,7,Yes,4,Caution
Vegetables,34.9,65,19,Good,23.7,5.6,Yes,23,Caution
Grains,20.9,90,53,Average,23.1,7,No,8,Reject
Fruits,10.1,79,59,Good,37.7,4.5,Yes,22,Caution
Fruits,33.4,62,41,Good,60.9,5.8,Yes,3,Caution
Vegetables,22.6,51,51,Average,86.8,6.4,No,12,Reject
Fruits,28.2,87,59,Average,45.7,5,Yes,11,Reject
Dairy,23.2,79,55,Good,77.5,5.6,Yes,21,Caution
Dairy,10.2,95,14,Good,56.2,7.2,Yes,18,Caution
Vegetables,21.7,60,2,Good,72.3,4.1,Yes,8,Safe
Meat,12.7,83,33,Good,58.9,6.8,Yes,10,Caution
Dairy,33,52,56,Good,56.6,6.9,No,5,Reject
Vegetables,20.3,54,59,Average,12.5,5.7,Yes,10,Caution
Grains,16.9,65,13,Good,66.8,4.7,No,12,Caution
Meat,30.2,48,42,Average,31.4,5.8,Yes,4,Caution
Vegetables,31.6,73,17,Good,58.4,3.4,Yes,20,Caution
Grains,26,41,20,Good,70.3,5.9,No,8,Caution
Grains,2.8,45,15,Average,86.4,4.2,No,7,Safe
Grains,2.2,48,11,Good,16.3,5,No,13,Safe
Dairy,15.9,77,31,Good,26.1,5.5,No,14,Reject
Meat,34.3,59,59,Good,15.3,3.5,Yes,20,Caution
Meat,14.2,53,55,Average,82.4,5.1,Yes,18,Caution
Vegetables,17.9,59,36,Good,14.5,6.4,Yes,16,Caution
Vegetables,1.5,64,57,Good,59.4,5.5,Yes,7,Safe
Fruits,28.2,71,47,Damaged,33.9,6.4,No,20,Reject
Grains,32.9,67,46,Good,75.2,5,No,8,Caution
Dairy,31.7,76,3,Good,40.1,5.1,No,24,Caution
Grains,20.3,47,11,Average,29.5,6.6,No,21,Caution
Dairy,8.4,60,7,Average,57.5,5.5,No,3,Caution
Vegetables,1.3,80,13,Average,67.9,4.6,No,13,Caution
Fruits,23.2,52,11,Good,89.6,5.8,Yes,21,Caution
Grains,26.6,55,31,Good,84.2,4.2,No,3,Caution
Dairy,30.5,82,26,Good,39.2,5.6,Yes,5,Caution
Grains,14.6,82,19,Good,63.1,4.3,No,22,Caution
Grains,24.6,92,29,Average,13.5,4.4,No,13,Reject
Grains,0.2,91,49,Good,14.3,4.9,No,14,Caution
Vegetables,26,90,43,Good,81.2,6.5,No,8,Reject
Grains,23.7,68,60,Good,86.9,4.5,No,15,Caution
Vegetables,6.9,58,50,Good,24.1,6.3,Yes,4,Safe
Fruits,1.6,43,43,Damaged,47.3,6,Yes,3,Caution
Fruits,1.9,57,9,Average,79.6,3.4,Yes,20,Caution
Vegetables,20.5,46,60,Good,77.4,5.8,No,7,Reject
Vegetables,5.7,63,33,Average,89.2,3.7,Yes,6,Caution
Fruits,14.1,60,17,Good,46.1,6.1,Yes,1,Caution
Fruits,19.4,94,37,Damaged,69.2,5,Yes,16,Reject
Grains,31,81,46,Average,85.5,5.6,No,12,Reject
Vegetables,20.9,77,22,Good,83.7,5.5,Yes,5,Caution
Grains,32,55,33,Damaged,47.7,6.8,No,11,Reject
Vegetables,34.9,48,7,Good,25.9,3.3,No,8,Caution
Vegetables,8.9,92,26,Good,12.9,3.5,Yes,23,Caution
Dairy,14.1,80,40,Average,51.1,4.7,No,15,Reject
Meat,32,47,28,Average,49.4,4.9,Yes,5,Caution
Grains,30.6,88,5,Good,17,4.7,No,9,Caution
Grains,1.2,53,7,Average,22.3,5.8,No,20,Safe
Dairy,26.1,43,44,Average,77.4,4.3,Yes,15,Reject
Fruits,8.7,54,23,Good,36.3,6.3,Yes,2,Caution
Fruits,22.9,69,45,Good,87.4,6,Yes,16,Caution
Meat,26.4,83,8,Damaged,56.4,6.4,Yes,2,Caution
Vegetables,27.4,63,54,Damaged,34.4,6.1,No,17,Reject
Meat,24.3,70,38,Good,76.8,6.3,No,22,Reject
Meat,13.8,80,55,Good,11.2,5.6,Yes,9,Caution
Vegetables,17.6,86,24,Good,40.6,5.5,Yes,7,Caution
Meat,15.1,58,60,Good,63.8,7.1,Yes,9,Caution
Grains,27.7,87,16,Good,85.4,5.1,No,16,Reject
Dairy,22.2,71,4,Good,10.7,4.3,Yes,7,Safe
Meat,34.6,62,53,Good,83.5,7.1,No,6,Reject
Dairy,17.5,57,27,Good,9.6,3.6,Yes,21,Caution
Fruits,13.1,70,55,Average,39,4.4,Yes,8,Caution
Dairy,32,41,26,Good,30.9,6.4,Yes,12,Caution
Grains,22,74,23,Good,73.5,3.6,No,5,Caution
Vegetables,2.5,60,19,Good,73.3,5.7,Yes,16,Caution
Vegetables,5.4,73,32,Damaged,78.9,4,No,12,Reject
Meat,20.3,95,18,Good,73.8,6.1,No,1,Reject
Vegetables,28.4,93,40,Good,11.2,5.2,Yes,7,Caution
Grains,11.4,53,46,Good,63.8,6,No,11,Caution
Dairy,19.2,78,25,Good,14.8,3.6,Yes,9,Caution
Vegetables,19.6,42,44,Damaged,81.4,7,Yes,4,Reject
Fruits,3.9,44,29,Damaged,48.3,4.8,Yes,12,Caution
Dairy,21.2,51,23,Good,72.3,7,Yes,22,Caution
Vegetables,21.7,93,52,Good,10,5.6,No,19,Reject
Grains,22.7,45,28,Average,55.3,4.9,No,21,Reject
Grains,13.4,88,26,Average,70.6,6.1,No,6,Caution
Fruits,3.9,89,47,Damaged,20.1,3.7,No,2,Reject
Vegetables,13.1,92,39,Damaged,9.8,6.6,Yes,24,Reject
Fruits,31.2,66,37,Good,41.3,3.6,Yes,13,Caution
Dairy,8.5,59,20,Good,87.9,3.7,Yes,11,Caution
Dairy,22.5,73,38,Damaged,9.3,5.2,No,11,Reject
Vegetables,22.9,90,58,Average,63,5.6,Yes,11,Reject
Vegetables,3.1,88,47,Average,18,3.7,Yes,20,Caution
Fruits,33.2,72,12,Good,43.1,6.5,Yes,3,Caution
Dairy,20.1,81,12,Good,37.6,6.3,Yes,17,Caution
Dairy,4.5,85,6,Average,44.7,6,Yes,1,Safe
Grains,2.6,46,53,Damaged,25.4,5.7,No,14,Caution
Meat,17.6,81,24,Good,46.1,6.4,No,15,Reject
Dairy,30,64,16,Good,63.1,4.9,Yes,12,Caution
Grains,4,89,38,Good,76.9,4.5,No,1,Caution
Vegetables,5.6,82,23,Good,46.1,4.9,No,21,Caution
Meat,20.4,72,37,Average,71.2,5.5,Yes,21,Reject
Meat,12.2,45,22,Good,47.4,3.5,Yes,8,Caution
Meat,21.4,41,1,Good,88.7,4,Yes,24,Caution
Grains,1.1,59,32,Good,68.9,4.9,No,10,Safe
Dairy,19.7,79,52,Good,58.7,6.8,Yes,1,Caution
Meat,3.5,81,38,Damaged,69.1,3.9,No,14,Reject
Meat,27.6,41,18,Good,39.5,3.2,Yes,21,Caution
Vegetables,18.7,46,46,Average,13.4,5.2,Yes,4,Caution
Fruits,16.2,72,6,Good,66.6,6.5,No,22,Caution
Meat,14.4,85,4,Good,12.6,3.6,Yes,6,Safe
Vegetables,5.3,95,51,Good,66.9,6.9,Yes,12,Caution
Grains,15.9,67,15,Good,43.3,5.4,No,11,Caution
Grains,33.5,44,42,Good,74,5.7,No,14,Caution
Meat,2.9,58,53,Damaged,35.7,3.2,No,23,Reject
Fruits,18.6,78,15,Good,80.4,4,No,6,Caution
Meat,2,78,31,Average,17.2,6.2,No,14,Reject
Meat,17.4,61,43,Damaged,77.9,6.6,Yes,11,Reject
Grains,28,85,33,Good,24,6.9,No,13,Caution
Vegetables,26.2,74,17,Good,83.1,5.5,No,3,Reject
Meat,32,46,56,Good,28.8,6.4,Yes,12,Caution
Vegetables,2,75,9,Good,19.1,6.8,Yes,19,Safe
Dairy,8.6,60,32,Good,52.5,3.4,Yes,22,Caution
Meat,33.9,95,44,Good,76.7,4.7,No,1,Reject
Dairy,13.5,73,45,Good,35.7,3.5,Yes,6,Caution
Meat,11.5,67,7,Good,44.7,3.3,Yes,10,Safe
Meat,20,88,47,Good,35.5,3.6,Yes,20,Reject
Fruits,28.7,87,28,Good,29.2,5.9,Yes,19,Reject
Grains,0.8,70,33,Good,51.7,4.3,No,18,Caution
Fruits,18.4,87,19,Good,69.9,5.2,Yes,19,Reject
Fruits,34.1,69,19,Good,11.1,4,No,7,Reject
Meat,21.8,42,24,Good,35.4,3.4,Yes,5,Caution
Fruits,1.3,81,49,Good,55.9,3.5,No,23,Caution
Grains,2.9,94,25,Average,54.1,4.5,No,16,Caution
Meat,16.6,90,38,Good,8.9,4.6,Yes,14,Reject
Dairy,13.9,52,7,Good,88.2,3.3,Yes,6,Safe
Fruits,4.2,66,3,Average,32.3,3.7,Yes,1,Safe
Vegetables,33.7,95,49,Average,58.8,6.3,Yes,23,Reject
Grains,22.8,94,18,Good,21.1,3.7,No,23,Reject
Meat,13.8,58,52,Good,48.6,5.7,No,11,Reject
Dairy,15.8,78,1,Good,87.7,3.3,Yes,16,Caution
Grains,0.1,79,22,Good,63,5.3,No,19,Caution
Vegetables,3.6,71,9,Average,62,3.5,No,19,Caution
Grains,15.9,67,37,Good,63,4.8,No,1,Caution
Meat,9.8,78,47,Average,80.7,5.1,Yes,5,Caution
Grains,22.7,75,39,Good,58.8,6.4,No,7,Caution
Grains,9.8,46,35,Good,65.4,4.3,No,3,Caution
Grains,3,90,52,Good,68.4,4.7,No,10,Caution
Dairy,30.5,77,35,Good,35.8,4.4,Yes,3,Caution
Fruits,27.7,81,55,Average,18.9,4.6,Yes,2,Caution
Meat,13.9,74,58,Damaged,9.3,3.3,No,6,Reject
Vegetables,28.2,75,34,Good,13.7,3.9,Yes,8,Caution
Meat,21.4,41,50,Good,63.9,5,Yes,2,Caution
Fruits,15.1,65,19,Good,62.9,4.2,Yes,8,Caution
Dairy,30.4,57,34,Good,79.9,5.4,Yes,14,Caution
Fruits,25.4,87,40,Good,35.9,6.3,No,19,Reject
Fruits,18.2,61,42,Good,24.3,4.2,Yes,24,Caution
Grains,1.3,55,2,Average,73.9,5.6,No,8,Safe
Vegetables,25.4,88,3,Damaged,46.3,5.7,Yes,12,Reject
Fruits,4,95,8,Good,85.3,5.5,Yes,1,Safe
Meat,11.4,61,31,Good,48,3.5,No,24,Reject
Meat,29.4,64,32,Damaged,28.3,5.8,Yes,12,Reject
Fruits,21,82,42,Good,86,4.3,Yes,11,Caution
Vegetables,6.6,52,44,Good,74.5,5.5,Yes,23,Caution
Meat,8.2,80,17,Damaged,28.7,4.6,Yes,14,Reject
Dairy,20.2,73,7,Good,33.6,6.4,No,6,Caution
Dairy,6,62,46,Average,71.1,6.2,Yes,17,Caution
Vegetables,21.3,69,33,Good,77.7,6.9,No,12,Reject
Vegetables,30,60,46,Good,59.5,4.5,Yes,3,Caution
Meat,24.8,65,2,Average,24.7,4.3,Yes,12,Caution
Dairy,3.8,92,16,Damaged,30.8,3.9,No,8,Reject
Vegetables,4.1,90,32,Good,80.3,3.3,Yes,23,Caution
Grains,15.4,71,28,Damaged,75.6,5.1,No,22,Reject
Grains,28.7,92,51,Good,54.3,4.9,No,11,Reject
Grains,11.9,61,23,Good,9.1,4,No,6,Caution
Meat,7.6,94,7,Average,59.4,5.2,No,4,Caution
Grains,26.3,77,36,Good,39.3,5.2,No,6,Caution
Grains,30.3,80,16,Good,9.8,3.2,No,19,Caution
Grains,12.2,52,13,Damaged,25.5,5.6,No,19,Caution
Grains,7.5,52,37,Damaged,35,6.2,No,1,Caution
Grains,2.8,88,17,Average,62.8,3.8,No,13,Caution
Dairy,31.3,41,28,Average,11.1,4.9,Yes,10,Caution
Meat,12,53,26,Average,56,6.1,No,22,Reject
Fruits,28.8,85,57,Good,38.1,7,Yes,15,Caution
Fruits,13,83,3,Good,19.1,6.6,Yes,21,Safe
Meat,26.5,40,56,Average,42.3,6.3,Yes,4,Caution
Grains,3.5,66,39,Good,64.1,4,No,6,Safe
Vegetables,29.8,92,37,Damaged,84.4,3.6,No,8,Reject
Fruits,19.6,41,57,Damaged,69.7,7.2,No,9,Reject
Grains,24.5,60,4,Good,38.3,3.4,No,7,Safe
Grains,29.1,85,43,Good,48.4,3.9,No,5,Caution
Dairy,23.7,81,21,Good,66.4,4.1,Yes,23,Caution
Fruits,7.4,52,18,Damaged,69.2,3.9,Yes,10,Caution
Dairy,18.7,64,5,Good,69.8,6.3,No,2,Caution
Dairy,15.5,41,56,Good,32.4,3.9,Yes,1,Caution
Dairy,25.8,85,47,Good,89.4,3.9,Yes,3,Caution
Grains,1.9,61,37,Good,60.3,5.7,No,14,Caution
Dairy,15.6,90,30,Good,65.9,4.9,Yes,10,Caution
Dairy,5.4,63,41,Good,83.8,4,Yes,18,Caution
Vegetables,3.8,82,24,Good,86.6,5.8,Yes,21,Caution
Dairy,9.6,72,48,Good,41.3,3.7,No,3,Caution
Vegetables,26.8,81,23,Good,11.8,4.6,No,19,Reject
Vegetables,10.4,41,4,Good,32.4,4,Yes,22,Safe
Grains,1.2,49,45,Good,31,4.8,No,9,Safe
Fruits,20.9,63,26,Damaged,49.3,3.3,Yes,21,Reject
Vegetables,8.9,42,27,Damaged,88.8,5.7,Yes,6,Caution
Dairy,23.5,69,48,Average,49.9,3.6,Yes,6,Caution
Meat,0.7,43,44,Good,89.7,3.2,No,15,Caution
Vegetables,31.5,69,32,Good,70.2,5,No,22,Reject
Grains,27.4,57,50,Good,35.2,6.3,No,18,Caution
Vegetables,19.9,54,23,Good,83,3.4,Yes,13,Caution
Meat,6.1,68,41,Good,60.5,5.5,Yes,14,Caution
Grains,10.3,41,2,Damaged,38.9,4.8,No,10,Caution
Vegetables,5.2,66,44,Good,71.1,4.4,Yes,2,Safe
Dairy,5.6,61,49,Average,70.8,6.5,Yes,8,Caution
Grains,31.2,68,39,Good,84.8,3.6,No,15,Caution
Dairy,14,55,25,Damaged,29.5,3.6,Yes,4,Caution
Meat,24.6,71,36,Average,47.6,4.9,Yes,1,Caution
Vegetables,3.1,83,11,Average,71.1,6.2,Yes,18,Caution
Dairy,22.2,82,24,Average,33.2,7,Yes,2,Caution
Dairy,32.7,54,1,Good,59.2,6.5,Yes,22,Caution
Grains,19.6,70,20,Damaged,61.9,6.4,No,4,Reject
Grains,32.8,70,42,Good,43.7,3.6,No,23,Caution
Vegetables,16.5,43,57,Good,22.1,6.3,Yes,19,Caution
Dairy,21.6,83,23,Good,46.8,4.4,Yes,18,Caution
Vegetables,5.9,61,18,Average,41.3,4.8,Yes,13,Caution
Dairy,31.8,63,8,Good,35.3,4.8,No,13,Reject
Grains,17.1,75,20,Good,86.3,4.6,No,23,Caution
Fruits,32.1,78,14,Good,15.7,5.3,No,4,Caution
Fruits,26.3,78,28,Good,43.3,5.1,Yes,22,Caution
Dairy,20.6,61,45,Good,27.8,5.1,Yes,14,Caution
Meat,14.9,57,18,Damaged,89.9,4.5,No,11,Reject
Dairy,2.5,64,33,Good,9.2,5,Yes,24,Caution
Vegetables,12.8,91,5,Good,83.8,4.9,Yes,8,Safe
Grains,33.7,75,10,Good,11.1,5.2,No,17,Caution
Vegetables,25.5,45,50,Good,8,6.9,Yes,20,Caution
Grains,21.5,46,33,Good,52.3,5.2,No,18,Caution
Meat,9.4,89,29,Average,18.2,6.4,Yes,1,Caution
Grains,34.8,55,50,Good,19.3,5.1,No,18,Caution
Grains,3.9,64,56,Good,23.8,4.3,No,9,Safe
Fruits,15.4,42,55,Damaged,49.7,4.3,Yes,10,Reject
Fruits,32.5,71,17,Average,20.9,6.1,No,16,Reject
Vegetables,27.5,89,55,Good,13.4,5.8,Yes,8,Caution
Vegetables,23.7,77,43,Good,75.7,5.3,Yes,5,Caution
Dairy,19.2,65,38,Good,48.2,3.3,Yes,1,Caution
Dairy,26.7,58,16,Average,35.6,4.7,Yes,24,Reject
Vegetables,18.2,63,18,Good,83.9,6.8,Yes,5,Caution
Fruits,18.3,79,4,Good,77.5,6.6,Yes,5,Safe
Grains,3.9,41,14,Average,50.9,4.3,No,19,Caution
Grains,15.8,57,29,Good,55.8,5.6,No,11,Caution
Dairy,17.4,47,36,Average,28.4,4,No,24,Reject
Fruits,16.2,61,30,Good,35.7,5.2,Yes,19,Caution
Grains,20.3,55,30,Good,19,3.3,No,16,Caution
Grains,5.9,64,20,Average,80.2,7.1,No,20,Caution
Dairy,33.1,51,38,Damaged,86,6.5,Yes,13,Reject
Meat,19.2,50,33,Average,23.5,6.6,Yes,15,Reject
Fruits,16.3,62,5,Average,50.4,5.7,Yes,19,Caution
Grains,2.9,52,59,Good,61.9,6.9,No,5,Safe
Meat,30.5,93,30,Damaged,70,6.2,Yes,6,Reject
Vegetables,29.9,55,25,Average,21.2,6.7,No,1,Reject
Vegetables,28.8,47,44,Good,89.7,3.2,Yes,1,Caution
Meat,15,67,58,Average,34.5,6,No,2,Reject
Fruits,22.5,90,39,Average,40.9,6.3,No,24,Reject
Fruits,14.9,48,7,Average,80,3.8,Yes,11,Caution
Meat,30.4,94,34,Average,34.6,5.7,Yes,4,Reject
Meat,34.1,58,23,Good,55.3,6,Yes,4,Caution
Grains,7.3,44,5,Good,30.1,3.9,No,21,Safe
Fruits,28.6,68,11,Good,54.6,5.8,Yes,3,Caution
Fruits,29.6,59,16,Average,43.6,6,Yes,4,Caution
Dairy,33.1,84,53,Good,9.7,5.9,No,22,Reject
Grains,27.6,41,55,Average,47.2,5.1,No,20,Reject
Vegetables,23.5,59,58,Damaged,29.6,6.3,No,5,Reject
Vegetables,29.9,47,55,Good,32.9,5.3,Yes,4,Caution
Fruits,25.9,46,25,Damaged,19.2,6.8,Yes,18,Reject
Vegetables,28,43,58,Average,59.5,5.1,No,14,Reject
Dairy,1.1,44,4,Good,76.2,5,No,14,Caution
Meat,25.6,49,36,Good,63.8,5.6,Yes,5,Caution
Dairy,11.1,53,20,Average,59.4,4.5,Yes,22,Caution
Vegetables,11.7,43,53,Good,15.8,6.7,Yes,23,Caution
Meat,24.3,40,9,Good,31.6,6.5,Yes,18,Caution
Vegetables,33.6,71,24,Average,22.3,3.6,Yes,17,Reject
Grains,6.7,60,10,Damaged,30,6,No,18,Caution
Vegetables,5,57,35,Damaged,33.3,5.2,Yes,23,Caution
Fruits,12.5,50,47,Damaged,30.3,4.1,No,11,Reject
Dairy,21.2,48,9,Damaged,12.2,3.3,Yes,18,Reject
Meat,7.2,61,42,Good,85.9,6,Yes,22,Caution
Grains,5.4,87,51,Good,15.2,6.5,No,24,Caution
Dairy,1.8,91,27,Good,76.3,4,Yes,18,Caution
Grains,29.8,76,8,Average,33.2,5.4,No,17,Caution
Meat,33.7,55,8,Good,55.5,7,Yes,15,Caution
Dairy,25.1,67,32,Good,30.7,3.4,No,2,Reject
Meat,14.9,72,42,Damaged,77.7,7.1,Yes,18,Reject
Meat,24.3,83,43,Average,47.6,4.3,Yes,7,Caution
Grains,30.7,71,11,Good,58.5,4.8,No,6,Caution
Fruits,5,42,18,Damaged,24.4,6.4,Yes,10,Caution
Dairy,13.2,81,13,Damaged,38.1,4.1,Yes,3,Caution
Fruits,32.1,69,38,Good,39.5,5.6,Yes,13,Caution
Vegetables,2.3,45,49,Good,71.8,3.8,Yes,7,Safe
Grains,22.3,53,36,Good,22,6.8,No,4,Caution
Fruits,26.9,52,25,Damaged,38.5,6.1,No,3,Reject
Vegetables,6.3,49,11,Good,69,6.2,No,4,Caution
Vegetables,24.5,64,54,Good,71.6,6.8,No,23,Reject
Dairy,27.9,57,56,Damaged,86.6,3.7,Yes,19,Reject
Meat,30.2,93,2,Good,50.9,5.5,No,23,Reject
Meat,9.2,93,29,Average,54.6,4.3,Yes,10,Caution
Meat,1.2,83,11,Average,44.3,5.4,Yes,21,Caution
Dairy,25,77,1,Good,40.7,5.3,No,15,Caution
Grains,0.6,55,59,Average,9.4,5.8,No,21,Caution
Grains,26.7,49,58,Good,34.9,6.1,No,13,Caution
Vegetables,23.6,57,6,Good,57.8,6.7,No,18,Caution
Dairy,27.6,64,31,Good,87.1,4.2,Yes,11,Caution
Vegetables,1.8,45,35,Good,46,5.2,No,13,Caution
Meat,7.7,59,2,Good,33.1,3.9,Yes,8,Safe
Meat,7.2,90,26,Good,36.7,3.8,No,7,Caution
Meat,28.9,90,23,Damaged,26.1,6.9,Yes,23,Reject
Grains,26.4,80,12,Good,72.7,3.5,No,6,Caution
Fruits,30.2,46,60,Good,31.1,6.8,No,9,Reject
Dairy,10.8,57,38,Average,62.2,7.2,Yes,11,Caution
Meat,4.9,65,3,Average,66.6,6.2,Yes,21,Safe
Fruits,31.6,87,34,Average,49.8,5.4,No,15,Reject
Meat,4.5,61,5,Good,71.4,6.3,Yes,13,Safe
Vegetables,32.7,63,30,Damaged,9.9,6.6,Yes,5,Reject
Grains,10.4,50,12,Average,16.4,6.9,No,23,Caution
Fruits,2.4,53,41,Good,16.8,6.5,No,17,Caution
Fruits,2.6,91,48,Average,38.1,3.5,Yes,15,Caution
Dairy,32.1,95,33,Good,19.8,3.9,Yes,1,Caution
Fruits,9.3,59,32,Damaged,32.6,3.8,No,8,Reject
Dairy,20,64,24,Good,15.7,4.1,Yes,10,Caution
Meat,0.3,91,32,Good,12.9,4.5,No,12,Reject
Meat,7,66,52,Good,56.9,6.4,Yes,3,Safe
Vegetables,32.3,66,53,Good,69,3.3,Yes,17,Caution
Vegetables,0.1,53,39,Good,43.9,6.1,No,19,Caution
Meat,30.1,50,5,Good,87.6,4.9,Yes,22,Caution
Dairy,30.2,76,21,Good,73,6.6,No,22,Reject
Meat,15.8,57,32,Good,46.8,5.6,Yes,18,Caution
Dairy,31.9,88,50,Average,66,7,Yes,16,Reject
Grains,10,83,29,Good,19.6,5.8,No,9,Caution
Dairy,32.7,56,13,Average,48.4,6.6,No,8,Reject
Dairy,7.7,69,27,Good,79.2,4.5,Yes,9,Safe
Grains,22.1,92,2,Damaged,49,4.4,No,7,Caution
Meat,26.1,94,60,Good,9.1,7.1,Yes,11,Reject
Fruits,8.6,93,54,Good,20.9,4.3,Yes,15,Caution
Vegetables,26.7,59,8,Good,68.1,4.3,No,8,Caution
Meat,22.1,86,8,Good,15.1,4.3,No,10,Reject
Vegetables,17.5,52,21,Good,10.4,6.3,Yes,4,Caution
Grains,32.4,79,40,Good,78.7,6.6,No,4,Caution
Vegetables,19.6,66,3,Damaged,26.6,5.1,No,12,Reject
Grains,21.6,40,56,Damaged,37.2,5.4,No,4,Reject
Grains,3.6,42,22,Good,42.7,4.7,No,5,Safe
Meat,32,50,59,Good,26.3,5.9,Yes,2,Caution
Grains,5.5,46,36,Good,8.6,5.2,No,21,Caution
Fruits,17.7,65,7,Good,41,4.6,Yes,8,Safe
Meat,17.7,68,38,Good,16.2,5.9,Yes,14,Caution
Vegetables,24,63,45,Good,71.5,5.5,Yes,16,Caution
Fruits,34,64,33,Average,75,5.6,Yes,20,Reject
Grains,25,77,30,Good,49,6.5,No,13,Caution
Dairy,34.2,79,53,Average,72,3.6,Yes,20,Reject
Vegetables,32.1,61,31,Good,44.7,5.2,Yes,18,Caution
Meat,30.5,58,44,Good,25.2,4.4,Yes,2,Caution
Vegetables,16.4,51,57,Damaged,43.3,6.1,Yes,15,Reject
Grains,29.2,70,51,Good,12.6,5.4,No,9,Caution
Grains,18.1,64,47,Average,9.6,6.8,No,22,Reject
Fruits,18.2,53,35,Good,61.6,6.1,Yes,2,Caution
Grains,10.1,57,55,Average,29.1,6.5,No,2,Caution
Dairy,12.4,60,44,Good,34.6,5.4,Yes,7,Caution
Fruits,20.3,53,49,Average,85.5,6.5,Yes,22,Reject
Meat,11.3,55,1,Damaged,37.7,5.4,No,15,Reject
Fruits,8.1,58,50,Good,43.1,6.5,Yes,12,Caution
Grains,21.3,75,57,Average,53.8,6,No,16,Reject
Vegetables,23.9,56,21,Average,68.3,3.7,No,14,Reject
Grains,29.9,93,35,Good,47.4,4.9,No,22,Reject
Meat,18.9,67,25,Good,57.5,5.6,No,24,Reject
Vegetables,28.9,58,11,Good,75.7,6.3,Yes,9,Caution
Dairy,28.2,89,53,Good,61.4,4.2,Yes,10,Caution
Meat,27.9,60,9,Average,65.2,4.4,No,24,Reject
Vegetables,31.1,85,27,Good,68.4,4.5,No,8,Reject
Grains,1.8,50,19,Average,84.7,4.8,No,5,Caution
Dairy,2.6,54,2,Good,11.7,5.7,Yes,20,Safe
Meat,16.1,44,7,Average,60.4,4.6,No,9,Caution
Dairy,26.3,91,60,Average,49.3,5.9,Yes,2,Reject
Dairy,9.6,58,43,Damaged,70.5,6.5,Yes,8,Caution
Fruits,28.9,59,8,Average,15.8,7.2,Yes,12,Caution
Meat,20.8,82,9,Average,59.4,3.5,Yes,4,Caution
Dairy,17,50,53,Good,73.2,5.1,Yes,17,Caution
Dairy,19.3,83,32,Good,88.5,5.5,Yes,13,Caution
Dairy,3.7,66,49,Good,45.6,6.1,Yes,3,Safe
Meat,32.1,42,34,Good,77.5,5.2,No,7,Reject
Meat,19.7,71,5,Good,41.3,6,Yes,2,Safe
Vegetables,25.2,93,49,Damaged,75.6,6.7,Yes,19,Reject
Vegetables,15.3,93,36,Good,74.1,6,Yes,5,Caution
Grains,0.8,83,18,Damaged,44.6,4,No,14,Caution
Meat,10.4,84,54,Damaged,70.6,5.4,Yes,11,Reject
Meat,8,84,48,Good,19.7,5.5,Yes,8,Safe
Dairy,19.5,48,10,Good,18.9,6.8,Yes,4,Caution
Meat,11.8,40,47,Good,22.9,3.3,Yes,19,Caution
Fruits,12.5,75,26,Good,32.9,4.7,Yes,24,Caution
Fruits,9.6,91,54,Damaged,23.1,4.5,Yes,16,Reject
Fruits,13.2,59,46,Good,83.8,6.6,Yes,19,Caution
Grains,21.9,73,39,Good,70.8,4.3,No,22,Caution
Dairy,16.2,88,23,Good,37.6,5.8,Yes,16,Reject
Meat,4.6,57,33,Damaged,20.1,5.5,Yes,3,Caution
Dairy,24.1,89,27,Good,62.8,5.4,No,23,Reject
Grains,28,69,6,Average,90,3.4,No,24,Caution
Fruits,5.1,56,16,Damaged,22.3,5,Yes,21,Caution
Grains,25,45,24,Good,72.4,4.8,No,19,Caution
Fruits,26.3,69,60,Good,24,3.3,Yes,12,Caution
Grains,8.7,47,26,Good,66.8,5,No,23,Caution
Dairy,28.3,52,42,Good,39.9,3.2,Yes,9,Caution
Grains,27,72,52,Good,36,5.6,No,9,Caution
Dairy,14.1,92,46,Damaged,52.8,5.5,Yes,12,Reject
Vegetables,0.3,52,6,Damaged,73.2,6.5,Yes,20,Caution
Dairy,7.8,40,8,Good,78.9,6.8,Yes,5,Safe
Dairy,33.4,53,19,Good,18.8,7.1,Yes,13,Caution
Grains,12.7,47,28,Damaged,67.7,6.6,No,13,Reject
Meat,14.6,89,15,Good,23.3,5.6,No,7,Caution
Vegetables,28.8,50,29,Good,34.3,5.6,Yes,9,Caution
Grains,10,73,18,Good,15.3,5.1,No,10,Caution
Grains,1.6,66,12,Average,35.5,3.5,No,12,Caution
Dairy,4.1,71,40,Good,62,6.3,No,8,Caution
Grains,24,47,22,Damaged,66.9,5.9,No,21,Reject
Fruits,11.5,74,58,Damaged,63.9,6.5,No,20,Reject
Dairy,20.8,71,47,Good,74.2,3.5,Yes,4,Caution
Grains,19.7,77,28,Good,43.7,3.3,No,6,Caution
Vegetables,19.1,41,42,Damaged,80,3.4,Yes,4,Reject
Meat,29.2,95,59,Average,20.5,4,No,11,Reject
Grains,8.5,80,19,Good,48.9,6.4,No,11,Caution
Dairy,17.1,79,45,Good,18.1,6.5,No,3,Reject
Fruits,27.4,64,41,Good,8.5,6,No,18,Reject
Dairy,7.5,95,43,Good,8.2,6.9,No,5,Caution
Grains,14.2,57,5,Good,83.8,5.2,No,13,Safe
Fruits,17.9,59,53,Average,82.5,4.4,No,13,Reject
Fruits,2,95,13,Good,75.4,5.5,Yes,3,Safe
Grains,28.5,88,50,Average,67.9,6.8,No,9,Reject
Vegetables,5.7,72,1,Good,13.9,4,Yes,15,Safe
Dairy,32.4,69,33,Good,20.7,4,No,1,Reject
Dairy,5.4,60,9,Average,10.4,6.2,Yes,8,Safe
Grains,16.9,43,39,Good,9.2,5.2,No,12,Caution
Vegetables,30.8,64,34,Good,75.7,7,No,23,Reject
Grains,4.6,58,12,Damaged,34.6,6,No,14,Caution
Grains,3.4,76,59,Damaged,27.8,6.2,No,4,Caution
Grains,14.7,64,36,Average,12,4.1,No,5,Caution
Fruits,29.1,76,9,Good,55.2,6.7,Yes,4,Caution
Meat,32.8,93,16,Good,85.7,5.5,Yes,2,Caution
Vegetables,29.6,46,10,Good,77.3,4.2,Yes,4,Caution
Meat,22.6,49,47,Good,27.3,6.6,Yes,1,Caution
Vegetables,31,42,56,Average,31.6,4.9,No,3,Reject
Dairy,33.7,78,24,Good,85.4,7.1,Yes,6,Caution
Meat,6.9,40,44,Damaged,31.9,3.6,Yes,4,Caution
Meat,27,68,42,Good,78,4.2,No,22,Reject
Grains,3.5,74,56,Good,17.7,5.8,No,14,Caution
Fruits,19,56,8,Average,18.9,5.2,Yes,5,Caution
Fruits,34.7,70,9,Average,26.8,4.9,Yes,5,Caution
Grains,34.8,50,23,Good,46.7,4,No,20,Caution
Vegetables,9.5,49,56,Good,57.7,5.5,Yes,3,Caution
Vegetables,28.3,64,17,Average,67.7,4.6,Yes,3,Caution
Meat,19,42,14,Damaged,78.1,6.7,Yes,18,Reject
Grains,7,55,50,Average,13.5,6.6,No,24,Caution
Dairy,12.5,58,16,Damaged,36.9,6.9,Yes,10,Caution
Dairy,0.1,63,7,Good,42.3,4.1,No,7,Safe
Fruits,9.8,53,18,Average,23.1,5.6,Yes,15,Caution
Dairy,23.1,67,50,Average,72.1,6.4,No,2,Reject
Fruits,4.4,95,31,Average,41.2,6.8,Yes,4,Caution
Dairy,6.7,67,53,Good,58.9,4.7,Yes,3,Safe
Vegetables,9.2,57,18,Good,34.2,7.2,No,18,Reject
Grains,7.9,89,36,Good,11.8,7,No,4,Caution
Meat,25.9,90,15,Good,8.6,3.9,No,11,Reject
Meat,25.3,50,31,Good,43.9,4.1,No,9,Reject
Fruits,2,48,40,Good,30.8,5.5,No,21,Caution
Dairy,10.8,87,37,Damaged,34.7,3.3,Yes,16,Reject
Dairy,33.8,46,45,Good,72.9,6.9,No,13,Reject
Meat,10.6,69,10,Average,26,6.4,Yes,16,Caution
Vegetables,1.9,64,26,Good,83.7,5.3,Yes,6,Safe
Dairy,19.4,88,10,Good,47.5,4.1,Yes,18,Caution
Meat,8.5,71,35,Average,58.1,6.3,No,8,Reject
Vegetables,20,44,15,Good,68.7,4.6,No,16,Reject
Dairy,4.4,94,26,Average,83.8,3.6,Yes,6,Caution
Vegetables,34.8,59,47,Good,41.9,4,Yes,24,Caution
Fruits,29.3,68,57,Good,17.3,6,Yes,24,Caution
Meat,32.6,68,60,Good,49.5,4.2,Yes,16,Caution
Grains,13.6,51,38,Good,35.3,6.4,No,18,Caution
Vegetables,34.2,62,32,Good,60.9,3.5,No,14,Reject
Dairy,12.8,90,58,Good,37.9,4.5,No,5,Reject
Grains,2,47,46,Good,67,6.4,No,22,Caution
Grains,12.9,71,43,Good,24.6,6.1,No,23,Caution
Fruits,9.7,61,33,Good,86.4,6.3,Yes,7,Caution
Meat,9,43,20,Good,62,3.8,Yes,18,Caution
Grains,30.5,94,60,Average,69.5,6.3,No,10,Reject
Dairy,7.4,71,52,Good,68.1,6.5,No,19,Caution
Meat,5.1,86,9,Damaged,15.2,3.5,No,15,Reject
Fruits,7.6,78,20,Good,74.4,4.3,No,14,Caution
Vegetables,0.5,65,41,Average,88.7,7,No,10,Caution
Dairy,11.2,53,4,Damaged,59.6,5.2,Yes,6,Caution
Dairy,7.6,42,25,Good,43.7,3.9,Yes,17,Caution
Grains,8.9,63,60,Average,12.6,4.7,No,6,Caution
Meat,33.2,40,27,Average,31.5,4.3,No,11,Reject
Fruits,4.6,68,16,Good,77.3,5.6,Yes,5,Safe
Meat,24.5,87,7,Good,35.6,3.5,Yes,23,Caution
Vegetables,25.9,64,24,Good,49.7,4.8,Yes,3,Caution
Vegetables,6.8,93,5,Good,34,5.6,Yes,16,Safe
Meat,26.6,53,29,Damaged,86.7,6.5,Yes,2,Reject
Vegetables,33.6,43,38,Good,45.7,5,Yes,17,Caution
Dairy,11,88,23,Average,86,3.8,Yes,22,Reject
Vegetables,9.5,84,36,Damaged,23.9,6.3,Yes,5,Caution
Grains,5.9,51,3,Damaged,59.1,5.3,No,21,Caution
Meat,15,59,34,Good,65.1,6.5,Yes,22,Caution
Meat,33.8,62,53,Good,65.4,5.9,Yes,8,Caution
Grains,21.1,65,51,Good,34.5,4.2,No,1,Caution
Meat,0.8,94,5,Good,17.7,4.4,Yes,11,Safe
Meat,13.5,70,19,Good,13.4,3.4,Yes,12,Caution
Meat,17.4,60,48,Damaged,32.7,5.9,Yes,11,Reject
Dairy,7.8,80,57,Good,87.4,4.7,Yes,3,Safe
Dairy,8.8,49,56,Average,79,5.6,Yes,21,Caution
Fruits,32.1,65,5,Damaged,68.1,6,Yes,5,Caution
Vegetables,10.4,53,21,Average,80.5,4.5,Yes,7,Caution
Vegetables,14,58,1,Average,33.7,3.4,No,21,Caution
Grains,10.5,46,17,Average,73.7,3.6,No,1,Caution
Meat,1.1,89,26,Good,47.7,5.2,Yes,24,Caution
Fruits,26.8,53,18,Damaged,79,4.6,No,9,Reject
Fruits,34.2,57,9,Good,15.3,5.3,Yes,9,Caution
Vegetables,11.2,40,18,Good,41.2,3.2,Yes,23,Caution
Fruits,21.7,79,29,Good,85.2,5.2,Yes,23,Caution
Fruits,7,57,39,Good,10.9,4.3,Yes,10,Safe
Vegetables,29.7,85,24,Good,21.3,3.7,No,18,Reject
Fruits,27.6,55,46,Damaged,25.1,3.2,Yes,18,Reject
Grains,6.2,44,27,Good,8.5,3.3,No,21,Caution
Vegetables,8.1,83,35,Damaged,8.1,4.9,Yes,15,Reject
Grains,30.5,51,30,Good,25.3,4.2,No,9,Caution
Meat,10.1,84,5,Good,43.2,6,Yes,12,Safe
Fruits,13.6,71,50,Average,22.7,5.6,Yes,23,Caution
Meat,1.7,74,20,Average,79.6,3.7,Yes,15,Caution
Dairy,5.2,44,32,Average,78.5,5.9,Yes,8,Caution
Grains,6.6,68,27,Good,50.3,6.1,No,2,Safe
Grains,0.3,55,38,Good,54.3,7.1,No,4,Safe
Grains,30.8,49,5,Average,9,7.1,No,17,Caution
Grains,1.7,94,58,Good,24.9,6.2,No,1,Caution
Dairy,2.3,73,29,Good,34.8,5.4,Yes,6,Safe
Dairy,0.8,65,19,Damaged,79.1,5.7,No,17,Reject
Fruits,16.5,46,22,Good,40.6,6,Yes,23,Caution
Meat,7.4,69,45,Average,26.3,4.3,Yes,14,Caution
Meat,33,50,44,Good,9.9,4.7,Yes,7,Caution
Meat,21.5,62,50,Average,36.2,6.6,No,10,Reject
Meat,27,67,28,Good,8.9,4.9,Yes,1,Caution
Grains,28.4,45,35,Average,44.7,4.3,No,10,Caution
Meat,18.8,62,54,Good,22.2,5.3,Yes,24,Caution
Grains,25.4,92,6,Good,79.9,5.7,No,16,Caution
Meat,32,67,29,Good,34.8,4.3,Yes,1,Caution
Dairy,10.5,43,36,Damaged,44,3.5,Yes,6,Caution
Fruits,15.6,69,21,Good,26.7,5.6,No,24,Reject
Dairy,29.9,85,10,Average,38,6.2,No,2,Reject
Meat,5.4,84,11,Good,35,5.5,Yes,9,Safe
Fruits,18.2,44,2,Damaged,18.7,6,No,17,Reject
Dairy,30.3,59,22,Good,13.3,7.2,Yes,9,Caution
Meat,13.2,40,41,Good,39.8,5.4,Yes,1,Caution
Fruits,19.4,88,43,Good,18.4,7.1,Yes,8,Caution
Grains,28,79,48,Good,30.9,7.1,No,4,Caution
Meat,26.3,64,13,Good,33.7,6.8,No,24,Reject
Fruits,33,43,25,Good,52,4.1,No,8,Reject
Fruits,25.2,66,10,Good,72.3,7,Yes,19,Caution
Grains,3.1,42,14,Good,50.6,4.3,No,15,Safe
Dairy,16.4,44,13,Average,47,6.3,Yes,3,Caution
Dairy,4.9,51,58,Average,57.3,4.3,Yes,20,Caution
Vegetables,28.5,63,41,Good,76.4,7,No,15,Reject
Vegetables,17.2,95,32,Damaged,30.9,6.6,Yes,16,Reject
Fruits,14.5,79,10,Good,58,4.9,No,17,Caution
Grains,6.1,54,60,Damaged,82.8,4.8,No,13,Caution
Dairy,10.7,91,4,Good,88.1,5.4,No,9,Caution
Meat,14.8,71,6,Good,67.2,6.1,Yes,19,Safe
Dairy,14.5,61,17,Average,39.4,5.9,Yes,23,Caution
Grains,15.7,88,10,Damaged,58.1,3.4,No,1,Reject
Grains,17.3,85,3,Damaged,14.7,7.1,No,9,Caution
Vegetables,25.3,45,2,Good,17.5,3.7,No,21,Caution
Meat,0.3,72,9,Good,69.7,6.7,Yes,12,Safe
Fruits,1.2,70,33,Good,21.3,5,Yes,7,Safe
Meat,9.2,92,15,Average,75.5,6.4,Yes,10,Caution
Vegetables,8.4,85,52,Good,48,4.7,Yes,13,Caution
Fruits,34.3,45,51,Damaged,19.7,5.3,Yes,11,Reject
Vegetables,20.2,55,2,Good,79.2,4.6,Yes,16,Caution
Fruits,18.5,95,28,Damaged,78.7,7,Yes,7,Reject
Meat,24,93,23,Damaged,24.7,4.1,No,23,Reject
Grains,21.9,76,8,Good,35.8,3.5,No,7,Caution
Vegetables,3.1,48,54,Good,48.6,4.2,No,18,Caution
Dairy,24.5,64,7,Good,25.7,7.1,Yes,3,Safe
Fruits,8.7,82,34,Good,42.5,4.7,Yes,7,Caution
Vegetables,13,72,53,Good,65.2,6,No,19,Reject
Fruits,16.8,55,32,Good,37.2,4.1,Yes,10,Caution
Grains,28.3,86,47,Good,46.9,5.1,No,6,Caution
Grains,3.4,40,13,Good,84.7,4.1,No,8,Safe
Meat,2.5,84,2,Good,70.3,3.5,Yes,21,Safe
Grains,18,65,27,Average,75.2,6.8,No,21,Reject
Fruits,16.6,72,4,Average,74.3,4.4,Yes,19,Caution
Fruits,10.4,87,45,Damaged,75.3,4.8,Yes,10,Reject
Fruits,21.2,49,21,Good,19.4,6.1,No,10,Reject
Fruits,19.1,41,54,Good,25.8,5.4,Yes,16,Caution
Grains,6.7,87,36,Good,25.4,4.9,No,16,Caution
Dairy,11.2,70,7,Average,37.2,4.1,Yes,2,Safe
Grains,13.2,68,53,Good,57.6,5,No,12,Caution
Meat,12.7,74,35,Damaged,75.9,6.8,Yes,8,Caution
Dairy,8,95,58,Good,19.5,5.3,No,12,Reject
Vegetables,12.9,63,2,Good,84.7,4.1,Yes,9,Safe
Vegetables,7.7,40,9,Good,61.9,6,No,21,Caution
Vegetables,31.3,60,27,Good,49.7,4.6,Yes,24,Caution
Grains,28.9,48,40,Good,9.7,3.9,No,8,Caution
Dairy,17.6,43,38,Good,52.3,4.5,Yes,19,Caution
Meat,27.9,63,17,Average,70.9,4.5,Yes,3,Caution
Vegetables,24,77,27,Good,87.5,4.2,Yes,12,Caution
Dairy,4.4,52,14,Damaged,57.7,3.3,Yes,3,Caution
Fruits,30.9,52,52,Good,34.9,5.8,Yes,18,Caution
Dairy,21.8,44,29,Good,22.9,5.4,No,24,Reject
Grains,11.3,59,12,Good,45,6.4,No,20,Caution
Fruits,6.9,57,5,Good,8,6.9,Yes,1,Safe
Grains,11.2,59,34,Good,83.9,4.8,No,6,Caution
Vegetables,5.9,94,13,Good,65.2,6.7,Yes,24,Caution
Vegetables,13.8,88,56,Damaged,66.3,6.1,No,11,Reject
Meat,7.4,65,16,Damaged,72.9,5.7,Yes,18,Caution
Vegetables,22.9,56,31,Average,49.9,3.7,Yes,5,Caution
Meat,25.7,79,32,Good,18.1,6.7,Yes,5,Caution
Meat,34.4,69,46,Good,58.9,6.6,Yes,22,Caution
Fruits,31,81,52,Good,71.3,7.1,Yes,12,Caution
Fruits,22.5,72,34,Good,15.6,3.7,Yes,9,Caution
Meat,27.8,91,13,Good,52.6,4.3,Yes,4,Caution
Grains,12.6,80,35,Good,29.4,4,No,19,Caution
Grains,24.3,77,26,Damaged,89.7,6.4,No,15,Reject
Meat,33.6,51,35,Damaged,88.8,4.3,Yes,24,Reject
Vegetables,16.2,51,4,Average,85.5,7,Yes,19,Caution
Fruits,28,86,11,Good,40.3,4.2,No,12,Reject
Grains,20.8,90,11,Good,15.4,6.5,No,10,Caution
Vegetables,17.4,78,37,Good,67.9,4.1,Yes,3,Caution
Meat,15.7,87,59,Average,21.6,3.7,No,19,Reject
Vegetables,14.9,84,12,Good,59.1,4.7,Yes,18,Caution
Grains,7.4,82,29,Average,46.3,6.5,No,11,Caution
Fruits,9.6,78,52,Good,26.3,3.2,Yes,11,Caution
Fruits,3.2,66,57,Good,33.7,5.5,No,18,Caution
Dairy,28,76,8,Average,68.4,6.9,Yes,21,Caution
Dairy,10.1,46,7,Average,72.1,3.4,No,5,Caution
Meat,9.7,54,56,Good,65.6,4.5,Yes,9,Caution
Meat,15.6,84,38,Good,13.8,4.8,No,1,Reject
Fruits,1.9,50,35,Good,69,4.4,Yes,17,Caution
Dairy,6.5,66,35,Good,21.5,6,Yes,24,Caution
Vegetables,30.2,76,47,Good,76.7,4,Yes,20,Caution
Dairy,21.6,78,36,Good,74.7,5.8,Yes,16,Caution
Grains,8.2,84,39,Average,83.5,6.2,No,15,Caution
Meat,20.7,74,21,Good,9.2,6.2,No,5,Reject
Dairy,27.2,65,52,Good,33.7,5.9,No,5,Reject
Dairy,8.3,74,25,Good,12.5,3.9,Yes,17,Caution
Dairy,3.3,50,48,Good,46.3,3.4,Yes,21,Caution
Grains,21.1,69,26,Good,58.8,5.4,No,14,Caution
Meat,18,92,39,Good,62.8,7.1,Yes,21,Reject
Grains,31.4,69,11,Average,30.2,3.9,No,21,Caution
Vegetables,14.1,55,55,Damaged,28.9,3.5,No,5,Reject
Grains,5.3,81,14,Good,41.1,4.2,No,7,Safe
Meat,27.5,78,38,Good,39.5,6,Yes,9,Caution
Meat,18.4,75,5,Average,36.1,5.3,Yes,1,Caution
Meat,13.4,54,42,Damaged,60.4,5.1,Yes,24,Reject
Dairy,9.6,95,20,Good,78.5,5.8,No,4,Reject
Fruits,20,78,27,Good,19.6,3.8,Yes,4,Caution
Meat,25.4,94,55,Average,87,3.2,Yes,16,Reject
Grains,27.6,70,53,Good,8.6,3.3,No,13,Caution
Dairy,28.8,59,9,Good,89,6,Yes,23,Caution
Dairy,29.7,40,34,Good,24.1,5.6,Yes,24,Caution
Vegetables,31.2,63,20,Good,56.2,3.6,Yes,9,Caution
Fruits,21.4,59,27,Average,73.4,6.7,Yes,11,Reject
Vegetables,17,94,55,Good,12,6.3,No,1,Reject
Vegetables,2,45,12,Damaged,45.3,3.7,Yes,2,Caution
Meat,12.6,79,55,Good,17.6,6.2,No,4,Caution
Vegetables,6.2,86,50,Good,67.2,4.4,Yes,3,Caution
Vegetables,31.8,43,8,Good,13.3,6.3,Yes,5,Caution
Dairy,14.1,75,50,Average,10.1,4.9,No,22,Reject
Fruits,7.9,56,26,Good,31.3,5.5,Yes,1,Safe
Fruits,9.3,74,34,Good,26,4.6,No,5,Caution
Fruits,18.7,79,35,Average,22.4,6.6,Yes,4,Caution
Dairy,24.2,79,6,Good,37.5,6.3,No,8,Caution
Meat,4.4,79,13,Damaged,43,5.8,Yes,14,Caution
Fruits,28.6,62,18,Good,51.5,5.2,Yes,14,Caution
Vegetables,31.1,91,46,Good,78,5.6,Yes,10,Caution
Dairy,7.2,71,4,Average,70.9,5.1,Yes,23,Safe
Fruits,31.2,42,1,Good,60.1,5.9,Yes,10,Safe
Meat,29.3,72,56,Damaged,18.7,7.2,Yes,2,Reject
Dairy,3.5,83,20,Average,25.4,3.6,No,21,Reject
Fruits,31.6,47,5,Good,16.7,5.1,Yes,10,Safe
Grains,17.4,60,15,Damaged,63,4.7,No,4,Caution
Meat,4.4,60,18,Good,81.4,4.9,No,3,Caution
Fruits,16.7,76,9,Damaged,38.4,3.4,Yes,12,Reject
Fruits,29.2,51,41,Good,9.2,4.6,Yes,23,Caution
Meat,21.9,87,12,Good,75.1,3.8,No,14,Reject
Vegetables,19.2,84,20,Good,83.4,3.9,Yes,20,Caution
Vegetables,26,85,32,Good,65.4,4.5,Yes,18,Caution
Fruits,21.3,66,35,Good,57.1,6.1,Yes,7,Caution
Grains,23.6,50,50,Average,27.8,4.3,No,24,Reject
Dairy,4.3,63,26,Good,84.6,5.4,Yes,11,Caution
Fruits,2.7,53,32,Average,65.6,4,Yes,19,Caution
Fruits,2.7,69,38,Good,43.2,3.8,Yes,10,Safe
Grains,16.6,68,43,Average,86.6,3.3,No,5,Caution
Grains,26.4,91,25,Damaged,72.8,6.6,No,19,Reject
Vegetables,24,57,42,Good,39.1,6.2,No,3,Reject
Dairy,25,61,26,Damaged,44.5,3.6,Yes,24,Reject
Vegetables,11.9,88,7,Average,56.8,5.1,Yes,17,Caution
Meat,34.5,41,15,Good,16.3,6.1,No,15,Reject
Grains,26.6,83,3,Good,84.7,5.6,No,5,Safe
Dairy,13.5,51,13,Average,19.7,3.7,No,18,Reject
Meat,19.8,45,60,Good,34.9,5.7,Yes,11,Caution
Vegetables,9,52,19,Average,60.3,3.9,Yes,24,Caution
Fruits,19.1,68,48,Good,62.5,6.6,Yes,13,Caution
Grains,7.7,65,26,Good,80.1,6.3,No,19,Caution
Grains,15.9,69,36,Good,72.8,4.9,No,24,Caution
Meat,1.8,70,32,Good,53.6,4.1,Yes,22,Caution
Grains,33,51,18,Damaged,39.9,6.8,No,24,Reject
Meat,7.8,62,28,Good,36.3,5.1,Yes,2,Safe
Meat,0.9,86,44,Good,42.5,6.1,No,12,Reject
Fruits,28.5,51,21,Average,24.2,6.2,Yes,19,Reject
Fruits,19.9,58,41,Good,79.9,6.5,No,14,Reject
Dairy,15.7,95,48,Good,32.5,6.6,Yes,1,Caution
Fruits,30.4,74,14,Damaged,69.6,6.3,Yes,1,Caution
Vegetables,34.4,77,56,Good,18.7,4.8,Yes,7,Caution
Dairy,19.3,92,23,Damaged,41.1,5.2,Yes,12,Reject
Vegetables,16.2,64,27,Average,71.6,6.9,Yes,21,Reject
Grains,31.2,89,33,Good,25.8,4.3,No,17,Reject
Grains,27,63,41,Good,40.7,3.5,No,16,Caution
Meat,25.5,87,2,Good,71.2,5.4,Yes,18,Caution
Grains,11.8,73,38,Good,23.3,3.6,No,14,Caution
Grains,8.9,65,56,Average,88.1,6.5,No,1,Caution
Vegetables,33.2,52,11,Average,67.4,5.5,No,5,Reject
Fruits,8.8,58,35,Average,86.7,5.9,Yes,4,Caution
Fruits,21.3,86,32,Good,64.4,6.7,Yes,19,Reject
Meat,22.4,57,16,Good,75.2,5.7,Yes,2,Caution
Fruits,4.9,48,45,Average,61.1,3.7,Yes,23,Caution
Grains,19.4,62,45,Good,44.4,4.7,No,14,Caution
Grains,1.5,57,47,Good,47,5.3,No,3,Safe
Fruits,8.5,76,55,Good,60.6,5.6,No,1,Caution
Fruits,29.4,59,8,Good,67.4,4.1,No,14,Reject
Grains,34.2,40,45,Good,84.1,5.3,No,1,Caution
Meat,6.8,49,36,Damaged,28,4.4,Yes,13,Caution
Fruits,4.8,69,30,Average,25.8,6.6,No,11,Reject
Dairy,12.8,56,10,Good,59.6,4.2,No,23,Caution
Meat,0.7,89,28,Average,26.8,3.5,Yes,5,Caution
Grains,29.1,63,44,Average,72,3.6,No,12,Reject
Grains,19.6,82,22,Damaged,42.5,3.3,No,16,Reject
Vegetables,13.9,89,16,Good,44.5,3.6,Yes,4,Caution
Vegetables,18.3,63,43,Average,49.9,4.7,Yes,11,Reject
Dairy,24,44,23,Good,65,4.7,Yes,8,Caution
Vegetables,9.4,60,54,Average,42.6,7.1,Yes,10,Caution
Dairy,1.6,78,19,Good,26.9,4.8,Yes,10,Safe
Grains,4.5,86,21,Damaged,50.9,5.9,No,17,Reject
Fruits,18.2,40,15,Average,25.5,5.1,Yes,13,Caution
Grains,17.3,59,23,Good,68.1,4.6,No,19,Caution
Grains,21.5,62,24,Good,75.2,4.8,No,15,Caution
Fruits,14.1,41,44,Average,50.9,5.2,Yes,22,Caution
Vegetables,1.2,76,15,Good,88.6,6.4,Yes,16,Safe
Grains,27.2,50,25,Average,75.1,5.5,No,13,Reject
Vegetables,15.2,94,52,Good,63.4,3.8,Yes,23,Reject
Meat,26.9,93,27,Average,45.7,4.6,No,13,Reject
Fruits,21.4,50,18,Good,20.9,5.5,Yes,12,Caution
Dairy,18.8,77,52,Good,29.4,6.1,No,11,Reject
Fruits,25.8,82,36,Good,41.3,7.1,Yes,8,Caution
Meat,13.2,70,12,Average,86.1,3.3,Yes,10,Caution
Vegetables,29.8,77,31,Good,22.1,5,No,7,Reject
Fruits,11.3,67,56,Damaged,40.3,3.5,No,8,Reject
Vegetables,9.4,50,52,Good,69.3,4.3,Yes,21,Caution
Dairy,25.7,64,53,Good,13.1,6.5,Yes,18,Caution
Grains,28.9,66,7,Damaged,80.1,5.8,No,19,Caution
Grains,32.3,80,28,Good,17.7,5.6,No,18,Caution
Dairy,13.6,52,47,Good,39.3,3.3,Yes,15,Caution
Meat,27,81,29,Good,33.5,7.1,Yes,23,Caution
Dairy,31.3,68,4,Good,69.5,3.3,Yes,4,Safe
Fruits,5.8,59,12,Damaged,60.1,7.1,Yes,9,Caution
Vegetables,22.8,63,6,Damaged,67.8,5.8,Yes,11,Caution
Vegetables,33.2,46,50,Average,31.4,5.8,Yes,14,Reject
Vegetables,21.5,57,33,Damaged,16.3,5.7,No,12,Reject
Fruits,24.6,58,55,Good,88.2,7,No,2,Reject
Meat,0.5,78,26,Good,55.3,4.1,Yes,7,Safe
Meat,3.3,61,43,Good,45.2,4.5,Yes,18,Caution
Vegetables,1.9,79,60,Average,57.9,3.8,No,14,Reject
Grains,17.8,94,31,Average,80,6,No,4,Reject
Fruits,27.6,88,44,Good,88.1,4.4,Yes,9,Caution
Meat,22.8,43,43,Good,42.7,4.6,No,13,Reject
Dairy,6.3,94,6,Good,29.7,6.9,Yes,6,Safe
Vegetables,17.2,51,32,Damaged,37.4,4,Yes,6,Reject
Fruits,25.2,90,56,Good,13.1,3.9,Yes,21,Reject
Meat,30.4,62,35,Good,17.9,3.4,Yes,18,Caution
Dairy,9.7,41,31,Damaged,27.9,5.1,Yes,1,Caution
Grains,13.1,84,60,Good,39.3,4.2,No,7,Caution
Vegetables,30.6,42,22,Average,24.6,6.1,Yes,17,Reject
Fruits,26.7,48,35,Good,14.5,5.4,Yes,10,Caution
Grains,8.1,91,22,Damaged,57.9,6.4,No,16,Reject
Grains,15.3,79,56,Damaged,59.7,6.9,No,24,Reject
Meat,7.3,88,12,Good,83.3,6.7,No,23,Caution
Meat,6.5,88,47,Average,73.6,5.4,Yes,7,Caution
Vegetables,24.5,67,55,Good,43.9,3.4,No,20,Reject
Dairy,4.8,82,36,Good,11.7,5.6,Yes,5,Safe
Vegetables,25,59,14,Good,30.1,6.3,Yes,16,Caution
Grains,16.5,72,22,Good,63.5,3.4,No,15,Caution
Dairy,19.4,60,46,Good,78.7,4.5,No,14,Reject
Grains,3.7,50,28,Good,39.3,4.4,No,9,Safe
Grains,7.4,77,56,Good,83.8,4.8,No,11,Caution
Vegetables,3.4,74,34,Good,40.7,6.5,Yes,19,Caution
Grains,7.4,56,25,Good,61.7,5.1,No,11,Caution
Grains,20.3,87,39,Average,56.1,5,No,5,Reject
Grains,5.7,46,26,Average,77.5,6.2,No,17,Caution
Dairy,34,51,51,Average,77,6.9,No,16,Reject
Grains,4.9,55,39,Good,64,3.4,No,5,Safe
Fruits,26.6,50,39,Good,22.4,5,No,23,Reject
Meat,27,61,37,Good,49.2,4.7,Yes,9,Caution
Grains,1.6,60,35,Good,77.2,3.6,No,3,Safe
Meat,10.5,74,41,Average,9.5,4.7,Yes,12,Caution
Fruits,27.5,72,16,Good,24.6,5.8,Yes,22,Caution
Dairy,16,95,55,Average,79.7,6.3,Yes,4,Reject
Vegetables,27.5,79,44,Good,83.2,7.1,Yes,19,Caution
Dairy,28.9,81,50,Damaged,25.7,5.5,Yes,2,Reject
Vegetables,31.9,87,40,Good,31.7,4.3,No,3,Reject
Dairy,12,63,53,Good,46.1,6.9,Yes,7,Caution
Dairy,10.8,95,46,Good,59.5,5.5,Yes,11,Caution
Grains,18.8,54,1,Good,76.5,4,No,7,Safe
Meat,24.1,41,2,Average,88.5,5.6,Yes,8,Caution
Meat,35,73,22,Good,86.3,4,Yes,12,Caution
Fruits,34.5,78,49,Average,66.4,3.7,No,6,Reject
Dairy,35,65,12,Average,33.3,3.6,Yes,18,Caution
Grains,13.9,70,35,Good,30.5,6.5,No,11,Caution
Grains,16.1,49,60,Damaged,86.7,5.6,No,8,Reject
Vegetables,30.5,60,17,Good,68.8,4.6,Yes,14,Caution
Fruits,11.9,93,52,Good,19.7,5.2,Yes,18,Caution
Meat,12.4,67,47,Average,41.6,5.8,Yes,21,Caution
Fruits,14.9,56,21,Good,83.6,4.5,No,6,Caution
Fruits,22.3,76,36,Average,46.9,4.3,Yes,21,Reject
Grains,16.4,91,17,Good,27.1,3.6,No,9,Caution
Meat,29.5,91,26,Good,22.7,3.3,Yes,16,Reject
Grains,34,42,17,Average,17,4.7,No,13,Reject
Grains,31.7,46,2,Good,51.3,7.1,No,9,Safe
Vegetables,17.2,70,27,Good,59.5,5.4,No,14,Reject
Grains,5.1,87,6,Good,63.1,4.3,No,24,Safe
Vegetables,11.4,48,17,Good,42.9,4.7,Yes,21,Caution
Vegetables,26,74,26,Good,54.4,6.5,Yes,8,Caution
Vegetables,15,71,31,Good,75.1,7,Yes,3,Caution
Dairy,22,80,51,Good,32.3,5.9,No,5,Reject
Grains,2.2,81,40,Damaged,81,6.7,No,21,Caution
Meat,19.5,59,23,Damaged,40.5,5.4,Yes,11,Reject
Vegetables,27.5,42,29,Good,49.6,6.3,Yes,18,Caution
Meat,22.5,84,51,Good,57.9,5.3,Yes,12,Caution
Fruits,32.6,62,37,Damaged,51.6,6.8,Yes,19,Reject
Dairy,32.2,72,31,Average,67.1,3.8,Yes,16,Reject
Meat,26,70,16,Good,26.7,6.8,Yes,21,Caution
Dairy,30,79,58,Damaged,33.8,7,Yes,9,Reject
Dairy,31.6,50,40,Good,49.7,3.3,No,21,Reject
Grains,30.8,95,49,Good,20.6,6.7,No,22,Reject
Dairy,22.5,85,5,Good,31.8,4.9,Yes,15,Caution
Grains,21.4,85,4,Damaged,52,6.7,No,16,Caution
Dairy,31.5,73,19,Good,37.7,7.1,Yes,7,Caution
Vegetables,2.4,65,52,Average,77.7,4.3,No,4,Caution
Meat,31.7,72,23,Damaged,38.3,5.1,No,1,Reject
Meat,26.2,77,7,Damaged,87.2,5.8,Yes,23,Caution
Grains,25.5,48,11,Average,73.8,6,No,10,Caution
Grains,30.4,42,60,Average,13.7,4.8,No,16,Reject
Grains,28.8,59,49,Good,22.3,7.1,No,8,Caution
Fruits,30.8,58,38,Good,21.4,3.4,Yes,4,Caution
Meat,21,79,44,Good,70.4,5.7,Yes,6,Caution
Fruits,13.1,52,13,Good,45.9,3.6,No,21,Caution
Vegetables,27.8,46,43,Damaged,64.3,5.5,Yes,3,Reject
Meat,2.6,63,46,Good,58.9,5,Yes,24,Caution
Grains,10.5,53,46,Good,73.3,7.1,No,11,Caution
Grains,34.8,57,7,Damaged,70.6,6.4,No,1,Caution
Dairy,28.2,71,46,Good,27.3,5,Yes,17,Caution
Grains,17.6,46,39,Average,21.1,5.4,No,18,Reject
Grains,29.9,71,2,Good,60.2,4.6,No,20,Caution
Meat,9.9,63,60,Damaged,41.4,5.6,Yes,8,Caution
Dairy,15.5,58,4,Average,25.8,6.6,No,13,Reject
Fruits,30.9,94,38,Good,26.7,3.5,Yes,7,Caution
Meat,26.1,61,48,Good,79,5.5,Yes,22,Caution
Grains,2.1,54,39,Good,49.3,5.4,No,22,Caution
Dairy,22.6,74,11,Good,53.8,6.6,No,14,Reject
Meat,26.5,72,35,Average,53.4,5.3,Yes,5,Caution
Meat,19.9,89,1,Good,22.8,6,No,3,Caution
Meat,5.2,72,49,Good,45.2,4.3,Yes,3,Safe
Fruits,6.8,48,20,Good,27.1,6.8,Yes,8,Safe
Dairy,34.2,90,12,Damaged,13.6,5.8,No,24,Reject
Vegetables,19.7,60,47,Good,71.1,6.6,No,15,Reject
Vegetables,8,74,48,Good,65.1,3.3,Yes,23,Caution
Meat,30.4,90,34,Good,13.6,6.8,Yes,19,Reject
Meat,11.4,95,47,Average,74.5,4.9,Yes,14,Reject
Grains,0.4,67,39,Good,85.2,5.4,No,18,Caution
Dairy,31.7,92,28,Good,76.4,5.5,No,15,Reject
Fruits,8.9,58,38,Good,42.2,7.1,Yes,21,Caution
Vegetables,10.9,81,29,Good,33.5,4,Yes,23,Caution
Meat,19.6,84,57,Good,65.3,6.4,Yes,20,Caution
Meat,2.7,48,28,Good,65.4,5.5,Yes,10,Safe
Fruits,30.6,46,60,Good,85.4,3.2,Yes,17,Caution
Dairy,30.3,41,27,Good,30.7,3.6,Yes,16,Caution
Dairy,12,69,58,Damaged,46.2,5.9,Yes,12,Reject
Vegetables,24.5,49,7,Average,38.8,6.5,No,14,Reject
Meat,1.8,72,47,Damaged,56.2,3.3,Yes,3,Caution
Fruits,4.7,77,49,Average,89.1,6.9,No,10,Caution
Vegetables,31.4,53,33,Average,67.6,5.5,No,23,Reject
Dairy,28.2,86,52,Good,86.1,6.6,No,17,Reject
Meat,28.6,74,57,Average,20.6,3.6,Yes,9,Caution
Vegetables,31.2,67,50,Average,20.1,3.3,No,6,Reject
Grains,30.7,47,58,Average,31.5,4.2,No,13,Reject
Dairy,23.2,61,48,Average,23.9,5.3,Yes,6,Caution
Grains,31.5,85,58,Good,54.6,4.8,No,18,Caution
Grains,33,57,42,Good,78.2,4.9,No,19,Caution
Dairy,25.5,78,33,Good,14.7,5.4,Yes,7,Caution
Fruits,29.8,46,57,Good,86.7,6.1,No,6,Reject
Meat,2.3,88,23,Good,34.2,4.2,Yes,17,Caution
Vegetables,20.2,64,56,Damaged,22.1,5,Yes,4,Reject
Dairy,2.2,54,36,Good,17,5.6,Yes,14,Caution
Fruits,33.1,91,13,Average,17.8,6.8,Yes,13,Reject
Grains,6.2,49,27,Good,52.1,6,No,21,Caution
Dairy,24.7,84,59,Good,34.4,3.9,No,22,Reject
Grains,24.5,65,38,Damaged,50.2,4.6,No,10,Reject
Fruits,34.6,43,39,Average,15.6,4.4,Yes,24,Reject
Grains,4.3,53,34,Damaged,23.8,7.2,No,23,Caution
Grains,6,60,52,Good,33.8,6.2,No,17,Caution
Grains,16,60,7,Good,26.2,4.1,No,22,Caution
Grains,2.6,83,46,Average,23.4,3.6,No,1,Caution
Meat,2.3,56,56,Good,8.1,5.8,Yes,17,Caution
Meat,25.8,53,13,Average,63.5,4.9,Yes,23,Caution
Grains,28,61,4,Damaged,52.2,5.1,No,14,Caution
Dairy,26.2,75,31,Good,44.3,5.2,No,13,Reject
Vegetables,4.8,94,13,Good,88.5,4.8,No,18,Caution
Fruits,12.7,90,33,Damaged,81.2,5.2,No,14,Reject
Fruits,21.5,58,40,Damaged,62.1,4.9,Yes,7,Reject
Vegetables,1.2,95,2,Average,78.9,5.6,No,16,Caution
Vegetables,3.4,83,55,Average,10,4.1,No,19,Reject
Dairy,15.3,50,14,Damaged,57.1,4.6,Yes,6,Caution
Grains,24.4,43,24,Good,20.6,3.6,No,14,Caution
Meat,12.1,93,31,Good,58.3,5.4,Yes,19,Caution
Vegetables,6.9,95,40,Average,54.6,4.5,Yes,14,Caution
Dairy,22.5,43,58,Good,89.8,5.2,No,22,Reject
Meat,22.5,44,4,Good,69.9,7.1,No,4,Caution
Vegetables,28,61,58,Good,26.9,3.3,No,20,Reject
Fruits,10.1,53,12,Average,72,6.4,No,7,Caution
Dairy,19.9,75,43,Good,19.3,4.4,Yes,13,Caution
Fruits,28.5,67,46,Good,19.7,5.3,Yes,16,Caution
Meat,30.6,80,28,Good,65.7,6.4,No,8,Reject
Vegetables,12.5,79,30,Good,39,6.3,Yes,24,Caution
Grains,12.4,44,47,Good,25.9,3.7,No,11,Caution
Meat,33.9,55,22,Good,37.1,7.1,No,7,Reject
Dairy,10.5,48,19,Good,28.9,6.3,No,11,Reject
Dairy,12,82,48,Good,38.9,3.8,Yes,7,Caution
Vegetables,3.5,68,2,Average,16.1,5,Yes,5,Safe
Meat,11.4,77,25,Good,45.9,6,Yes,22,Caution
Grains,6.4,66,23,Average,21.5,5.9,No,3,Caution
Dairy,15.1,60,42,Good,29.6,3.4,No,3,Reject
Grains,2.3,45,13,Good,86.5,5.9,No,18,Safe
Grains,6.8,87,35,Average,78.9,4.6,No,21,Caution
Dairy,27.2,50,37,Damaged,44.1,6.3,No,19,Reject
Vegetables,21.3,87,10,Good,46.7,5.6,Yes,6,Caution
Dairy,33.2,52,52,Average,70.9,4,Yes,24,Reject
Dairy,17.4,63,46,Average,50.2,4.8,No,12,Reject
Fruits,29.9,81,4,Good,40.4,6.6,Yes,15,Caution
Grains,0.1,48,53,Good,35.6,4.1,No,5,Safe
Grains,1.5,89,13,Average,83.3,6.3,No,14,Caution
Grains,19.5,79,20,Good,49.9,5.8,No,3,Caution
Grains,9,50,1,Average,9.3,3.4,No,15,Caution
Dairy,10.8,57,47,Damaged,16.6,6.2,No,16,Reject
Vegetables,18.5,65,3,Good,53.5,6,No,5,Caution
Fruits,18,45,53,Damaged,38.9,6.5,Yes,2,Reject
Dairy,12.4,86,60,Average,37.6,3.2,No,23,Reject
Dairy,33.5,90,12,Damaged,22.8,6.8,No,21,Reject
Vegetables,21.4,90,51,Average,83.4,4.5,Yes,4,Reject
Grains,23.1,84,47,Average,79.5,4.7,No,4,Caution
Fruits,8.1,89,41,Good,20.8,4,Yes,24,Caution
Dairy,21.8,77,3,Good,83.9,6.3,Yes,18,Caution
Vegetables,22.5,57,27,Good,70.8,3.6,Yes,2,Caution
Meat,32.6,43,15,Good,83.6,6.5,Yes,13,Caution
Vegetables,31.5,77,49,Average,8.8,5.6,Yes,6,Caution
Meat,2.8,72,23,Good,15.4,6.1,Yes,8,Safe
Meat,15.8,55,34,Good,20.9,4.7,No,19,Reject
Dairy,2.3,67,16,Good,87.9,5.8,No,4,Caution
Fruits,12,46,36,Average,81.6,7,No,5,Reject
Vegetables,22.1,79,56,Average,58.7,6,Yes,21,Reject
Grains,24.2,87,45,Average,15,6.8,No,10,Reject
Grains,13.2,60,34,Average,42.2,4.8,No,15,Caution
Dairy,17.2,87,25,Damaged,12,7.1,No,19,Reject
Fruits,5.1,73,32,Damaged,61.9,6.7,No,9,Reject
Vegetables,32.6,44,60,Good,84.7,4.2,Yes,20,Caution
Grains,30.4,53,50,Good,63.1,5.8,No,23,Caution
Meat,23.5,90,30,Average,89,3.5,Yes,18,Reject
Dairy,19.7,43,32,Good,25.4,6.7,Yes,1,Caution
Meat,13.7,83,32,Good,33,5.4,No,23,Reject
Vegetables,13,61,57,Good,47.1,5.7,No,23,Reject
Meat,33.9,88,13,Average,56.5,5.1,Yes,2,Caution
Meat,19.3,58,44,Good,67.3,6.6,Yes,20,Caution
Fruits,29.8,62,19,Good,81,6.7,Yes,16,Caution
Dairy,7.3,77,35,Good,86.3,6.9,Yes,3,Safe
Meat,23.8,80,40,Good,59.6,4.9,Yes,10,Caution
Dairy,4.3,73,43,Good,18.8,4.1,No,2,Caution
Fruits,0.8,43,22,Good,20.3,5,Yes,21,Caution
Meat,11,82,8,Damaged,52.1,5.7,No,19,Reject
Grains,21.7,93,8,Good,16.2,5.7,No,24,Caution
Vegetables,0.4,84,35,Good,37.7,5.6,No,24,Caution
Vegetables,4.2,88,26,Damaged,42.5,4.3,Yes,16,Reject
Vegetables,20.2,70,4,Average,66.8,5.8,No,2,Caution
Grains,10.8,88,35,Good,27.1,6.9,No,7,Caution
Dairy,31.8,54,56,Good,48.8,3.7,Yes,2,Caution
Meat,29.5,81,51,Good,31.2,5.9,Yes,17,Caution
Grains,23.6,76,35,Good,42.7,7.1,No,6,Caution
Meat,16.5,76,29,Average,29.1,6,Yes,2,Caution
Dairy,29.8,47,16,Average,79,5.3,No,12,Reject
Vegetables,27.5,91,25,Good,52.7,3.5,Yes,15,Reject
Vegetables,2.6,47,38,Good,33.4,4.8,Yes,4,Safe
Fruits,28,76,3,Good,74.9,3.5,No,14,Caution
Dairy,1.6,45,1,Good,8.1,7,Yes,7,Safe
Dairy,18.3,76,20,Good,19.7,5.2,Yes,24,Caution
Dairy,9.5,83,20,Good,22.7,4.5,Yes,24,Caution
Dairy,15.6,72,48,Good,72.5,5.3,Yes,14,Caution
Dairy,31.6,84,45,Average,15.7,5,Yes,17,Reject
Grains,0.7,75,52,Average,24.9,6.3,No,10,Caution
Dairy,1.2,53,24,Good,43.8,5.1,No,10,Caution
Dairy,15.3,91,36,Damaged,56.4,3.6,Yes,9,Reject
Dairy,19.6,79,12,Good,80.3,4.6,No,15,Reject
Fruits,30.2,83,42,Good,47.1,3.8,Yes,9,Caution
Vegetables,19,48,41,Good,81.9,5.9,Yes,21,Caution
Dairy,14.8,47,1,Damaged,67,5.1,No,20,Reject
Dairy,17.5,84,47,Damaged,83.4,6,No,24,Reject
Fruits,19.8,60,47,Good,67,4.6,Yes,12,Caution
Meat,33.8,59,36,Good,80,6.9,No,24,Reject
Vegetables,12.7,87,25,Good,76.2,6.9,Yes,10,Caution
Vegetables,30.9,41,4,Good,21.1,6.9,Yes,1,Safe
Vegetables,13,58,49,Average,44.2,6.1,Yes,12,Caution
Vegetables,34.7,59,50,Good,33.1,3.8,Yes,6,Caution
Vegetables,16.8,42,18,Good,35.6,6.9,Yes,1,Caution
Grains,10.8,78,43,Average,45.8,6.5,No,8,Caution
Meat,8.4,73,16,Average,27.5,7.1,Yes,10,Caution
Vegetables,9.2,76,5,Good,82.8,4.5,Yes,12,Safe
Fruits,32.6,93,39,Good,29.1,3.8,Yes,21,Reject
Vegetables,10.3,50,3,Average,81.9,6.9,No,5,Caution
Meat,33.6,59,38,Good,35.2,6.5,Yes,11,Caution
Fruits,15.6,83,9,Good,73,7.2,Yes,19,Caution
Fruits,30.2,88,53,Damaged,55.5,4,Yes,6,Reject
Meat,34.9,56,28,Good,78,4.1,Yes,4,Caution
Dairy,16.8,66,35,Good,68.8,4.9,Yes,23,Caution
Grains,32.2,73,4,Good,37.9,6.8,No,19,Caution
Grains,9.4,63,48,Good,62,6.2,No,7,Caution
Fruits,29,41,27,Good,29.5,4.5,Yes,3,Caution
Dairy,18.1,78,37,Good,86.1,4.2,Yes,8,Caution
Dairy,0.5,79,27,Damaged,77.9,6,Yes,2,Caution
Dairy,23.3,87,6,Good,42.3,4,Yes,3,Caution
Vegetables,31.2,41,57,Average,55.4,3.5,Yes,24,Reject
Meat,29.1,90,6,Good,68.2,6,Yes,3,Caution
Vegetables,32.8,55,2,Average,25.9,5,Yes,15,Caution
Meat,27.8,74,24,Good,24.5,4.1,Yes,3,Caution
Fruits,32,43,42,Average,68.9,6.1,No,12,Reject
Grains,0,60,22,Good,67.3,7.1,No,18,Caution
Meat,11.7,48,52,Good,33,4.6,No,3,Caution
Vegetables,6.6,49,37,Good,17.4,4.3,Yes,10,Safe
Meat,5.2,45,7,Average,88,7.2,Yes,7,Safe
Grains,21.3,71,9,Damaged,23.7,4.4,No,23,Reject
Fruits,23,78,32,Good,77.1,7,Yes,17,Caution
Vegetables,27.4,70,20,Good,81.5,4.2,No,15,Reject
Vegetables,26.9,69,38,Average,31.6,7,Yes,22,Reject
Grains,18.4,93,37,Damaged,11.8,4.6,No,7,Reject
Meat,11.4,54,11,Average,12.6,6.1,No,8,Caution
Meat,24.4,69,31,Average,58.1,6.5,Yes,17,Reject
Vegetables,8.8,56,50,Average,84.4,4.9,Yes,11,Caution
Fruits,32.8,72,28,Good,23.5,6.8,Yes,18,Caution
Fruits,9.7,40,41,Average,38.9,6.1,Yes,2,Caution
Meat,27,45,40,Good,77.1,6.5,Yes,17,Caution
Dairy,3.2,83,47,Average,36.4,5.6,No,3,Caution
Vegetables,25,73,28,Average,84.3,4.3,Yes,22,Reject
Grains,31.5,54,19,Average,54.9,7.1,No,5,Caution
Dairy,32.6,62,4,Good,79.3,6.6,Yes,7,Safe
Dairy,26.6,51,27,Good,72.8,7,Yes,2,Caution
Fruits,28.1,58,30,Good,74.9,3.9,No,3,Reject
Meat,31.5,66,4,Good,53.2,6.8,Yes,11,Caution
Fruits,26,40,9,Good,59.4,3.7,Yes,8,Caution
Grains,10.2,92,34,Average,55.6,4.8,No,1,Caution
Dairy,15.2,92,31,Average,15.6,4.9,Yes,7,Reject
Vegetables,22.5,89,44,Average,9.4,3.4,No,14,Reject
Fruits,25.9,95,60,Damaged,61.9,5.9,Yes,16,Reject
Meat,3.5,91,52,Damaged,18.8,5.8,No,19,Reject
Vegetables,20.3,79,52,Good,32.7,7.1,No,17,Reject
Fruits,30.9,77,21,Good,59,4.8,Yes,9,Caution
Fruits,23.7,51,25,Good,60.4,7.2,No,5,Reject
Fruits,19.2,78,24,Average,45.4,3.4,Yes,13,Reject
Dairy,26.7,95,3,Good,81,5.5,No,5,Caution
Vegetables,7,52,35,Good,10.6,4.9,Yes,15,Caution
Fruits,5.5,74,8,Good,26.1,4.5,No,17,Caution
Dairy,2.8,89,40,Average,63.7,5.6,Yes,22,Caution
Grains,2.7,82,11,Good,32,3.5,No,6,Safe
Fruits,18.1,74,2,Good,33.9,6.2,Yes,22,Caution
Dairy,27.9,66,28,Average,14.4,3.6,Yes,7,Caution
Grains,20.6,91,23,Good,41.5,5.6,No,8,Caution
Vegetables,15.6,51,50,Good,45.8,7.1,Yes,18,Caution
Fruits,28.7,65,27,Good,76.4,6.7,Yes,5,Caution
Fruits,13.9,74,21,Good,61.8,5.3,Yes,16,Caution
Vegetables,6.8,57,21,Good,52.8,4,No,6,Caution
Vegetables,24.4,79,41,Good,70,4.6,Yes,6,Caution
Vegetables,25,79,7,Good,38.6,5.1,Yes,18,Caution
Vegetables,24.7,80,33,Damaged,14.8,6.9,No,6,Reject
Grains,4.6,56,12,Average,86.7,3.9,No,21,Caution
Meat,25,94,18,Average,10.7,7.1,Yes,15,Reject
Meat,19.9,54,32,Damaged,54.5,6.6,Yes,19,Reject
Dairy,13.9,95,16,Damaged,28.7,3.8,Yes,18,Reject
Vegetables,32.2,62,56,Average,60.9,6.2,Yes,24,Reject
Vegetables,20.3,95,10,Good,52.6,5.2,Yes,2,Caution
Vegetables,24.5,73,40,Good,87.8,5.1,Yes,22,Caution
Meat,33.1,59,16,Average,15.9,7.1,Yes,1,Caution
Meat,1.5,65,11,Good,67.9,6.9,Yes,4,Safe
Fruits,23.6,94,27,Good,61.8,3.4,No,2,Reject
Grains,4.6,65,12,Good,30.4,7.1,No,24,Safe
Grains,13.4,42,16,Damaged,16.2,6.5,No,12,Reject
Dairy,26.6,85,56,Average,64.5,4.4,Yes,9,Caution
Grains,29.7,61,55,Good,43.9,7,No,20,Caution
Grains,26.7,42,58,Damaged,20.6,6.7,No,15,Reject
Vegetables,21.5,46,20,Good,61.9,6.9,No,11,Reject
Dairy,32.7,93,47,Average,72.6,4.9,Yes,21,Reject
Dairy,25.2,69,16,Good,64,5.3,Yes,21,Caution
Vegetables,28.1,63,36,Average,21.3,6.4,Yes,18,Reject
Vegetables,30,68,41,Good,53.8,3.8,Yes,15,Caution
Dairy,16.2,62,55,Good,88.4,7,No,1,Reject
Fruits,9,41,20,Good,8.2,5,No,1,Caution
Fruits,0.8,70,54,Damaged,29.7,5.6,No,8,Reject
Meat,27.3,95,26,Average,21.8,3.8,Yes,8,Reject
Fruits,8.8,89,33,Damaged,90,5.8,Yes,9,Reject
Vegetables,19.8,43,39,Damaged,50.9,3.4,Yes,14,Reject
Vegetables,31.5,81,17,Good,80.5,4.7,Yes,1,Caution
Meat,33.9,70,29,Good,63.6,5.8,Yes,5,Caution
Dairy,31.3,86,46,Good,16.2,5.9,No,12,Reject
Meat,22.1,71,19,Average,76.8,3.7,Yes,3,Caution
Dairy,4.2,51,16,Average,27.9,3.5,Yes,2,Caution
Meat,11.8,63,57,Good,29.1,3.8,Yes,22,Caution
Meat,18.3,70,47,Average,66.9,4.5,Yes,1,Caution
Vegetables,7.1,88,49,Good,24.6,6.4,Yes,15,Caution
Grains,18.1,86,52,Average,83.9,5.6,No,14,Reject
Fruits,27.8,49,22,Good,59.4,4.2,Yes,19,Caution
Grains,16.1,63,8,Good,55.9,6.8,No,12,Caution
Grains,17,90,36,Good,33.8,6.2,No,18,Reject
Vegetables,34.1,83,11,Average,52.1,6.6,No,9,Reject
Vegetables,11.5,85,30,Good,21.1,4.3,Yes,3,Caution
Fruits,16.8,56,60,Good,15,5.2,Yes,16,Caution
Meat,2.3,52,5,Good,82.3,3.6,Yes,20,Safe
Meat,3.7,89,51,Good,59.1,3.3,Yes,11,Caution
Vegetables,1.8,94,46,Good,55.7,3.3,No,21,Reject
Fruits,26.9,90,5,Good,61.9,6.4,Yes,13,Caution
Vegetables,14.3,91,6,Average,63.2,3.9,Yes,14,Caution
Vegetables,10.8,92,19,Average,16.6,3.5,Yes,4,Caution
Dairy,25.5,65,44,Good,89,4.7,Yes,20,Caution
Vegetables,24.5,55,15,Good,51.5,3.3,Yes,6,Caution
Dairy,26.4,50,22,Damaged,82,3.4,Yes,4,Reject
Vegetables,21.4,57,37,Good,20.8,5.4,Yes,22,Caution
Fruits,29.9,74,14,Good,45.9,4.9,Yes,18,Caution
Dairy,14.6,81,27,Good,13.2,3.5,Yes,6,Caution
Grains,18.9,74,13,Average,33.4,6.8,No,11,Caution
Vegetables,2.8,52,55,Damaged,27.8,5.2,No,10,Reject
Dairy,9.6,46,49,Good,33.2,5.5,Yes,12,Caution
Dairy,2,62,14,Good,52.2,5.4,Yes,3,Safe
Meat,19.1,48,24,Good,48.4,5.9,Yes,24,Caution
Vegetables,23.1,75,21,Good,70.8,4.7,No,20,Reject
Meat,23.8,50,38,Average,49.4,5.8,Yes,4,Caution
Fruits,6,69,42,Good,8.1,5.7,Yes,12,Caution
Dairy,15.4,56,48,Average,80.2,5.3,Yes,21,Reject
Meat,11,72,13,Good,41,3.8,Yes,5,Safe
Fruits,11.6,69,54,Good,82.5,6.8,No,17,Reject
Meat,2.1,80,10,Average,51.6,5.4,Yes,10,Safe
Dairy,21.7,81,5,Average,14.7,7.1,Yes,13,Caution
Grains,31.3,87,45,Good,20.5,5.8,No,17,Reject
Vegetables,6.5,75,25,Good,41.3,6,No,9,Caution
Dairy,4.6,86,32,Good,67.6,5.5,Yes,7,Caution
Meat,12.1,53,4,Good,48.9,4,Yes,15,Safe
Grains,23.4,87,24,Good,47.3,5.9,No,22,Reject
Grains,1.4,43,32,Good,13.3,4.1,No,8,Safe
Vegetables,18.6,54,60,Damaged,76.2,5.8,Yes,10,Reject
Fruits,2.4,50,44,Good,67.8,4.6,Yes,18,Caution
Vegetables,29,41,39,Good,82.9,4.3,Yes,23,Caution
Fruits,24.8,49,21,Good,18.5,4.7,Yes,20,Caution
Dairy,1.7,69,31,Good,17.1,4.2,Yes,8,Safe
Fruits,24,41,9,Average,35.2,5.5,Yes,6,Caution
Dairy,28.7,71,32,Good,70.5,6.3,No,5,Reject
Dairy,12.8,65,33,Good,20.2,3.3,No,15,Reject
Fruits,34.7,65,56,Good,74.2,4.4,Yes,3,Caution
Dairy,14.8,63,54,Good,33.2,6.3,No,18,Reject
Dairy,10.8,48,14,Good,77.9,6,Yes,23,Caution
Meat,21.8,95,29,Good,22.4,4.8,Yes,2,Caution
Grains,20.9,52,24,Good,47.1,6.1,No,6,Caution
Meat,16,47,58,Damaged,9,4.6,Yes,8,Reject
Dairy,2.3,60,2,Good,39.1,4,Yes,11,Safe
Dairy,11.5,59,16,Good,82.2,3.6,No,7,Caution
Fruits,6.3,86,41,Good,59.4,5.3,Yes,5,Caution
Dairy,20.5,46,42,Good,58.3,4.5,No,3,Reject
Vegetables,32.4,49,56,Damaged,43.5,3.6,Yes,13,Reject
Vegetables,2.1,94,48,Damaged,41.9,6.6,No,15,Reject
Vegetables,25.8,72,58,Good,74.2,5.8,Yes,15,Caution
Vegetables,1.2,60,6,Good,69.3,3.8,Yes,7,Safe
Fruits,4.4,62,37,Good,74.1,4.4,Yes,19,Caution
Dairy,5,48,18,Good,48.2,3.6,Yes,11,Caution
Vegetables,33.2,61,6,Good,59.4,6.1,Yes,6,Safe
Fruits,34,78,4,Damaged,39.5,5.7,Yes,4,Caution
Fruits,26.4,83,12,Average,36.5,6.5,No,17,Reject
Dairy,31.2,45,27,Good,12.7,4.3,Yes,4,Caution
Dairy,30.9,94,29,Good,64.8,3.9,Yes,17,Reject
Dairy,3.8,81,1,Damaged,40.6,3.8,No,4,Caution
Vegetables,2.5,53,12,Good,84.5,6.2,Yes,13,Safe
Fruits,30.4,55,3,Average,48.9,5.8,Yes,18,Caution
Fruits,13.1,56,40,Good,41.1,5.6,Yes,21,Caution
Meat,25.7,54,55,Average,32.8,4.7,Yes,11,Reject
Grains,32.5,72,28,Good,55.9,6.7,No,18,Caution
Meat,34.4,47,42,Damaged,56,4.8,No,24,Reject
Meat,0.9,40,52,Average,84.9,6.2,No,16,Reject
Dairy,31,74,11,Average,22.5,4.8,No,22,Reject
Grains,7.2,41,50,Average,40.7,4.5,No,22,Caution
Grains,28,52,43,Good,67.4,6.7,No,22,Caution
Vegetables,22.2,89,14,Average,70,7,Yes,6,Caution
Meat,18.6,49,33,Good,30.8,3.7,Yes,7,Caution
Vegetables,0.5,47,40,Damaged,65.8,5.2,Yes,22,Caution
Vegetables,3.4,47,35,Damaged,15.4,6.2,No,19,Reject
Dairy,1.5,59,21,Good,75.1,3.9,No,1,Caution
Dairy,15.2,86,49,Average,30.5,4.2,Yes,11,Reject
Grains,27.1,43,52,Good,14.3,4.5,No,14,Caution
Dairy,20.5,50,43,Average,27.6,5.6,Yes,5,Caution
Fruits,8.8,75,60,Damaged,50,6.8,No,8,Reject
Meat,18.6,84,17,Good,48.5,6.2,Yes,5,Caution
Dairy,4.9,76,49,Average,60.7,3.2,Yes,23,Caution
Fruits,20.2,82,60,Average,14.4,3.4,Yes,7,Caution
Meat,16,46,7,Average,8.4,5.7,Yes,6,Caution
Fruits,6.9,92,12,Good,87.1,4.6,Yes,8,Safe
Grains,14.6,52,58,Good,44.4,6.5,No,11,Caution
Vegetables,10.4,65,18,Damaged,60.4,5.7,No,1,Reject
Dairy,12.4,43,28,Average,30.3,6.4,Yes,18,Caution
Vegetables,0.8,50,40,Good,61.5,5.9,No,17,Caution
Dairy,3.7,83,33,Damaged,54.9,6.4,Yes,2,Caution
Meat,30.1,73,39,Average,43.9,4.7,Yes,11,Reject
Dairy,32.6,88,47,Average,18.8,4.8,Yes,9,Reject
Vegetables,3.9,91,30,Good,33.9,5.3,No,19,Reject
Dairy,31.1,49,38,Good,66.7,4.3,Yes,21,Caution
Grains,15.2,74,8,Average,51,7,No,7,Caution
Vegetables,8.8,53,7,Good,12.4,6.4,Yes,12,Safe
Vegetables,10.4,41,1,Average,52.5,5.8,Yes,15,Caution
Dairy,2.5,95,51,Good,79.2,4.3,No,12,Reject
Fruits,27.6,44,41,Damaged,69.8,7,Yes,13,Reject
Dairy,19.3,70,16,Damaged,13.7,5.1,Yes,5,Reject
Fruits,10.9,40,18,Good,35.7,3.5,No,24,Reject
Fruits,14.8,80,12,Good,42,4.8,Yes,1,Safe
Dairy,6.7,74,54,Good,72.3,4.5,Yes,5,Safe
Fruits,21.5,70,49,Good,42.2,5.9,No,19,Reject
Dairy,28.3,56,19,Damaged,40.3,4.9,No,3,Reject
Meat,3.6,63,15,Good,66.5,4.3,No,2,Caution
Dairy,30.8,85,26,Good,71.7,3.7,No,2,Reject
Grains,17.3,53,45,Good,85.7,6,No,21,Caution
Vegetables,3.8,81,50,Damaged,78.1,4.8,Yes,6,Caution
Dairy,26.8,56,30,Average,66,6.7,Yes,1,Caution
Meat,20.3,74,54,Good,15.9,4.4,Yes,17,Caution
Dairy,23.8,83,6,Average,82,7,Yes,21,Caution
Dairy,19.8,85,22,Average,14.6,5.6,No,19,Reject
Grains,22.6,64,48,Average,21.1,3.9,No,17,Reject
Vegetables,6.2,40,30,Good,41.1,6.5,Yes,7,Safe
Vegetables,27,76,9,Average,80.2,5,Yes,8,Caution
Vegetables,6.6,72,12,Good,53.3,5.9,Yes,10,Safe
Dairy,6.8,47,52,Good,57.2,4.1,Yes,5,Safe
Meat,22.7,58,43,Good,48.7,4.6,Yes,12,Caution
Vegetables,7,43,17,Average,85.1,3.6,Yes,12,Caution
Fruits,17.1,90,3,Damaged,13,5.1,Yes,20,Reject
Meat,9.5,70,28,Good,13.3,6.4,Yes,6,Caution
Fruits,24.4,73,14,Good,51.1,5.5,Yes,3,Caution
Meat,29.3,40,26,Good,84.4,3.2,Yes,16,Caution
Fruits,9.9,56,59,Average,50.7,4.2,No,16,Reject
Grains,33.5,83,58,Average,9.7,6.7,No,12,Reject
Grains,23.9,81,12,Good,67.7,6.1,No,5,Caution
Vegetables,20,67,55,Good,35.9,6.1,Yes,12,Caution
Vegetables,29.9,57,58,Good,52.8,4.1,No,2,Reject
Fruits,3.1,76,52,Average,78.5,6.1,No,12,Reject
Fruits,7,44,12,Good,15.1,7.1,No,3,Caution
Fruits,23.4,47,21,Good,74.8,3.3,Yes,16,Caution
Vegetables,17.6,64,23,Damaged,16.3,3.4,Yes,9,Reject
Grains,10,53,2,Good,89.4,5.5,No,16,Safe
Meat,3.5,77,50,Damaged,17.6,4.3,Yes,16,Caution
Dairy,3.8,60,4,Average,38.3,3.6,Yes,11,Safe
Meat,7.6,41,37,Good,23.3,3.9,Yes,16,Caution
Grains,31.1,52,11,Average,73.1,6.3,No,12,Caution
Vegetables,9,94,5,Average,18,4.9,No,4,Caution
Fruits,11.4,77,21,Damaged,42.3,4,Yes,6,Caution
Meat,34.4,45,27,Damaged,35.8,6.7,Yes,19,Reject
Grains,17.9,47,6,Good,62.1,3.8,No,10,Safe
Fruits,7,79,38,Good,75.6,6.3,Yes,5,Safe
Dairy,4.4,44,44,Good,44.4,4.6,Yes,17,Caution
Vegetables,5.5,55,29,Good,51.3,5.8,Yes,12,Caution
Fruits,10.4,71,10,Good,78.5,3.5,No,1,Caution
Dairy,28.7,74,11,Average,17.5,4,No,23,Reject
Dairy,9.3,59,48,Good,43,4.3,Yes,7,Caution
Dairy,24.5,44,56,Good,21.1,3.6,Yes,13,Caution
Vegetables,4.2,42,46,Good,37,4.9,Yes,5,Safe
Vegetables,19.7,78,51,Average,44.9,6.4,Yes,19,Reject
Fruits,9.6,61,17,Good,36.7,3.9,Yes,7,Caution
Meat,16.2,91,16,Good,70.4,6.3,No,13,Reject
Dairy,29.3,95,3,Good,32.3,3.4,Yes,21,Caution
Dairy,33.9,41,50,Average,33.5,5.5,No,12,Reject
Meat,9.7,77,19,Good,76.5,6.1,Yes,21,Caution
Fruits,3.5,42,17,Good,72.7,7,Yes,16,Caution
Dairy,23.9,40,19,Average,8.1,4.8,Yes,20,Reject
Grains,6.9,54,10,Good,59.9,4.7,No,6,Safe
Meat,29.3,95,56,Damaged,28.2,6.6,Yes,11,Reject
Grains,12.9,67,15,Good,13.4,6.6,No,3,Safe
Grains,31.8,79,48,Average,68.4,4.2,No,12,Reject
Grains,12.1,78,56,Good,39.3,4,No,22,Caution
Vegetables,20.5,84,19,Good,32.2,3.7,No,15,Reject
Grains,32,43,38,Good,27.5,5.7,No,1,Caution
Grains,31.8,41,58,Good,82,6.9,No,12,Caution
Dairy,30.6,73,43,Good,81.4,4.6,Yes,19,Caution
Meat,13.2,83,51,Damaged,86.4,4.1,Yes,4,Caution
Meat,26.9,50,31,Average,58.5,3.4,Yes,13,Reject
Fruits,33.4,86,2,Good,65.6,3.4,Yes,1,Caution
Fruits,4.3,83,32,Good,39.7,4,Yes,7,Safe
Grains,28.4,83,40,Damaged,75,3.9,No,7,Reject
Grains,13.9,72,8,Good,29.1,4.1,No,22,Caution
Grains,5.6,41,32,Good,47.1,3.6,No,12,Caution
Fruits,2.4,51,22,Average,53,3.5,No,20,Reject
Vegetables,8.8,76,47,Damaged,22.5,5.2,No,21,Reject
Vegetables,29.9,50,57,Good,23,6.3,Yes,9,Caution
Fruits,22.8,61,2,Good,26.6,4.5,Yes,17,Caution
Meat,20.1,43,57,Good,55.3,5.7,Yes,23,Caution
Fruits,14.5,85,55,Good,39.8,5.9,No,12,Reject
Meat,13.8,61,11,Good,30.4,4.5,Yes,3,Safe
Dairy,18.9,51,31,Good,48.6,6.6,No,6,Reject
Vegetables,2.2,90,38,Good,44.7,4.9,No,12,Reject
Vegetables,18.3,53,36,Average,29.9,7.1,Yes,7,Caution
Grains,15,61,33,Damaged,31,7,No,1,Caution
Fruits,21.6,45,51,Good,56.7,3.8,Yes,21,Caution
Grains,9.7,87,28,Average,79.9,5.7,No,7,Caution
Vegetables,12.2,51,58,Good,50.8,4.1,Yes,13,Caution
Grains,19.7,59,53,Good,41.8,4.1,No,5,Caution
Fruits,14.1,77,10,Average,19.5,5.7,Yes,3,Caution
Dairy,24.4,55,4,Good,63.3,6.9,No,6,Caution
Grains,26.6,49,41,Average,81.3,5.5,No,6,Caution
Meat,1.4,87,2,Good,44.4,6.3,Yes,8,Safe
Meat,4.7,70,31,Average,32.3,4.1,Yes,20,Caution
Grains,19.6,41,42,Good,36.5,6.7,No,5,Caution
Dairy,27,45,56,Good,44.8,7.1,Yes,22,Caution
Grains,17.2,84,42,Good,28.9,7.1,No,16,Caution
Meat,23.8,62,45,Average,47.9,6.1,Yes,12,Reject
Meat,28.2,87,35,Average,72.8,5.3,No,23,Reject
Dairy,10.7,86,6,Average,35.6,4,Yes,2,Caution
Dairy,29.4,90,32,Good,45.4,4.7,No,14,Reject
Dairy,9.4,43,8,Good,35.8,5.8,Yes,6,Safe
Dairy,3.2,42,14,Average,83.1,4.7,Yes,23,Caution
Meat,13.1,83,56,Good,42,5,Yes,3,Caution
Grains,21,94,2,Good,27.7,6.7,No,3,Caution
Vegetables,5,80,32,Good,80.5,4.9,No,19,Caution
Vegetables,25.2,69,31,Average,43.2,3.9,No,1,Reject
Vegetables,34.4,90,55,Good,26.3,4.9,Yes,24,Reject
Dairy,2.6,58,32,Average,27.8,3.5,No,11,Reject
Grains,3.1,70,30,Good,20.9,5.8,No,21,Caution
Fruits,32.7,63,33,Good,19,4.8,Yes,6,Caution
Vegetables,13.5,86,50,Good,50.8,5.7,No,8,Reject
Vegetables,8.7,89,27,Good,69.5,6.4,Yes,6,Caution
Dairy,29.4,53,22,Average,16.3,6.4,Yes,2,Caution
Grains,2.5,42,19,Good,14.9,4,No,1,Safe
Vegetables,10.1,40,26,Good,14.6,3.4,No,2,Caution
Meat,23.9,92,6,Damaged,17.5,3.9,No,14,Reject
Dairy,11.8,68,31,Good,89.3,4.4,No,4,Caution
Dairy,20.4,53,33,Average,81.2,4.6,Yes,1,Caution
Vegetables,14.4,93,21,Good,27.8,4.9,Yes,23,Caution
Meat,28.4,51,1,Good,20.9,3.3,Yes,5,Safe
Meat,2.7,80,29,Average,51.7,3.7,No,21,Reject
Vegetables,12.3,48,10,Good,16.9,5.1,Yes,15,Caution
Meat,15.4,58,31,Good,43.7,4.1,Yes,15,Caution
Grains,10.2,42,34,Average,36.3,6,No,18,Caution
Meat,16.6,92,15,Good,65.8,4.1,Yes,10,Caution
Vegetables,30.3,92,48,Good,70.8,5.8,No,14,Reject
Dairy,2.9,76,7,Average,55.7,5.9,Yes,6,Safe
Fruits,21.2,95,10,Good,8.5,4.6,Yes,18,Caution
Dairy,1.7,43,28,Good,78.2,6.7,No,18,Caution
Grains,16.6,83,15,Damaged,56.1,4.9,No,10,Caution
Vegetables,6.1,56,2,Good,36.5,5.1,Yes,8,Safe
Dairy,18.9,53,43,Good,30.1,6.3,No,15,Reject
Grains,11.3,85,19,Good,63.3,3.3,No,21,Caution
Grains,33.7,41,30,Average,51,4.8,No,10,Caution
Meat,11.2,78,55,Good,39.8,5.9,No,20,Reject
Dairy,23.6,68,52,Good,37.6,6.2,Yes,15,Caution
Fruits,21.6,77,24,Average,22.1,3.3,Yes,6,Caution
Meat,26.5,83,21,Good,36.5,3.5,No,9,Reject
Vegetables,28.2,59,36,Good,39.2,4.3,Yes,23,Caution
Vegetables,14.7,42,14,Average,66.8,5.2,Yes,18,Caution
Meat,6.7,78,59,Good,42,6.2,No,20,Caution
Grains,30.9,63,59,Good,26.2,3.9,No,15,Caution
Grains,26.3,79,57,Average,41,6.1,No,10,Caution
Fruits,3.6,45,56,Damaged,78,5.3,Yes,14,Caution
Dairy,23.7,42,11,Damaged,18.6,5.9,No,17,Reject
Vegetables,33.2,43,3,Good,78.5,3.9,Yes,10,Safe
Grains,31.4,85,29,Good,81.3,6.1,No,11,Caution
Meat,29.4,86,30,Average,55.9,4.4,Yes,21,Reject
Meat,12.6,66,16,Average,51.3,3.6,Yes,6,Caution
Fruits,30.1,55,9,Good,23.3,6.7,Yes,18,Caution
Fruits,34.4,47,48,Average,18.9,5.8,Yes,4,Caution
Vegetables,21.8,75,27,Damaged,83.6,4.6,Yes,20,Reject
Dairy,4.6,62,3,Good,61.6,6.2,Yes,17,Safe
Dairy,13.9,94,51,Average,56.4,6.1,Yes,14,Reject
Vegetables,31.9,81,7,Good,34,6.4,Yes,3,Safe
Dairy,1.8,79,51,Good,45.5,6.6,Yes,21,Caution
Vegetables,33.2,45,2,Good,67.2,4.4,Yes,1,Safe
Dairy,20.7,59,49,Damaged,65.4,4.3,No,6,Reject
Dairy,23.5,87,55,Good,48.8,4.3,No,15,Reject
Grains,31.6,60,54,Average,67.7,6.9,No,7,Caution
Fruits,24.7,49,53,Good,88.9,6.8,No,24,Reject
Fruits,10.2,87,37,Good,60.4,6.3,Yes,19,Caution
Fruits,10.1,72,39,Good,32.1,4,Yes,20,Caution
Dairy,31.3,89,16,Damaged,73.3,6.1,Yes,9,Reject
Grains,1.2,70,27,Good,35.8,4.7,No,1,Safe
Grains,30.1,53,52,Good,84.7,6.6,No,16,Caution
Fruits,13.9,86,46,Damaged,71.8,4,Yes,16,Reject
Vegetables,31.1,50,18,Average,82.1,4,No,9,Reject
Vegetables,0.7,44,18,Good,12.7,3.3,No,5,Caution
Grains,4.4,54,15,Good,89.4,3.4,No,22,Safe
Fruits,33.4,92,41,Good,26.1,7,Yes,7,Caution
Vegetables,30.5,89,40,Good,11.3,3.4,No,9,Reject
Fruits,16.9,49,49,Good,40.8,5.3,Yes,10,Caution
Meat,16.4,93,27,Good,14.8,4.2,Yes,5,Caution
Fruits,9.9,69,22,Good,52.2,7.1,No,1,Caution
Meat,6.1,80,33,Average,58.4,3.7,Yes,12,Caution
Fruits,28.4,40,55,Good,24.9,6.6,No,7,Reject
Meat,11.5,60,18,Good,72.4,3.7,Yes,7,Caution
Vegetables,20.3,48,52,Damaged,60,5.9,Yes,4,Reject
Vegetables,20.7,89,36,Good,30.8,3.9,Yes,5,Caution
Fruits,29.8,92,18,Good,43.1,4.6,Yes,4,Caution
Meat,27.5,91,7,Good,72.4,3.9,Yes,1,Caution
Fruits,9.7,66,25,Average,26.2,6.6,Yes,3,Caution
Vegetables,21.7,57,1,Good,86.1,3.2,Yes,9,Safe
Meat,25.3,42,51,Good,31.3,7,Yes,3,Caution
Dairy,26.9,40,45,Good,62.6,4.4,Yes,21,Caution
Fruits,18.6,53,10,Good,43.1,3.2,Yes,14,Caution
Fruits,16.5,57,33,Average,27.3,6.3,Yes,24,Reject
Meat,20.3,51,15,Good,47,4.9,Yes,13,Caution
Meat,2.1,60,51,Good,16.7,7.1,Yes,1,Safe
Vegetables,25.2,70,28,Good,62.7,6,Yes,19,Caution
Vegetables,14.8,49,44,Good,63.9,5.1,Yes,21,Caution
Vegetables,0,70,27,Good,83.6,6.7,Yes,2,Safe
Dairy,4.3,51,20,Average,26,3.2,Yes,12,Caution
Fruits,21.9,45,51,Average,54.7,6.9,No,21,Reject
Vegetables,20.9,74,5,Damaged,56.6,5.7,Yes,5,Caution
Meat,1.3,62,24,Good,13.5,3.9,Yes,6,Safe
Meat,21.2,56,38,Average,29.3,6.8,Yes,5,Caution
Meat,27,57,38,Average,46.4,5.2,Yes,3,Caution
Fruits,33.4,78,39,Good,86.4,3.3,Yes,5,Caution
Grains,9.6,75,54,Good,70,4.9,No,15,Caution
Fruits,7.3,76,32,Average,32.4,6.2,Yes,17,Caution
Grains,28.7,61,41,Good,23.1,3.6,No,14,Caution
Grains,27.4,47,2,Damaged,57.8,4.9,No,11,Caution
Vegetables,17.5,48,30,Damaged,61.1,6.3,Yes,23,Reject
Grains,11.4,95,18,Damaged,9.3,4.9,No,6,Reject
Dairy,16.3,84,14,Good,57.2,5.3,Yes,19,Caution
Fruits,7,56,5,Good,36.7,6.9,No,24,Caution
Meat,25.2,69,42,Average,43.3,3.6,Yes,1,Caution
Fruits,1.1,94,24,Good,75.3,3.4,No,13,Reject
Fruits,7.5,71,36,Average,34.7,4.4,Yes,7,Caution
Dairy,9.2,60,3,Average,79.2,6.5,Yes,13,Caution
Vegetables,5.9,92,3,Average,66.1,3.4,Yes,8,Safe
Grains,5.6,63,15,Good,37.7,4.4,No,7,Safe
Fruits,20.1,70,6,Average,82.7,5.6,Yes,24,Caution
Fruits,20,82,29,Damaged,51,6.6,No,21,Reject
Meat,24.1,91,57,Average,85.7,5.5,Yes,22,Reject
Vegetables,1.1,81,20,Average,79.5,5.3,Yes,8,Caution
Vegetables,23.8,95,9,Good,10.4,3.4,Yes,2,Caution
Dairy,30.3,95,42,Good,23.4,4.4,Yes,2,Caution
Vegetables,1.3,78,12,Good,35.1,5,Yes,7,Safe
Meat,27.1,55,49,Good,80.7,7,No,21,Reject
Dairy,33,40,35,Good,15.2,5.6,Yes,12,Caution
Fruits,20.4,60,20,Good,16,4.6,No,20,Reject
Grains,1.6,89,22,Good,35.8,6,No,14,Caution
Grains,24.8,83,8,Damaged,32.8,5.6,No,10,Caution
Vegetables,33.7,68,36,Good,84.6,6,Yes,2,Caution
Dairy,15.6,56,52,Good,22,4.1,No,18,Reject
Dairy,7.3,61,21,Average,40,5.9,No,10,Caution
Fruits,16.2,43,1,Good,51,6.3,Yes,5,Safe
Vegetables,11.8,49,2,Good,17.1,3.2,Yes,2,Safe
Fruits,32.6,57,43,Good,88.9,4.1,Yes,14,Caution
Meat,26.5,43,14,Average,12.6,6.4,Yes,16,Caution
Fruits,31.7,41,10,Average,84.2,6.1,No,20,Reject
Dairy,10.2,75,25,Average,39.4,3.7,Yes,21,Caution
Dairy,23.5,90,4,Average,62.2,4.6,Yes,7,Caution
Fruits,27.9,86,19,Good,84.2,5.6,Yes,6,Caution
Fruits,28.7,84,34,Damaged,57.2,5,No,24,Reject
Grains,22,45,50,Average,25.8,5.9,No,1,Caution
Grains,28.2,75,3,Good,53.1,4.6,No,6,Safe
Grains,29.7,90,57,Good,47.1,4.9,No,23,Reject
Fruits,7.5,75,1,Good,20.9,4.6,No,22,Caution
Fruits,16.8,84,12,Average,52.8,4.9,Yes,16,Caution
Fruits,23.9,45,7,Average,8.6,7,No,1,Caution
Vegetables,26.1,51,24,Average,23,4.7,Yes,7,Caution
Dairy,21.2,61,32,Average,68.4,7.1,Yes,5,Caution
Fruits,25.1,84,23,Good,22.3,6.8,Yes,6,Caution
Grains,0.6,79,37,Good,58.9,3.9,No,13,Caution
Meat,23.4,70,49,Good,44.8,4.5,Yes,1,Caution
Meat,22.4,57,31,Good,34,3.5,Yes,23,Caution
Grains,4.4,89,5,Good,40.1,5.9,No,11,Safe
Meat,24.3,56,21,Damaged,26,6.1,Yes,18,Reject
Dairy,2.3,67,34,Average,79.6,3.6,Yes,9,Caution
Grains,34.1,62,60,Good,85.3,5.8,No,17,Caution
Vegetables,1.9,85,16,Average,8.3,3.4,No,21,Reject
Dairy,34.1,88,37,Good,55.6,5.6,No,11,Reject
Vegetables,7.4,56,47,Good,53.4,4,Yes,11,Caution
Meat,7.7,64,44,Average,76,6.4,No,11,Reject
Vegetables,19.9,95,14,Good,9.1,6.2,No,24,Reject
Grains,4.1,87,29,Good,17.4,3.5,No,10,Caution
Fruits,4.7,56,49,Average,73.6,6.5,Yes,14,Caution
Meat,8.2,54,33,Good,80.4,5.6,No,23,Reject
Vegetables,1.4,63,26,Average,35.8,6.7,Yes,21,Caution
Grains,8,63,58,Damaged,18.9,3.7,No,12,Caution
Meat,4.1,51,34,Average,47.5,6.7,No,4,Caution
Vegetables,28.8,45,55,Damaged,78.8,6.9,Yes,9,Reject
Fruits,21.1,56,50,Good,28.7,3.9,Yes,24,Caution
Fruits,5.3,69,52,Good,47.8,4.5,Yes,6,Safe
Dairy,6.5,46,10,Good,42,6.7,Yes,14,Safe
Fruits,26.8,64,14,Good,40.6,3.8,No,15,Reject
Meat,4.6,50,32,Average,80.7,5.7,No,13,Reject
Grains,33,74,7,Average,88.9,3.2,No,9,Caution
Dairy,31.6,46,32,Damaged,67.6,4.7,Yes,3,Reject
Vegetables,13.9,76,3,Damaged,89.8,5.7,Yes,22,Caution
Vegetables,8.9,54,43,Average,61.7,4.2,No,9,Reject
Vegetables,20.8,60,34,Good,67.7,5.6,Yes,5,Caution
Fruits,33.9,45,38,Good,22.7,4.4,Yes,13,Caution
Meat,22.1,89,49,Good,56.5,4.3,No,9,Reject
Fruits,32.3,40,40,Good,86.1,4.7,Yes,12,Caution
Grains,27.7,44,31,Good,21.3,4.9,No,9,Caution
Meat,26.3,77,54,Good,58.6,5.4,Yes,15,Caution
Dairy,30.2,91,48,Good,45.4,5.5,Yes,13,Reject
Dairy,32.4,66,24,Good,73.7,3.3,No,11,Reject
Meat,29.3,46,53,Good,38,5,Yes,12,Caution
Meat,22.5,83,34,Damaged,84.1,3.5,Yes,24,Reject
Fruits,29.5,44,24,Good,65.2,5.5,Yes,11,Caution
Vegetables,9.4,71,41,Average,88.3,5.3,Yes,3,Caution
Grains,29.9,65,36,Average,85.4,6.7,No,15,Reject
Vegetables,12.5,62,36,Good,65.7,3.7,Yes,1,Caution
Meat,32.6,88,13,Average,60.8,5,Yes,18,Reject
Dairy,24.5,42,33,Good,48.7,7.2,Yes,17,Caution
Grains,5.2,47,16,Average,23.2,3.7,No,9,Caution
Meat,10.9,62,52,Average,84.1,5.9,Yes,12,Caution
Grains,20.4,63,47,Damaged,84.7,5.5,No,24,Reject
Meat,7.2,68,15,Damaged,43.6,5.4,No,9,Caution
Meat,2.7,60,26,Good,20.3,6.1,No,10,Caution
Grains,12.2,79,28,Good,17.9,5.2,No,7,Caution
Dairy,35,56,56,Good,14.1,7.2,Yes,12,Caution
Grains,16.9,88,55,Good,88.3,4.5,No,6,Caution
Dairy,28,49,15,Average,68.4,5.4,Yes,3,Caution
Dairy,3,47,3,Damaged,45.8,3.8,No,16,Caution
Fruits,14.6,71,48,Good,85.8,6.3,Yes,10,Caution
Vegetables,9.9,54,47,Good,57.5,4.9,No,24,Reject
Dairy,14.4,44,29,Damaged,34.4,5.1,Yes,16,Reject
Fruits,32.9,50,28,Good,23.4,5.1,No,5,Reject
Meat,25.9,62,46,Good,77.1,6.9,Yes,17,Caution
Meat,15.9,63,59,Average,86.6,3.5,No,23,Reject
Fruits,26.1,81,23,Good,33.1,4,Yes,16,Caution
Grains,11.3,94,45,Good,53.8,4.1,No,2,Caution
Grains,0.7,93,18,Good,29,4.2,No,11,Caution
Meat,30.2,60,50,Average,85,5.6,No,4,Reject
Meat,13.5,83,48,Average,38.5,5.3,Yes,3,Caution
Grains,33.8,92,34,Good,87.6,5.2,No,6,Caution
Grains,32.3,89,46,Damaged,9.8,6.3,No,6,Reject
Dairy,29.9,68,35,Average,26.8,4.5,Yes,18,Reject
Meat,11.5,57,27,Damaged,38.8,4.9,No,19,Reject
Dairy,30.2,67,9,Average,40,6.4,Yes,11,Caution
Vegetables,18.7,76,42,Good,50.4,5.7,Yes,4,Caution
Grains,21.9,44,8,Good,82.2,5.2,No,3,Caution
Fruits,15.3,90,15,Average,52.1,5,Yes,5,Caution
Meat,5.9,94,1,Average,70.7,6.3,No,15,Caution
Fruits,15.6,67,6,Good,47.2,5.4,Yes,22,Caution
Vegetables,2.1,89,33,Good,55.5,4.9,Yes,24,Caution
Dairy,31.7,74,33,Good,57.8,6.6,Yes,15,Caution
Vegetables,27.2,65,47,Good,42,6.2,No,17,Reject
Grains,17.1,52,2,Good,75.9,5.2,No,7,Safe
Dairy,19.1,68,31,Good,40.2,7.1,Yes,16,Caution
Fruits,15.3,50,31,Good,87.8,4.4,No,15,Reject
Grains,8.8,83,44,Good,10.4,3.7,No,3,Caution
Meat,31.9,43,52,Good,10.5,3.6,Yes,22,Caution
Vegetables,8.3,69,12,Good,17.4,6,No,21,Caution
Vegetables,5.6,60,52,Good,60.6,4.4,No,9,Caution
Vegetables,12.9,41,54,Good,89.7,6.4,No,6,Caution
Meat,24.5,77,58,Good,29.7,5,No,17,Reject
Vegetables,8,63,43,Damaged,34.5,7,Yes,10,Caution
Grains,9.1,81,25,Good,74.8,3.4,No,15,Caution
Meat,9.2,83,6,Good,11.3,5.3,No,9,Caution
Grains,23.8,89,4,Average,38.3,4.5,No,13,Caution
Meat,14.5,74,31,Good,83.1,4.2,Yes,3,Caution
Grains,5.4,57,9,Good,10.6,3.9,No,19,Safe
Fruits,11.1,62,24,Damaged,50.7,4.9,Yes,17,Reject
Dairy,26.8,44,43,Average,46.2,3.3,Yes,20,Reject
Fruits,22.2,79,40,Average,41.3,7.2,Yes,10,Caution
Fruits,7.1,52,43,Good,56.1,5.7,No,10,Caution
Vegetables,21.6,57,11,Good,23.7,3.8,No,13,Reject
Fruits,25.3,64,42,Average,20.6,5.2,Yes,8,Caution
Meat,32.2,79,50,Good,61.5,5.4,Yes,3,Caution
Dairy,7.9,42,18,Good,22.8,5.1,No,16,Caution
Meat,27.2,64,38,Good,52.1,6.7,Yes,12,Caution
Grains,31.8,51,60,Good,88.3,6.4,No,4,Caution
Vegetables,16.1,57,60,Damaged,73.8,5.5,Yes,16,Reject
Fruits,24.1,47,42,Good,47,5.5,Yes,15,Caution
Fruits,30.1,92,11,Damaged,55.1,5,Yes,24,Reject
Vegetables,10.6,88,41,Average,45.2,3.3,No,22,Reject
Dairy,13,88,42,Good,73.5,6.1,Yes,2,Caution
Meat,25.5,84,28,Good,81.3,6.2,Yes,18,Caution
Fruits,7.6,75,41,Average,89.1,6.6,Yes,21,Caution
Dairy,17.8,44,44,Damaged,22.6,4.3,Yes,1,Reject
Vegetables,34.7,85,40,Good,59.9,6.4,No,11,Reject
Fruits,8.2,60,47,Good,47.1,3.6,Yes,14,Caution
Dairy,15.6,40,42,Good,18.6,4.8,No,13,Reject
Fruits,4.1,72,32,Good,12,6.6,Yes,21,Caution
Dairy,19.9,54,12,Good,44,4.5,No,12,Reject
Meat,14.7,73,6,Good,79.4,3.4,Yes,4,Safe
Fruits,19.2,40,9,Average,65.1,5.1,Yes,3,Caution
Meat,34.8,56,32,Damaged,31,4.2,Yes,6,Reject
Vegetables,26.6,61,16,Average,56.1,3.7,No,24,Reject
Dairy,21.7,50,40,Good,42.5,4.7,Yes,13,Caution
Vegetables,4.9,65,14,Average,69.7,6.4,No,7,Caution
Dairy,33.3,88,40,Good,52.9,6.2,No,12,Reject
Fruits,3.2,57,27,Good,56.9,4.9,Yes,8,Safe
Grains,4.3,88,59,Good,59.6,4.2,No,11,Caution
Dairy,19,91,55,Average,86.9,6.2,Yes,23,Reject
Fruits,4.1,91,26,Good,55.1,4.8,Yes,24,Caution
Fruits,34,64,36,Good,45.3,5.2,Yes,12,Caution
Vegetables,0.7,91,15,Average,24.5,3.2,Yes,23,Caution
Vegetables,33.8,59,22,Good,69.5,3.8,No,8,Reject
Meat,2.6,71,34,Good,44.4,4.1,Yes,16,Caution
Fruits,27.2,49,17,Damaged,15.7,3.2,Yes,7,Reject
Fruits,28.3,66,55,Good,9.2,4,Yes,7,Caution
Grains,32.8,60,43,Damaged,30.6,6,No,23,Reject
Fruits,22.2,70,21,Damaged,30.8,6.7,No,9,Reject
Vegetables,29.1,71,57,Good,86.3,6,Yes,20,Caution
Dairy,1.7,74,13,Good,70.7,6.3,No,24,Caution
Dairy,19.5,87,4,Average,85.3,6,No,8,Reject
Grains,23.9,49,49,Good,28.1,5,No,7,Caution
Grains,27.1,95,25,Average,44.3,3.8,No,13,Reject
Grains,13.3,58,53,Average,61.3,6.8,No,6,Caution
Fruits,30.5,84,25,Average,42.5,4.1,Yes,21,Reject
Grains,3.8,75,48,Good,60.5,3.3,No,8,Safe
Vegetables,19.8,68,51,Good,21.7,3.7,Yes,16,Caution
Grains,3.7,47,21,Average,86,3.6,No,3,Caution
Meat,3.3,42,38,Damaged,36.2,3.7,Yes,4,Caution
Grains,23.2,85,23,Good,77,5.1,No,2,Caution
Meat,7.7,85,9,Damaged,63,4.9,Yes,11,Caution
Vegetables,15.6,72,11,Good,48.2,3.2,Yes,1,Caution
Meat,15.3,55,35,Good,44.3,5.2,No,7,Reject
Vegetables,31,69,31,Good,69.4,3.8,No,20,Reject
Grains,4.5,45,13,Average,14.3,6.5,No,3,Safe
Vegetables,15.1,93,39,Good,53.6,5.5,Yes,20,Reject
Grains,12.2,78,42,Damaged,59.1,3.8,No,22,Reject
Fruits,7.1,45,46,Average,21.4,5.9,No,15,Reject
Dairy,31.8,64,26,Good,11.1,5.4,No,2,Reject
Fruits,13.2,47,6,Good,37.2,6.8,Yes,20,Safe
Vegetables,23.2,65,28,Good,36.6,5.6,Yes,22,Caution
Fruits,11.1,53,46,Average,43.1,7,No,4,Reject
Fruits,3.4,54,2,Average,59.2,4.5,Yes,19,Safe
Meat,32.8,44,45,Damaged,72.2,3.2,Yes,8,Reject
Vegetables,30.1,40,14,Average,8.6,6.2,Yes,2,Caution
Vegetables,2.9,60,38,Good,8.6,6.2,Yes,21,Caution
Grains,4.3,45,16,Good,83.4,6.5,No,2,Safe
Grains,0.5,91,14,Good,89.4,4,No,16,Caution
Dairy,13.2,42,9,Good,50.2,5.3,No,17,Caution
Meat,31,91,25,Good,51.3,4,No,18,Reject
Grains,30.8,74,4,Good,49.2,5.3,No,24,Caution
Meat,7,49,16,Average,77.4,5.9,Yes,15,Caution
Fruits,16.7,63,13,Good,22.3,7.1,No,16,Reject
Meat,17.8,54,11,Good,18.9,5.5,No,22,Reject
Fruits,12.3,94,1,Good,69.8,4.9,Yes,16,Caution
Dairy,3.5,49,33,Good,36.6,7,Yes,15,Caution
Grains,8.5,55,17,Damaged,43.1,4.7,No,2,Caution
Grains,23,86,9,Damaged,24.9,5.7,No,20,Reject
Meat,11.5,71,7,Good,60.4,5.2,Yes,19,Safe
Meat,27.1,70,4,Damaged,75.9,6.9,No,23,Reject
Meat,31.9,93,48,Average,64.6,5.4,Yes,6,Reject
Fruits,15.4,70,53,Damaged,25,3.4,Yes,17,Reject
Vegetables,25.2,80,37,Good,39.7,5.4,Yes,20,Caution
Grains,26.4,69,41,Average,36.4,5.2,No,1,Caution
Dairy,15.5,87,41,Average,17.4,5.7,No,8,Reject
Fruits,24.6,74,29,Good,31,6,Yes,7,Caution
Fruits,11.8,80,56,Good,58.4,5.2,Yes,4,Caution
Fruits,10.6,50,30,Damaged,35.9,6.2,No,1,Reject
Meat,33.9,71,29,Average,30.5,6.9,Yes,18,Reject
Dairy,24.8,64,22,Average,72,3.4,No,17,Reject
Dairy,11.9,46,23,Good,82.4,6.9,Yes,24,Caution
Meat,0.9,43,32,Average,84.1,4,No,1,Caution
Grains,14.2,45,5,Average,42,5.1,No,4,Safe
Meat,7.1,90,30,Average,59.4,3.6,No,16,Reject
Vegetables,10.2,51,3,Good,34.9,4.3,No,13,Caution
Fruits,12,69,35,Damaged,56.8,5.6,Yes,16,Reject
Fruits,13.3,80,10,Good,30.6,4.2,No,12,Caution
Meat,6.3,69,2,Good,81,5.4,Yes,18,Safe
Meat,19.2,46,40,Good,83.4,6.9,Yes,6,Caution
Vegetables,15.2,54,27,Damaged,47.5,5.9,No,24,Reject
Grains,26.7,95,1,Good,72.5,4.3,No,15,Caution
Meat,4.6,93,21,Good,49,6.4,Yes,11,Caution
Grains,27.4,73,1,Good,63.3,4.2,No,15,Caution
Grains,28,61,59,Average,33.9,6.4,No,2,Caution
Vegetables,2.1,74,43,Average,17,5.2,Yes,13,Caution
Grains,34.5,46,23,Good,31.2,4.8,No,7,Caution
Fruits,18.3,41,47,Good,83.3,6.3,Yes,6,Caution
Fruits,30.8,47,36,Good,58.2,4.1,No,12,Reject
Dairy,18.1,45,43,Damaged,13.4,5,Yes,21,Reject
Fruits,10.3,77,55,Good,25.7,6.2,Yes,3,Caution
Dairy,16.9,53,46,Average,43,6.6,Yes,17,Reject
Meat,34.6,69,33,Good,19.9,4.6,Yes,16,Caution
Grains,24.6,86,7,Good,76.6,3.7,No,2,Caution
Dairy,14.4,50,56,Good,61.7,6.8,Yes,13,Caution
Meat,27.3,42,26,Good,49.9,6.8,Yes,23,Caution
Grains,7.3,69,52,Good,36.7,6.3,No,12,Caution
Vegetables,9.2,60,24,Average,20.2,4.1,Yes,21,Caution
Fruits,10.9,48,53,Average,25.1,4.1,No,2,Reject
Meat,15.4,70,30,Damaged,51.1,6.5,No,10,Reject
Fruits,8.1,85,54,Damaged,39,4.7,Yes,11,Reject
Dairy,30.3,46,50,Good,61.7,5.7,Yes,2,Caution
Fruits,22.2,43,4,Damaged,29,5.8,No,24,Reject
Meat,13.8,70,30,Good,71,4.6,No,21,Reject
Grains,22.9,48,6,Good,89.5,6.6,No,19,Caution
Grains,15.5,92,5,Good,30.5,6.9,No,10,Caution
Dairy,24.6,59,24,Damaged,67.2,4.2,Yes,17,Reject
Vegetables,17.6,57,47,Good,85.7,4.9,No,9,Reject
Vegetables,16.7,50,4,Good,87.2,6.1,Yes,7,Safe
Vegetables,33.8,55,12,Good,51.2,6.8,No,18,Reject
Fruits,34.1,58,35,Average,65.1,4.4,No,16,Reject
Meat,27.5,54,21,Good,12.8,3.8,No,3,Reject
Meat,6.7,50,45,Good,10,3.4,Yes,2,Safe
Fruits,13,86,6,Good,62.2,4.7,Yes,6,Safe
Dairy,24,84,24,Damaged,66.1,6.5,No,15,Reject
Meat,33,75,24,Good,16.5,7,Yes,11,Caution
Vegetables,14.6,71,33,Good,39.2,6.7,No,9,Caution
Fruits,34.2,58,36,Good,86.3,4.9,Yes,22,Caution
Dairy,9.4,59,42,Good,12.2,4.8,No,15,Reject
Grains,8.5,69,26,Good,21.6,4.3,No,18,Caution
Vegetables,15.7,73,59,Average,30.3,3.3,Yes,10,Caution
Meat,20.6,72,37,Good,86.4,4.2,No,21,Reject
Dairy,21.7,87,6,Average,10.3,5.6,Yes,9,Caution
Vegetables,29.6,46,5,Average,84.9,4.6,Yes,22,Caution
Dairy,33.4,44,24,Good,27.1,3.3,Yes,5,Caution
Meat,17.4,56,6,Good,81.5,4.3,Yes,15,Caution
Grains,7.4,72,18,Damaged,71.3,6.5,No,11,Caution
Fruits,33.8,92,60,Average,79.6,3.4,No,6,Reject
Dairy,22.5,93,35,Good,18.9,4.3,No,13,Reject
Grains,5.1,75,59,Good,65.1,6.9,No,6,Safe
Fruits,3.8,42,21,Good,65.4,6.6,No,21,Caution
Vegetables,0.5,51,7,Average,54.5,3.6,Yes,13,Safe
Fruits,8.4,68,37,Damaged,14.5,3.3,Yes,21,Reject
Vegetables,25.6,40,45,Good,78.1,3.6,Yes,16,Caution
Vegetables,25,71,16,Damaged,16.1,4.8,Yes,4,Reject
Fruits,11,65,58,Average,13.7,4.7,Yes,4,Caution
Grains,13.8,71,12,Good,85.4,6.9,No,17,Caution
Vegetables,2.5,78,48,Average,87.8,5.2,Yes,20,Caution
Dairy,23.9,46,34,Average,78,4.6,No,23,Reject
Grains,33.5,79,6,Good,72,3.2,No,9,Safe
Meat,34.6,46,26,Average,78.9,6.6,No,24,Reject
Meat,14.7,91,2,Good,26.1,6.7,No,3,Caution
Grains,26.1,53,52,Good,70,3.7,No,14,Caution
Meat,17.2,55,21,Damaged,50.4,4.1,Yes,5,Reject
Grains,24.9,57,42,Good,69.1,4.4,No,20,Caution
Vegetables,5.9,81,30,Good,65.5,6.7,Yes,9,Safe
Grains,27.3,43,34,Good,15.5,4.1,No,4,Caution
Fruits,2.6,78,34,Average,33.9,3.5,Yes,3,Caution
Meat,14.3,91,28,Good,73.9,5.9,Yes,20,Caution
Dairy,16,67,38,Average,47.3,3.7,Yes,13,Reject
Vegetables,8.4,89,26,Good,75.2,6.7,No,23,Reject
Meat,19.8,90,46,Average,80.2,6.5,No,21,Reject
Vegetables,8.4,93,41,Good,9.6,5,No,3,Reject
Dairy,1.8,81,57,Damaged,24.5,5.2,No,8,Reject
Grains,9.5,58,13,Average,15.3,4.2,No,14,Caution
Fruits,25.1,63,20,Good,80,6.2,Yes,16,Caution
Grains,22.1,81,54,Average,59.2,4.7,No,3,Caution
Meat,14,46,27,Good,73.7,3.9,Yes,12,Caution
Grains,17,69,44,Damaged,73.8,6.5,No,2,Reject
Dairy,25.2,64,8,Good,42.6,6.1,Yes,17,Caution
Meat,32.6,62,34,Damaged,17.2,4.6,No,13,Reject
Meat,17.8,95,11,Good,23.9,3.5,Yes,24,Caution
Fruits,27.5,58,20,Good,43.1,4.4,Yes,7,Caution
Vegetables,31,75,49,Good,75.6,5.3,No,8,Reject
Fruits,27.7,42,54,Good,47.5,6.1,Yes,3,Caution
Dairy,12,73,33,Good,87.2,7.2,Yes,16,Caution
Grains,30,74,50,Good,57.1,4,No,18,Caution
Fruits,5.8,44,27,Good,89.6,5.1,Yes,10,Safe
Vegetables,11.5,62,48,Good,22.9,7.1,Yes,19,Caution
Fruits,1.9,74,17,Average,80.9,3.6,Yes,14,Caution
Vegetables,13.9,83,58,Good,10.8,5.2,Yes,15,Caution
Grains,25.5,41,12,Good,74.5,3.7,No,9,Caution
Meat,21.9,73,47,Good,58.1,6.3,Yes,21,Caution
Fruits,29,77,41,Damaged,56.1,5.1,Yes,5,Reject
Vegetables,2.3,60,35,Good,62.5,4.8,Yes,15,Caution
Dairy,14.1,77,54,Good,89.5,5,Yes,2,Caution
Dairy,16.1,75,1,Good,66.9,5.3,Yes,17,Caution
Dairy,15.8,90,55,Good,33.8,6.7,Yes,9,Caution
Vegetables,24.5,89,47,Average,76.3,6.2,Yes,11,Reject
Grains,32.3,89,39,Good,69,5.1,No,1,Caution
Vegetables,24.8,51,7,Good,49.2,3.7,Yes,22,Caution
Dairy,3.4,59,7,Average,21.1,4,Yes,2,Safe
Fruits,6.5,48,57,Good,71.9,4.6,Yes,3,Safe
Fruits,12.5,86,55,Good,53.2,3.8,No,8,Reject
Vegetables,14.5,80,26,Good,41,4,No,20,Reject
Vegetables,31.2,82,54,Good,79.1,6.7,Yes,8,Caution
Fruits,10.1,44,1,Damaged,67.8,7,Yes,13,Caution
Fruits,27.3,59,14,Average,56.4,6.7,No,23,Reject
Grains,31.9,69,45,Average,27.6,5.9,No,14,Reject
Vegetables,13.6,63,24,Damaged,41.9,5.7,No,7,Reject
Meat,17.3,91,25,Average,15.6,5.2,No,4,Reject
Fruits,6.3,82,34,Average,44.8,6,No,23,Reject
Fruits,30.4,90,6,Average,54.6,5.1,Yes,7,Caution
Vegetables,28.4,44,57,Average,39.9,5.6,Yes,5,Caution
Meat,24,77,37,Average,39.8,6.1,No,3,Reject
Vegetables,0.7,56,16,Damaged,65.2,6.4,Yes,7,Caution
Grains,6.4,94,18,Good,75.4,6.2,No,16,Caution
Fruits,11.5,47,38,Average,13.4,5,Yes,16,Caution
Vegetables,25,57,52,Damaged,36.7,3.6,No,17,Reject
Vegetables,11.4,61,28,Damaged,64.2,3.8,Yes,23,Reject
Dairy,25.8,61,59,Average,9.6,4.4,Yes,11,Reject
Grains,30.3,40,43,Good,34.4,5.6,No,22,Caution
Fruits,18.2,44,43,Good,76.5,5.5,Yes,8,Caution
Dairy,29.8,44,57,Good,8.5,3.4,No,7,Reject
Vegetables,15.6,77,16,Good,13.2,6.7,Yes,15,Caution
Vegetables,32.6,64,32,Good,61.7,3.6,Yes,11,Caution
Dairy,16.8,70,35,Good,48.3,4.2,Yes,21,Caution
Fruits,4.8,51,44,Good,59.7,4.3,Yes,12,Caution
Dairy,6.2,91,55,Good,37.1,6.7,Yes,6,Caution
Fruits,11,89,9,Good,18.2,4.7,Yes,18,Caution
Meat,20.3,86,4,Damaged,66.8,6.3,No,23,Reject
Grains,20,66,30,Damaged,25.1,3.9,No,14,Reject
Dairy,14.5,61,39,Good,74.9,6.8,Yes,16,Caution
Dairy,33,82,56,Average,62.8,6.3,Yes,5,Caution
Meat,21.7,67,58,Good,62.7,5.9,Yes,7,Caution
Meat,14.3,81,36,Good,73,3.8,No,5,Caution
Meat,25,73,10,Average,24.9,6.8,No,12,Reject
Fruits,17.8,77,9,Good,87.6,7.1,Yes,23,Caution
Vegetables,5.2,72,53,Good,59.1,5.9,Yes,24,Caution
Meat,0.2,67,46,Good,28.5,5.7,Yes,8,Safe
Dairy,13,45,7,Good,21.8,5.6,No,14,Caution
Fruits,26.9,94,36,Good,11,5.5,No,16,Reject
Grains,8.1,58,9,Damaged,11.8,4.1,No,9,Caution
Fruits,22.3,77,19,Good,60.7,4.3,Yes,11,Caution
Fruits,4.6,66,15,Average,44.2,4.3,No,22,Caution
Meat,18.9,77,27,Damaged,21.3,5.3,Yes,20,Reject
Grains,17.2,45,9,Good,63.6,5.3,No,9,Caution
Vegetables,25.6,46,58,Good,40.5,6.5,Yes,7,Caution
Grains,32.4,82,25,Average,14.2,4.9,No,14,Reject
Meat,30.1,56,19,Average,62.2,3.4,Yes,17,Reject
Fruits,16.4,41,47,Good,10.4,4.9,No,14,Reject
Vegetables,14,62,48,Good,11.1,6,Yes,21,Caution
Vegetables,19.7,86,19,Good,76.3,5.6,No,3,Reject
Grains,4.5,87,17,Average,58.8,6,No,10,Caution
Grains,20.1,52,59,Average,71.9,4.2,No,1,Caution
Grains,30.9,93,25,Average,29.6,5.1,No,21,Reject
Meat,33.4,41,57,Average,62,6.4,Yes,16,Reject
Grains,33.1,86,55,Good,31.8,4.2,No,16,Reject
Vegetables,3.3,74,34,Good,34.1,5.1,Yes,13,Caution
Dairy,18.3,64,43,Good,80.7,6.3,Yes,16,Caution
Grains,6.6,85,7,Good,58.6,6.4,No,11,Safe
Meat,15.2,72,41,Average,12,3.3,Yes,6,Caution
Vegetables,3.9,77,20,Good,47.9,3.2,No,18,Caution
Grains,20.3,83,5,Damaged,40.6,4.8,No,2,Caution
Vegetables,5.4,74,6,Good,14.3,6.3,Yes,1,Safe
Meat,17.8,47,44,Good,36.8,5.9,Yes,6,Caution
Grains,3,68,23,Good,87.4,6.5,No,11,Caution
Vegetables,19.4,52,31,Good,21.4,3.6,Yes,3,Caution
Fruits,2.8,93,37,Good,76.3,5,Yes,2,Caution
Dairy,14.8,90,49,Good,49.5,6.4,Yes,19,Caution
Fruits,22.4,79,44,Damaged,26.3,4,Yes,10,Reject
Meat,22.8,58,15,Good,46.6,3.8,Yes,23,Caution
Vegetables,21.4,76,32,Good,52.2,3.6,Yes,24,Caution
Meat,17.6,73,27,Good,53,7.2,Yes,23,Caution
Vegetables,9.7,41,16,Good,72.2,4.9,Yes,8,Caution
Dairy,21,64,52,Average,28.4,7.1,Yes,19,Reject
Fruits,28,89,25,Good,43.6,6,No,21,Reject
Fruits,11.5,43,21,Good,22.9,4.7,No,15,Reject
Vegetables,34.5,86,43,Good,44.7,3.9,Yes,2,Caution
Grains,17.2,91,24,Good,55.5,5.1,No,23,Reject
Meat,13,76,35,Damaged,9.2,3.5,Yes,12,Reject
Dairy,33.6,52,30,Good,23.3,7.1,Yes,23,Caution
Vegetables,21.5,90,28,Good,44.3,5.2,No,5,Reject
Dairy,9.7,61,37,Damaged,13.6,6.2,Yes,7,Caution
Vegetables,10.5,90,10,Good,61.3,5.2,Yes,12,Caution
Grains,6.6,67,55,Good,50.9,5.6,No,9,Safe
Fruits,5.3,69,59,Good,61.5,7,Yes,21,Caution
Fruits,3.2,64,41,Average,56.6,7.2,Yes,23,Caution
Fruits,10,48,2,Damaged,63.4,4,Yes,10,Caution
Grains,25.7,87,44,Good,73.8,5.5,No,13,Reject
Grains,30,49,52,Good,11.4,7,No,15,Caution
Vegetables,26.9,85,24,Average,75.3,3.9,Yes,6,Caution
Dairy,9,43,31,Good,60,6.5,No,11,Reject
Grains,18.9,81,35,Average,40.9,5.4,No,10,Caution
Vegetables,13,43,15,Good,30.7,4.9,No,7,Caution
Vegetables,4.5,65,2,Good,87,6.5,Yes,16,Safe
Fruits,17.2,78,13,Damaged,47.2,4,No,13,Reject
Meat,3.6,45,50,Good,70.6,4.9,No,19,Caution
Vegetables,18.5,75,26,Good,89.3,4.1,No,24,Reject
Grains,7.7,46,54,Average,12.2,6.5,No,11,Caution
Grains,20.3,44,14,Good,53.8,6.3,No,21,Caution
Fruits,6.6,75,50,Good,29.9,5,Yes,1,Safe
Meat,1.3,61,34,Damaged,86.3,5.3,Yes,10,Caution
Meat,10.6,59,51,Good,76.5,3.5,Yes,19,Caution
Dairy,1.1,45,24,Damaged,39.1,4.9,Yes,18,Caution
Fruits,30.3,45,51,Good,45.6,3.7,Yes,15,Caution
Grains,30.2,47,60,Good,10.3,4.1,No,23,Caution
Grains,25.3,76,19,Good,22.3,5.2,No,15,Caution
Meat,14.8,52,14,Good,31.1,3.5,Yes,23,Caution
Grains,14.2,65,24,Average,71.7,5.9,No,9,Caution
Meat,13.1,73,41,Good,27.5,5.7,Yes,7,Caution
Dairy,5.9,93,47,Good,21.2,4.7,No,21,Reject
Fruits,30.9,75,10,Good,14.2,4.8,Yes,17,Caution
Fruits,18.4,44,21,Good,85.7,3.4,Yes,18,Caution
Vegetables,22,52,21,Damaged,62.7,4.5,No,18,Reject
Fruits,16.5,44,1,Good,8.1,5.8,No,14,Caution
Meat,16.1,70,24,Average,53.8,5,Yes,18,Reject
Fruits,21.4,63,26,Good,37.7,5.6,Yes,6,Caution
Grains,12.8,40,53,Good,42.3,4.8,No,2,Caution
Meat,31.9,68,38,Average,43.3,6.9,Yes,18,Reject
Meat,28.9,57,35,Good,21.8,5.1,No,5,Reject
Meat,20.7,60,26,Good,45.3,4,Yes,9,Caution
Grains,10.2,59,50,Good,10.1,5.9,No,16,Caution
Grains,0.9,64,16,Good,84.7,5.5,No,7,Safe
Meat,4.9,47,22,Damaged,67.3,4.7,Yes,24,Caution
Dairy,33.1,93,4,Average,34.9,6.4,Yes,14,Caution
Meat,7.2,94,11,Damaged,60.2,4.8,Yes,14,Caution
Vegetables,9.8,42,18,Good,65.2,3.6,Yes,21,Caution
Vegetables,26.1,77,2,Good,8.5,5.1,Yes,6,Safe
Dairy,32.1,71,15,Good,80.6,6.2,No,10,Caution
Grains,21.4,57,18,Average,70.1,6.2,No,6,Caution
Dairy,15.7,48,37,Good,22.4,4.1,Yes,4,Caution
Grains,19.8,47,38,Damaged,49.7,4,No,20,Reject
Grains,12.4,78,20,Average,60.9,4.3,No,1,Caution
Grains,29.5,71,26,Average,47.2,5.4,No,9,Caution
Meat,5.5,49,26,Damaged,13.3,3.4,Yes,9,Caution
Grains,2.3,53,36,Damaged,25.8,4.4,No,12,Caution
Grains,29.5,68,18,Good,23.4,3.7,No,15,Caution
Dairy,32.4,60,55,Good,57.5,4.1,Yes,10,Caution
Dairy,1.5,82,42,Good,50.1,7.2,Yes,22,Caution
Dairy,1.5,46,31,Good,88.5,5.9,No,1,Caution
Grains,16.6,79,18,Damaged,29.4,5.5,No,15,Reject
Vegetables,25,51,30,Good,50.7,3.5,Yes,23,Caution
Fruits,21.6,50,7,Good,59.1,3.5,Yes,13,Caution
Meat,17.2,93,1,Average,28.9,5,Yes,21,Caution
Fruits,30.2,55,9,Average,17.8,6.4,Yes,16,Caution
Fruits,5.1,63,26,Average,42.1,6.3,No,19,Reject
Meat,3.7,42,60,Average,83.7,4.9,Yes,7,Caution
Fruits,21.6,62,56,Good,10.1,5.7,Yes,9,Caution
Grains,31.3,74,56,Good,23.7,3.3,No,24,Caution
Vegetables,1.7,94,13,Good,87.5,5.7,No,21,Caution
Dairy,4.4,43,13,Good,55.3,3.5,Yes,9,Safe
Grains,9.5,72,44,Good,79.5,4.5,No,1,Caution
Dairy,19.3,72,32,Average,11.9,6.8,Yes,4,Caution
Meat,0.2,70,40,Good,24.5,4.5,No,7,Caution
Dairy,3.3,52,30,Good,39.2,6.6,Yes,22,Caution
Fruits,32.8,62,35,Good,73.8,5.5,No,23,Reject
Grains,20,80,57,Good,36.3,5.9,No,2,Caution
Grains,28.8,46,50,Average,66.6,5.8,No,10,Caution
Fruits,16.5,40,8,Good,13.1,4.4,Yes,10,Caution
Meat,13.8,67,53,Good,88.5,3.8,Yes,6,Caution
Fruits,17.7,42,22,Average,36.1,3.9,No,3,Reject
Dairy,2.9,85,9,Good,62.7,5.8,Yes,19,Safe
Meat,28.8,79,56,Average,15.2,5.7,Yes,20,Reject
Vegetables,33,94,33,Average,55.7,4.6,No,8,Reject
Dairy,15.8,81,49,Damaged,80.6,6.1,Yes,7,Reject
Dairy,33.5,86,48,Damaged,83.2,7.1,Yes,20,Reject
Dairy,5.9,53,5,Good,84.7,5.3,Yes,19,Safe
Vegetables,13.1,77,39,Good,27.9,6.2,Yes,3,Caution
Fruits,2.2,67,51,Damaged,16.5,4.1,No,17,Reject
Vegetables,5.9,66,59,Good,22.8,4.4,Yes,18,Caution
Grains,0.7,78,41,Good,50.1,4.4,No,11,Caution
Grains,23.4,57,6,Good,39.7,6.9,No,8,Safe
Meat,12.1,56,39,Average,43.5,6.2,Yes,20,Caution
Dairy,34.6,50,20,Good,85.5,3.2,Yes,10,Caution
Meat,3.6,63,24,Good,55.5,3.4,Yes,18,Caution
Meat,2.9,85,10,Average,75.3,6.1,Yes,21,Caution
Grains,3.9,62,21,Average,25.2,5.6,No,21,Caution
Fruits,3.7,46,39,Good,12.7,6.3,Yes,8,Safe
Dairy,4.4,75,10,Good,57.7,4.9,Yes,10,Safe
Grains,4.8,78,56,Average,55.3,5.8,No,19,Caution
Fruits,16,88,44,Good,75.7,3.9,Yes,17,Reject
Vegetables,2.2,59,19,Good,52.8,3.6,No,18,Caution
Meat,14.1,91,32,Good,88,3.2,No,11,Reject
Fruits,22.7,82,6,Good,89.5,6.5,Yes,4,Safe
Grains,2.1,69,56,Good,52.1,6.5,No,2,Safe
Meat,28.7,54,18,Average,20.3,4.6,Yes,14,Reject
Grains,12.9,72,21,Damaged,26.8,6.9,No,5,Caution
Grains,19.7,81,47,Average,29.7,4.8,No,9,Caution
Vegetables,2.3,89,52,Good,29.1,4,No,19,Reject
Dairy,28.9,69,4,Good,61.8,4,Yes,19,Caution
Vegetables,27.7,82,34,Good,37.3,4.3,Yes,4,Caution
Vegetables,8.8,66,60,Good,38,5.5,No,8,Caution
Vegetables,16.6,49,21,Good,37.6,4.1,Yes,18,Caution
Fruits,1.8,61,53,Good,72.8,4.6,Yes,22,Caution
Dairy,26.2,88,7,Damaged,56.9,3.3,Yes,23,Reject
Vegetables,26.1,63,21,Good,32.9,5.1,Yes,18,Caution
Meat,5.7,70,12,Good,56.6,4.9,No,12,Caution
Vegetables,13.3,54,10,Average,66.9,5.7,No,21,Reject
Dairy,7.2,81,40,Good,55.6,4.7,Yes,5,Safe
Vegetables,1.1,60,36,Average,52.2,3.8,Yes,14,Caution
Fruits,14.7,62,10,Average,18.2,6.9,No,20,Reject
Meat,8.3,70,1,Average,31.6,3.7,Yes,4,Safe
Dairy,29.3,91,55,Good,21.1,6.1,Yes,7,Caution
Dairy,20,69,57,Average,79.3,5.4,No,15,Reject
Dairy,4.8,47,44,Good,64.7,5.5,Yes,24,Caution
Dairy,23.5,88,17,Good,10.8,5.4,No,24,Reject
Meat,18.5,42,32,Good,62.6,3.3,No,8,Reject
Meat,24,69,31,Good,67.2,7,Yes,12,Caution
Vegetables,4.1,49,44,Damaged,18,3.5,No,15,Reject
Grains,13.3,78,34,Good,27.4,3.2,No,21,Caution
Grains,34,58,1,Good,40.4,5.3,No,24,Caution
Dairy,13.9,62,8,Good,41.3,5.5,No,18,Caution
Fruits,31.4,84,18,Average,17.2,5.6,Yes,23,Reject
Meat,34.3,92,42,Good,87.5,6.3,Yes,24,Reject
Meat,6.6,70,22,Good,19.8,6.8,Yes,13,Caution
Grains,30.9,81,39,Good,58,3.2,No,21,Caution
Meat,3,91,51,Average,41.4,5.9,No,18,Reject
Grains,19.1,42,35,Good,10,4.5,No,17,Caution
Grains,2.9,45,3,Good,88.7,6.7,No,16,Safe
Vegetables,25.9,74,33,Good,8.2,4.1,No,13,Reject
Grains,34.1,40,13,Good,86.3,6.3,No,19,Caution
Fruits,23.8,74,15,Good,67.3,6.7,No,3,Caution
Meat,13.5,51,48,Average,19.2,6.6,Yes,16,Caution
Meat,27.6,42,22,Average,38.2,3.7,No,22,Reject
Vegetables,19.5,79,10,Good,13,4.5,Yes,9,Caution
Meat,18.1,51,22,Average,82.1,4.3,Yes,2,Caution
Vegetables,9.6,91,36,Damaged,66.7,5.2,Yes,24,Reject
Vegetables,12.9,90,1,Average,20.3,5,Yes,9,Caution
Meat,8.9,71,57,Average,21.3,5.9,No,6,Reject
Fruits,20,57,24,Good,27,5.5,No,3,Reject
Dairy,28.4,82,40,Good,11.4,5.6,Yes,14,Caution
Meat,8.8,59,8,Average,65.3,7,No,19,Reject
Meat,27,67,37,Good,73.8,3.9,Yes,8,Caution
Grains,12.2,46,39,Average,16.6,3.8,No,10,Caution
Fruits,28.2,57,39,Average,71.5,4,Yes,17,Reject
Fruits,4,46,55,Good,63.1,4.8,No,8,Caution
Fruits,22.2,61,23,Good,43.6,7.1,Yes,2,Caution
Fruits,28,67,26,Good,78.3,5.4,Yes,18,Caution
Fruits,2.8,64,50,Damaged,18.2,6.9,No,22,Reject
Grains,31.3,85,53,Average,34,6.3,No,8,Caution
Fruits,3.3,70,3,Damaged,47.4,5.1,Yes,11,Caution
Fruits,19.7,83,57,Good,67.1,4.5,No,24,Reject
Fruits,21.2,54,7,Average,88.2,7,No,1,Caution
Meat,30.7,76,1,Damaged,65.8,6.9,No,3,Reject
Fruits,13.6,76,3,Damaged,40,4.5,Yes,24,Caution
Vegetables,13.9,82,53,Good,9.2,5.4,Yes,20,Caution
Grains,23.7,56,36,Average,76.1,6.6,No,21,Reject
Dairy,14.8,81,6,Average,54.5,6.5,Yes,2,Safe
Fruits,20.4,49,59,Good,53.3,4.6,No,7,Reject
Vegetables,16,55,57,Good,79.4,3.5,No,18,Reject
Meat,11.5,77,10,Good,37.7,6.3,Yes,18,Caution
Grains,1.4,68,19,Good,59.2,4.4,No,20,Caution
Fruits,19.6,88,45,Good,88.2,5.9,No,5,Reject
Grains,13,70,1,Good,38.3,6.1,No,1,Safe
Meat,22.5,49,18,Good,40.2,4,Yes,13,Caution
Meat,33.5,46,59,Good,50.6,5.8,Yes,24,Caution
Dairy,21.5,91,5,Good,59.3,6.5,No,3,Caution
Grains,25.5,53,30,Good,80,4.7,No,20,Caution
Vegetables,25.2,70,4,Good,37,4,Yes,9,Safe
Grains,18.2,65,3,Damaged,10.5,5.9,No,7,Caution
Dairy,29.6,57,18,Average,21,4.2,Yes,10,Caution
Dairy,9,90,35,Damaged,16.1,3.9,Yes,21,Reject
Dairy,20.9,49,45,Good,9.4,4.3,Yes,15,Caution
Grains,7.1,93,41,Good,42.7,7,No,8,Caution
Fruits,13.5,75,48,Average,76.7,3.7,No,14,Reject
Meat,29.4,53,40,Good,39.7,5.5,No,4,Reject
Vegetables,28.3,42,49,Average,64.2,4.2,Yes,21,Reject
Fruits,1.3,87,37,Average,62.6,3.4,Yes,14,Caution
Meat,1.5,95,27,Good,52.1,6.7,Yes,8,Caution
Grains,4.9,68,33,Damaged,49.8,5.8,No,9,Caution
Fruits,15.5,95,52,Good,89.5,4.8,No,23,Reject
Grains,12.4,64,31,Damaged,57.6,6.1,No,15,Reject
Fruits,17.1,75,20,Good,58.8,5.8,No,10,Reject
Grains,4.6,40,55,Good,27.7,3.7,No,24,Caution
Grains,1.8,51,39,Good,77.3,3.4,No,21,Caution
Vegetables,13.6,57,7,Damaged,22.7,6.3,Yes,24,Caution
Vegetables,28.1,94,5,Good,20.1,4.7,Yes,2,Caution
Grains,32,55,51,Good,48,4.7,No,4,Caution
Meat,7.8,86,55,Good,30.4,6.9,Yes,9,Caution
Vegetables,19.3,73,58,Average,67,5.8,Yes,15,Reject
Vegetables,7.3,53,45,Average,75.6,5.3,No,21,Reject
Grains,27.2,66,46,Good,16.7,6.2,No,11,Caution
Grains,26,73,28,Good,73.9,7,No,1,Caution
Fruits,5.7,54,10,Average,60.6,3.5,No,13,Caution
Grains,3.3,60,15,Average,36.5,4.1,No,20,Caution
Dairy,21.8,92,47,Good,14.1,6.6,No,23,Reject
Grains,1.4,78,1,Good,37.2,6.1,No,4,Safe
Grains,27,72,44,Good,69.1,4.7,No,11,Caution
Grains,6.4,67,6,Damaged,53.3,4.8,No,13,Caution
Dairy,0.2,90,30,Good,45,3.6,Yes,11,Caution
Dairy,26.9,70,53,Good,27.2,4.9,Yes,17,Caution
Vegetables,19,48,31,Average,65.3,5.8,No,4,Reject
Grains,13.9,74,51,Good,11.9,5.5,No,21,Caution
Grains,31,45,33,Good,65.6,6.7,No,2,Caution
Grains,8.4,90,25,Good,73.8,3.7,No,5,Caution
Fruits,1,94,5,Good,34.2,5,Yes,8,Safe
Meat,4.4,63,51,Average,76.3,3.3,No,1,Caution
Dairy,21.7,82,56,Good,84.4,3.6,Yes,8,Caution
Fruits,25.3,56,37,Average,48.3,6.8,Yes,15,Reject
Meat,33,88,36,Good,82.8,6.2,Yes,20,Reject
Vegetables,11.7,42,11,Good,42.2,4.8,Yes,10,Safe
Meat,17.4,65,7,Good,15.5,3.9,Yes,9,Safe
Grains,30.6,82,47,Average,73.5,4.5,No,24,Reject
Fruits,17,46,9,Good,89.4,3.4,No,5,Caution
Fruits,20,55,56,Damaged,9.6,5.9,Yes,22,Reject
Vegetables,13.8,55,6,Average,87.2,5.5,Yes,5,Safe
Fruits,19.5,58,13,Damaged,81.6,4.8,Yes,23,Reject
Meat,26.7,57,9,Good,44.3,6.2,Yes,6,Caution
Meat,28.2,73,19,Good,57.4,3.7,Yes,19,Caution
Dairy,29.6,47,42,Good,55.8,6.7,Yes,11,Caution
Dairy,4.9,92,45,Average,20.1,5.5,Yes,20,Caution
Vegetables,4.6,49,23,Good,65.5,5.8,Yes,11,Caution
Dairy,6.2,48,40,Good,9.6,3.3,Yes,4,Safe
Fruits,15.6,66,41,Good,8.8,5.1,Yes,22,Caution
Grains,33.7,95,35,Good,61.3,4.5,No,8,Caution
Dairy,32,40,58,Damaged,58.6,5.8,No,20,Reject
Meat,21.3,61,51,Good,31.4,6.4,Yes,2,Caution
Meat,32.2,59,8,Good,38.1,5.2,Yes,2,Caution
Grains,29.8,44,50,Good,27.5,6.5,No,3,Caution
Grains,33.9,60,10,Good,61.5,5.8,No,5,Caution
Dairy,2.9,81,6,Good,73.3,4.4,No,22,Caution
Grains,0.9,50,18,Average,13.3,5.1,No,9,Caution
Grains,6.4,81,49,Good,75,5.8,No,4,Safe
Grains,8.4,90,53,Good,60.6,5,No,19,Caution
Vegetables,26.6,72,35,Average,31.7,4.7,Yes,2,Caution
Grains,12.9,78,21,Average,26.6,3.7,No,5,Caution
Dairy,28.6,76,4,Good,53.1,5.2,Yes,7,Safe
Meat,28.6,83,27,Good,27.3,3.7,No,24,Reject
Vegetables,9.8,59,57,Good,88.7,6.6,Yes,5,Caution
Vegetables,28.7,50,55,Average,13.8,4.9,Yes,11,Reject
Fruits,9.6,50,35,Good,50.9,5.8,No,23,Reject
Meat,1.4,62,27,Good,51.8,5.5,No,4,Caution
Meat,24.9,68,4,Average,52.2,3.3,Yes,20,Caution
Fruits,34.8,56,43,Good,67.3,5.1,No,12,Reject
Grains,16.2,48,30,Average,78.4,6.8,No,10,Caution
Grains,10.7,70,32,Good,66.3,4.4,No,23,Caution
Fruits,25.9,59,6,Good,70.8,4.4,No,2,Caution
Grains,29.9,40,33,Average,41.4,6.9,No,23,Reject
Vegetables,28.4,80,52,Average,32.6,5.6,Yes,14,Reject
Grains,6,81,18,Average,37,6.6,No,11,Caution
Grains,19.7,66,50,Good,87.2,4.7,No,8,Caution
Vegetables,8,83,41,Good,74.7,3.8,Yes,5,Safe
Dairy,10.6,67,39,Good,89.8,4.1,Yes,5,Caution
Dairy,8.9,95,43,Average,42.5,4.2,Yes,15,Reject
Vegetables,15.3,40,22,Average,78.3,6.7,Yes,6,Caution
Vegetables,28.1,46,58,Good,84.1,4,Yes,18,Caution
Meat,5.7,91,16,Average,82.4,6,Yes,18,Caution
Meat,27.8,56,30,Average,39.1,4.6,No,14,Reject
Dairy,34,73,60,Average,38.1,3.3,No,19,Reject
Dairy,12.4,62,42,Good,14.3,5.3,Yes,9,Caution
Dairy,22.4,61,11,Average,48.8,7,Yes,24,Caution
Meat,23.2,85,20,Good,54.5,7.1,No,1,Reject
Meat,18.6,94,29,Good,28,3.5,Yes,17,Reject
Fruits,3.5,61,10,Average,66,5.4,Yes,24,Caution
Fruits,4.6,60,14,Good,58.6,3.9,No,17,Caution
Fruits,13,66,44,Average,81.9,3.9,Yes,17,Caution
Vegetables,32.7,75,5,Good,26.1,6.6,No,22,Caution
Dairy,12.5,51,13,Good,68.8,4.9,Yes,16,Caution
Meat,26.4,85,51,Good,9.5,3.3,No,6,Reject
Vegetables,28.2,79,46,Average,80.5,5.2,Yes,7,Caution
Meat,15.5,64,32,Good,46.5,3.8,No,16,Reject
Grains,25.8,89,2,Damaged,79.8,4.9,No,7,Caution
Meat,6.1,84,34,Average,66.9,6.9,No,23,Reject
Dairy,34.9,44,20,Average,65,7,No,9,Reject
Vegetables,33.3,42,27,Average,76.3,7,Yes,18,Reject
Dairy,23.6,85,20,Good,80.9,6.3,Yes,9,Caution
Fruits,2.6,57,8,Damaged,24.7,3.7,Yes,17,Caution
Dairy,3,55,42,Average,86.7,4.2,No,5,Caution
Grains,32.7,83,37,Damaged,41.2,4.7,No,23,Reject
Vegetables,12.4,53,25,Average,15.8,5.7,No,15,Reject
Vegetables,10.9,91,6,Good,64.3,7.2,Yes,11,Caution
Grains,3.5,93,24,Good,71.8,4.3,No,4,Caution
Dairy,21.8,66,37,Good,50.6,4.5,No,16,Reject
Vegetables,20.1,86,15,Average,48.4,4.3,Yes,24,Reject
Meat,13.4,46,60,Average,27,4.5,Yes,9,Caution
Grains,6.1,68,58,Good,13.4,6.6,No,2,Safe
Dairy,6.7,74,46,Average,25.7,3.5,Yes,4,Caution
Grains,20.1,41,46,Good,17.7,4.4,No,17,Caution
Meat,23.6,49,45,Good,30.5,6.9,Yes,12,Caution
Fruits,32,55,12,Good,16.1,4,No,15,Reject
Meat,5.9,69,27,Good,35.6,3.4,Yes,14,Caution
Grains,2.3,79,46,Average,84.7,5.5,No,6,Caution
Meat,26.8,70,58,Average,38.9,4.4,Yes,22,Reject
Grains,24.5,76,8,Good,34.5,4.1,No,11,Caution
Vegetables,20.1,41,18,Damaged,40.1,5.3,No,16,Reject
Meat,7.1,92,9,Average,47.6,6,No,18,Reject
Fruits,34.2,64,53,Average,36.2,4,Yes,13,Reject
Dairy,32.3,78,38,Average,73.2,3.8,No,5,Reject
Dairy,7.5,41,45,Good,79.9,5.6,Yes,20,Caution
Grains,13.6,81,6,Good,29.6,5.9,No,19,Safe
Dairy,15.4,92,41,Good,50.3,6.2,No,18,Reject
Vegetables,33.2,53,31,Average,33.8,4.5,Yes,3,Caution
Vegetables,19.4,93,1,Good,21.6,5.9,No,12,Reject
Grains,11.4,69,31,Average,42.1,5.6,No,11,Caution
Vegetables,0.7,40,39,Good,45,3.4,Yes,6,Safe
Dairy,2.8,86,43,Good,80.6,4.1,Yes,21,Caution
Dairy,20.9,88,21,Good,44.9,5.5,No,8,Reject
Dairy,9.1,92,57,Good,64.2,4.8,Yes,21,Caution
Meat,18.2,49,37,Good,17,6.9,Yes,21,Caution
Dairy,1.9,52,46,Good,80.8,3.4,No,23,Caution
Dairy,26.1,93,6,Good,85.3,3.3,No,21,Reject
Dairy,5.3,58,19,Average,29.7,3.9,Yes,20,Caution
Vegetables,25.9,88,53,Good,27.9,7.1,Yes,10,Caution
Meat,16.4,84,33,Damaged,61.3,6.6,Yes,2,Reject
Vegetables,25.4,81,34,Good,59.3,3.3,Yes,19,Caution
Meat,19.3,90,9,Good,28.7,5.6,Yes,13,Caution
Meat,5,89,31,Damaged,12.1,6.5,Yes,15,Reject
Meat,16.3,82,34,Good,69.2,6.6,Yes,21,Caution
Meat,7.9,78,32,Average,85.5,3.2,Yes,10,Caution
Fruits,32.9,67,2,Average,47.5,4.9,Yes,19,Caution
Grains,27.3,49,28,Good,57.4,6,No,20,Caution
Fruits,26.5,82,33,Good,41.4,4.8,Yes,11,Caution
Meat,23.8,63,51,Good,24.2,6.3,Yes,5,Caution
Fruits,22.2,51,13,Good,29.1,7.2,No,8,Caution
Grains,11.5,78,58,Average,36,3.3,No,20,Caution
Vegetables,7.4,94,2,Good,77.3,4.8,No,2,Caution
Meat,16.7,42,4,Good,9.8,6.6,No,6,Caution
Fruits,25.3,73,30,Good,71,5.1,No,19,Reject
Dairy,28.4,64,14,Average,35.3,6.7,No,7,Reject
Vegetables,18.8,83,44,Average,88.7,3.4,Yes,7,Caution
Grains,20.1,46,23,Good,17.7,5.7,No,23,Caution
Vegetables,29.9,41,16,Good,29.4,4.7,Yes,1,Caution
Grains,26.9,85,42,Good,75.4,6.1,No,3,Caution
Vegetables,14,67,22,Damaged,65.2,4.6,No,22,Reject
Grains,13.1,89,60,Good,23.3,4.1,No,9,Caution
Meat,7.1,94,30,Damaged,12.7,5.3,Yes,5,Caution
Dairy,12,51,24,Good,65.1,7,No,15,Reject
Grains,25.6,90,29,Good,39.3,4.9,No,24,Reject
Grains,24.5,83,40,Damaged,42.8,5.6,No,17,Reject
Meat,6.1,87,15,Good,40.1,3.4,Yes,22,Caution
Grains,33.4,80,33,Good,73.5,4.2,No,5,Caution
Dairy,32.8,42,36,Good,76.8,3.5,Yes,17,Caution
Dairy,16.6,81,15,Good,70.4,4.7,No,23,Reject
Dairy,0.6,66,19,Damaged,74.1,4.7,Yes,15,Caution
Grains,20.1,70,24,Good,20.4,5.9,No,5,Caution
Fruits,6.5,89,60,Damaged,86.4,5,No,6,Reject
Vegetables,4.9,46,19,Average,10.2,4.6,Yes,2,Caution
Meat,27.1,66,31,Good,78.7,5,No,20,Reject
Vegetables,10.2,52,59,Average,8.5,3.9,No,4,Reject
Grains,21.7,66,51,Average,14.7,4.6,No,12,Reject
Vegetables,13.6,72,20,Average,76.2,7.1,Yes,17,Caution
Vegetables,21.2,69,12,Good,17.2,6.8,Yes,23,Caution
Fruits,30.8,44,29,Good,16.4,6.3,Yes,21,Caution
Fruits,4.3,75,54,Good,16.6,6.3,Yes,13,Caution
Dairy,7,67,43,Good,54.1,3.4,Yes,9,Safe
Meat,30.7,73,48,Good,37.3,6.6,Yes,12,Caution
Dairy,22.2,74,39,Good,64.9,6,Yes,22,Caution
Vegetables,34.9,94,44,Average,60.9,5.9,Yes,5,Reject
Dairy,19.9,85,5,Good,42.3,6.3,Yes,20,Caution
Dairy,5.9,92,59,Good,53.3,4.1,Yes,14,Caution
Dairy,19.6,56,21,Good,85.7,4.7,No,8,Reject
Dairy,12.7,64,56,Good,48.5,3.8,Yes,3,Caution
Dairy,0.8,77,4,Average,64.1,5.5,No,10,Caution
Meat,16.8,41,36,Good,35.9,4.5,No,7,Reject
Grains,21.9,63,21,Good,63.9,6.1,No,4,Caution
Vegetables,31,65,10,Good,70.3,6.3,Yes,15,Caution
Vegetables,12.4,85,27,Good,31.5,5.5,Yes,1,Caution
Grains,29.2,85,26,Average,79.7,4.6,No,10,Caution
Fruits,27.1,84,38,Average,52.5,6.6,Yes,19,Reject
Fruits,5.6,57,36,Damaged,73.5,7,Yes,2,Caution
Grains,13.6,61,8,Good,38.4,5.4,No,24,Caution
Fruits,21.2,48,3,Good,61.8,4.3,Yes,16,Caution
Vegetables,23.6,76,32,Average,59,4.1,No,22,Reject
Vegetables,23.4,95,33,Damaged,88.7,5.8,No,2,Reject
Grains,4,72,16,Good,18.5,5.6,No,3,Safe
Fruits,13,64,36,Good,84.6,4.9,No,22,Reject
Grains,17.7,82,1,Good,84.4,5.1,No,6,Safe
Dairy,12.4,49,3,Good,75.6,3.5,Yes,12,Safe
Meat,7.3,84,12,Good,76.3,4.4,Yes,10,Safe
Dairy,1.1,82,10,Good,42.1,3.4,No,16,Caution
Dairy,24.8,69,59,Good,40.8,5.4,No,23,Reject
Dairy,6.7,77,4,Good,59.3,3.9,Yes,4,Safe
Meat,15.2,81,2,Good,83,6,Yes,10,Safe
Meat,7.2,43,14,Good,46.5,3.7,Yes,20,Safe
Meat,26.5,60,19,Good,89.7,3.2,No,21,Reject
Vegetables,32.7,46,49,Damaged,53.4,4.4,Yes,12,Reject
Meat,33.1,53,58,Good,77.6,3.5,Yes,8,Caution
Fruits,16.2,71,6,Damaged,50.5,4.5,Yes,4,Caution
Grains,32,60,32,Good,22.5,4,No,7,Caution
Grains,15.5,47,38,Average,58.4,5,No,10,Caution
Vegetables,25.3,81,52,Average,83.6,7.2,Yes,21,Reject
Vegetables,21.5,49,47,Good,54,6.3,No,17,Reject
Meat,2.5,69,4,Average,83.6,6.9,Yes,15,Safe
Vegetables,3.7,67,3,Good,64.9,5.6,Yes,9,Safe
Fruits,8.2,59,31,Good,69.1,3.2,No,1,Caution
Dairy,15.3,46,1,Good,37.4,3.4,Yes,15,Caution
Fruits,32.4,72,44,Average,65.6,6.5,Yes,3,Caution
Dairy,28.7,47,12,Good,32.4,5.4,No,20,Reject
Grains,2,64,37,Good,54.9,6.1,No,15,Caution
Vegetables,4.6,73,59,Good,28.7,5,No,3,Caution
Dairy,32.1,44,12,Average,17.8,7.1,No,1,Reject
Fruits,16.4,91,36,Good,35.1,5.9,Yes,15,Reject
Grains,15.3,65,7,Good,17.2,7.1,No,5,Safe
Vegetables,12.5,90,38,Good,62.9,4.8,Yes,4,Caution
Meat,14.4,66,26,Average,55.2,4,No,24,Reject
Meat,8.6,76,60,Damaged,63.5,3.5,No,12,Reject
Grains,11.7,55,40,Good,19,6,No,5,Caution
Vegetables,16.4,83,28,Average,17.4,6.5,Yes,9,Caution
Fruits,29.7,91,47,Damaged,87.1,4.5,Yes,14,Reject
Meat,9.6,51,31,Damaged,26.2,6.6,Yes,21,Reject
Meat,5.2,63,24,Damaged,44.1,5.1,Yes,10,Caution
Meat,5.1,64,38,Good,88,5.2,Yes,15,Caution
Fruits,34.7,83,58,Good,33.1,7.1,Yes,5,Caution
Meat,2,52,52,Good,57.9,3.4,Yes,3,Safe
Vegetables,3.2,85,23,Damaged,44.9,5.2,No,1,Reject
Dairy,26.6,42,15,Good,59.9,4.1,No,6,Caution
Grains,33.1,71,20,Damaged,37.4,4.4,No,24,Reject
Vegetables,11.6,66,8,Good,13.2,5.1,Yes,11,Caution
Meat,15,82,28,Good,83.2,4.1,Yes,19,Caution
Meat,27.9,40,53,Good,80.9,3.8,No,13,Reject
Fruits,6.4,87,23,Good,57.3,6,Yes,6,Caution
Meat,11.7,47,55,Good,22.7,4.7,Yes,16,Caution
Vegetables,23.5,77,60,Average,46.4,4.5,No,23,Reject
Grains,32.6,48,35,Good,62.8,4.8,No,3,Caution
Fruits,13.1,93,29,Good,50.9,5,Yes,11,Caution
Grains,5,83,33,Good,53.4,3.3,No,20,Caution
Vegetables,9.5,49,56,Good,74.7,5.5,Yes,15,Caution
Grains,32.9,49,43,Good,59.1,3.9,No,8,Caution
Dairy,28.6,71,30,Good,68.7,6.2,Yes,12,Caution
Fruits,32.3,50,33,Average,11.5,7.1,Yes,5,Caution
Dairy,27.1,42,54,Average,69.4,3.9,Yes,9,Caution
Meat,18.2,45,34,Good,82.3,3.8,No,19,Reject
Meat,2.2,75,7,Good,79.4,4.2,No,5,Safe
Dairy,21.3,82,14,Good,30.5,6.6,No,11,Reject
Vegetables,25.1,95,3,Damaged,63.3,4,Yes,24,Reject
Grains,34.3,49,35,Average,54.1,6.7,No,19,Reject
Vegetables,26.2,67,52,Good,9.8,4.8,No,18,Reject
Meat,9.3,57,20,Average,13.4,5,Yes,7,Caution
Vegetables,14.2,65,26,Good,83.4,6.3,Yes,15,Caution
Dairy,12.9,78,47,Good,83,3.3,No,23,Reject
Fruits,13.4,91,36,Damaged,87.4,7.2,No,12,Reject
Vegetables,17.7,56,50,Good,36.9,4.5,Yes,5,Caution
Fruits,15.6,40,4,Average,43.9,6.7,Yes,24,Caution
Meat,27.2,94,35,Good,86.1,4.9,Yes,23,Reject
Fruits,9.2,54,20,Good,39.3,4.2,Yes,15,Caution
Fruits,12.2,56,2,Average,49.2,3.4,No,19,Caution
Vegetables,22.4,86,45,Average,65,5.9,Yes,12,Reject
Fruits,22.6,93,52,Good,66.5,5.8,No,19,Reject
Grains,21.6,91,40,Good,40.9,4.7,No,18,Reject
Grains,16.8,44,12,Good,68.4,5.4,No,10,Caution
Dairy,1.8,45,27,Good,85.6,7,No,5,Caution
Dairy,8,70,6,Average,41.4,5.3,No,11,Caution
Meat,31.8,89,45,Damaged,13.7,6.3,No,13,Reject
Vegetables,8.9,57,18,Good,56.4,4.5,Yes,2,Caution
Vegetables,3.3,41,60,Good,50.7,5.5,Yes,12,Caution
Dairy,23.8,86,3,Average,41.6,4.9,Yes,4,Caution
Dairy,28.6,77,33,Damaged,72.5,5.9,Yes,8,Reject
Fruits,28.2,83,21,Average,82.9,5.8,No,11,Reject
Fruits,29.6,62,25,Good,17.9,4.9,No,18,Reject
Grains,31,71,11,Average,54.9,5,No,22,Caution
Dairy,4.9,40,7,Damaged,69.6,4.7,Yes,12,Caution
Fruits,0.5,74,14,Good,83.1,5,Yes,6,Safe
Grains,33.6,81,45,Average,13.5,4.1,No,19,Reject
Meat,0.6,67,30,Damaged,30.4,6.4,No,1,Reject
Fruits,27.4,43,39,Good,83.1,5.7,No,18,Reject
Fruits,32.6,46,41,Good,24.3,5.9,No,12,Reject
Meat,25,41,35,Good,87,7.2,No,14,Reject
Dairy,21,79,7,Good,60.8,4.4,No,12,Caution
Vegetables,28.3,59,43,Good,29.3,4.6,Yes,15,Caution
Vegetables,21.8,55,9,Good,14.7,6.4,Yes,7,Caution
Fruits,9.7,65,16,Good,43.2,6.3,Yes,13,Caution
Grains,6.7,51,24,Average,19.5,6.5,No,2,Caution
Vegetables,31,50,4,Good,28.3,5.9,Yes,13,Caution
Meat,29.3,76,38,Good,39.8,3.3,No,15,Reject
Fruits,21.7,83,56,Good,80,4.5,Yes,21,Caution
Fruits,7.7,92,30,Good,59.3,4.5,No,15,Reject
Vegetables,22.2,42,38,Average,53.3,7.1,Yes,1,Caution
Vegetables,30.2,63,44,Good,63.8,3.8,Yes,11,Caution
Vegetables,28.3,69,56,Good,58.5,3.6,No,18,Reject
Dairy,15.4,66,18,Good,55.5,4,Yes,2,Caution
Vegetables,30.7,47,51,Good,52.6,6.5,Yes,14,Caution
Vegetables,26.3,67,36,Good,75.7,3.8,Yes,3,Caution
Fruits,18.2,71,10,Average,42.6,6.7,Yes,18,Caution
Vegetables,7.5,46,49,Good,71.8,4.9,Yes,6,Safe
Dairy,30.8,85,41,Good,36.7,6.6,Yes,7,Caution
Dairy,29.5,40,34,Good,39.3,4,Yes,24,Caution
Vegetables,23.6,90,42,Good,66.5,7,No,16,Reject
Vegetables,0.7,80,16,Good,47.2,4.6,Yes,3,Safe
Grains,1.7,67,19,Good,68.1,3.7,No,9,Safe
Meat,1.7,64,29,Good,80,3.7,Yes,16,Caution
Grains,20,77,39,Good,43.9,3.6,No,12,Caution
Meat,9,82,12,Good,87.3,6.7,No,12,Caution
Grains,22.9,77,41,Good,12.7,3.7,No,24,Caution
Meat,7.7,85,2,Good,34,6.7,Yes,22,Safe
Grains,10.8,70,22,Good,59.4,3.8,No,22,Caution
Grains,0.8,64,27,Good,83.4,6.6,No,15,Caution
Meat,16.4,40,36,Good,41.4,5.2,Yes,19,Caution
Grains,28,61,29,Damaged,34.4,6.2,No,4,Reject
Grains,10.1,60,33,Good,67.9,5.5,No,13,Caution
Fruits,31.8,84,2,Good,37.7,4.3,No,19,Caution
Fruits,17.1,91,43,Good,68.7,4.4,Yes,17,Reject
Dairy,30,74,48,Good,63.2,3.9,Yes,10,Caution
Grains,21,84,6,Good,41.2,6.1,No,20,Caution
Dairy,8.8,79,9,Good,51.5,3.7,No,10,Caution
Meat,31.1,65,39,Good,72,5,Yes,19,Caution
Grains,19.7,74,48,Good,8.7,4.5,No,11,Caution
Meat,27.5,95,10,Average,24.2,3.5,No,12,Reject
Fruits,21.7,93,23,Good,88.4,6.4,Yes,6,Caution
Vegetables,24.4,76,26,Good,54.9,4.1,No,7,Reject
Meat,11,90,1,Good,24.2,6,No,9,Caution
Vegetables,34.2,47,56,Good,74.8,5.2,Yes,21,Caution
Grains,13.2,91,16,Good,8.8,5.9,No,16,Caution
Dairy,34.5,94,14,Good,11,3.8,Yes,16,Caution
Fruits,16.3,50,29,Good,32,5.4,Yes,7,Caution
Grains,19.3,89,48,Average,30.9,3.7,No,21,Reject
Meat,2.2,94,53,Average,80.5,4.1,No,16,Reject
Dairy,10.7,85,50,Damaged,78.3,6.5,Yes,17,Reject
Vegetables,22.9,84,21,Good,67.3,6,Yes,8,Caution
Vegetables,2.1,85,29,Good,27,4.2,Yes,4,Safe
Grains,34.1,92,42,Good,20.8,3.4,No,13,Reject
Vegetables,18.5,44,35,Good,38.3,4.9,Yes,10,Caution
Vegetables,19.3,74,9,Good,67.7,4.8,Yes,23,Caution
Meat,29.1,54,38,Good,59.5,5.2,Yes,12,Caution
Meat,31.3,84,31,Average,16.7,5.7,No,4,Reject
Grains,24.6,43,13,Good,79,5.1,No,18,Caution
Meat,1,57,54,Damaged,79.1,4.3,Yes,6,Caution
Fruits,29,79,8,Good,70.9,6,No,2,Caution
Fruits,25.4,91,30,Damaged,10.8,6.5,Yes,8,Reject
Fruits,13.4,44,23,Average,10.8,5.7,Yes,21,Caution
Meat,17.3,70,51,Damaged,45.4,6.9,Yes,10,Reject
Dairy,21,64,44,Good,62.8,4,Yes,24,Caution
Fruits,12.3,93,15,Good,39.3,3.5,Yes,12,Caution
Grains,3.2,43,8,Good,10,5.7,No,7,Safe
Grains,30.1,49,52,Good,36.2,4.9,No,7,Caution
Meat,28.2,94,54,Damaged,82.9,6.1,No,6,Reject
Grains,12.7,69,15,Good,81.8,4,No,9,Safe
Grains,16,56,8,Average,32.1,6.7,No,17,Caution
Fruits,19.6,56,35,Average,58.2,7.2,Yes,2,Caution
Vegetables,27.6,58,17,Good,11.3,4.1,No,10,Reject
Fruits,12.1,44,21,Average,50.7,3.7,Yes,10,Caution
Grains,22.9,81,46,Damaged,25.5,6.1,No,2,Reject
Meat,9.5,57,15,Good,84.6,6.8,Yes,16,Caution
Grains,29.8,84,54,Good,46.5,3.8,No,20,Caution
Vegetables,8.9,45,13,Average,15.3,3.9,No,16,Reject
Vegetables,14.1,92,60,Good,48,4.3,Yes,5,Caution
Fruits,3.7,93,40,Average,84.7,5.9,Yes,18,Caution
Dairy,20.1,91,50,Good,79.9,7.1,No,20,Reject
Grains,12,82,16,Good,80.3,3.3,No,23,Caution
Vegetables,12,55,30,Good,44.5,4,Yes,5,Caution
Dairy,12.2,78,32,Good,27.7,3.3,Yes,15,Caution
Vegetables,3,85,55,Good,71.8,5.7,No,4,Caution
Fruits,7.3,58,32,Good,10.4,4.1,No,13,Caution
Vegetables,32,95,41,Good,50.6,4.1,Yes,8,Caution
Meat,32.3,70,29,Damaged,63.2,5.7,Yes,24,Reject
Dairy,21.1,52,55,Good,76.5,4.1,Yes,19,Caution
Grains,7.7,45,33,Damaged,82.3,4.7,No,21,Caution
Grains,22.6,85,55,Good,58.9,4.6,No,23,Caution
Vegetables,32.5,84,7,Damaged,16.1,6.9,Yes,16,Caution
Fruits,14.9,57,24,Average,27.5,4.6,No,3,Reject
Meat,26.7,83,41,Good,82.2,4.8,Yes,18,Caution
Grains,3.9,47,30,Good,25.1,3.7,No,4,Safe
Vegetables,34.2,87,34,Good,47.1,3.5,Yes,11,Reject
Vegetables,4.7,93,4,Good,26.5,3.4,Yes,7,Safe
Vegetables,23.2,86,57,Good,62.4,5.5,No,20,Reject
Vegetables,8.3,80,43,Good,75.6,4.5,Yes,22,Caution
Vegetables,19,69,32,Good,11.3,4.7,No,6,Reject
Fruits,13.5,51,29,Average,48.9,4.8,No,5,Reject
Fruits,22.8,51,19,Good,82.1,6.4,No,23,Reject
Fruits,3.3,71,26,Good,46.6,4.2,Yes,5,Safe
Meat,9.1,89,4,Good,42,7,Yes,3,Safe
Dairy,19.7,41,54,Damaged,43.4,4.6,Yes,1,Reject
Grains,10.1,78,5,Good,35.8,3.4,No,17,Safe
Meat,28,41,18,Good,27.9,4,Yes,1,Caution
Meat,30.2,88,59,Good,74.7,5.2,Yes,1,Caution
Meat,28.9,70,47,Good,74.5,5.4,Yes,2,Caution
Grains,21.6,41,25,Good,79,4.4,No,18,Caution
Dairy,23.5,51,41,Good,21.6,5.9,No,24,Reject
Grains,34.2,81,32,Good,12.5,4.4,No,13,Caution
Meat,34.2,59,35,Good,34.5,3.5,No,9,Reject
Fruits,28.2,40,6,Good,29.9,7.1,Yes,12,Caution
Fruits,11.4,55,30,Average,48.4,4.3,Yes,14,Caution
Grains,28.1,76,2,Average,20,5.1,No,10,Caution
Fruits,21.5,67,6,Damaged,55.5,4.6,Yes,5,Caution
Meat,16.8,80,8,Damaged,83.1,6.7,Yes,18,Reject
Fruits,15.1,65,21,Good,32.2,3.9,No,16,Reject
Dairy,16.9,55,50,Average,88.1,4.9,No,24,Reject
Grains,11.3,50,41,Average,64,6.9,No,3,Caution
Grains,32.3,40,3,Average,24.8,5,No,2,Caution
Fruits,0.2,47,29,Average,81.1,3.4,Yes,8,Caution
Meat,21.1,56,37,Good,45.9,6.2,Yes,22,Caution
Fruits,12.1,69,15,Good,43.2,7.1,Yes,22,Caution
Meat,30.3,42,14,Good,18.1,4.9,Yes,11,Caution
Grains,22,75,8,Average,89.5,5.4,No,9,Caution
Dairy,24.4,78,60,Good,75.4,4.8,Yes,24,Caution
Grains,11.5,90,8,Good,34.6,5.5,No,12,Caution
Dairy,21,43,45,Average,10.5,3.8,Yes,20,Reject
Fruits,2.3,90,12,Good,49.4,4.3,Yes,1,Safe
Fruits,6.3,44,34,Average,52.7,6.5,No,23,Reject
Meat,31.2,90,12,Good,22.2,6.2,No,11,Reject
Grains,9.5,51,16,Good,84.7,3.4,No,19,Caution
Grains,31.2,83,14,Good,68.9,5.1,No,22,Caution
Dairy,14.1,75,1,Good,63.9,6.3,Yes,12,Safe
Grains,26.9,52,4,Good,17.1,4.9,No,6,Safe
Fruits,6.8,64,32,Average,16.3,5.9,No,15,Reject
Grains,22,90,10,Average,29.8,4.2,No,4,Caution
Fruits,25.6,92,29,Damaged,9.4,5,No,10,Reject
Fruits,34.6,89,60,Good,61.1,4.6,Yes,12,Reject
Fruits,18.5,41,45,Good,20.5,6.7,No,22,Reject
Vegetables,12.3,76,59,Good,32.5,5.1,Yes,9,Caution
Grains,22.6,74,6,Good,76.9,6.9,No,2,Safe
Vegetables,34.9,57,36,Good,30.7,3.4,No,24,Reject
Dairy,18.2,78,60,Good,49.5,3.8,No,21,Reject
Dairy,20.8,40,8,Good,28,3.3,Yes,20,Caution
Meat,33.3,57,41,Average,74.5,7.1,Yes,18,Reject
Dairy,23.8,72,10,Damaged,59.6,3.3,No,8,Reject
Fruits,3.1,90,1,Damaged,13.9,4.8,Yes,16,Caution
Dairy,12.7,72,8,Good,69.1,6.3,Yes,14,Caution
Vegetables,3.2,47,58,Average,83.9,6,No,8,Caution
Fruits,8.6,46,11,Good,64.8,4.1,No,17,Caution
Grains,7.6,88,22,Good,16.3,5.7,No,12,Caution
Grains,9,40,22,Average,26.5,7,No,18,Caution
Meat,1.2,43,33,Good,11.1,5.8,Yes,10,Safe
Vegetables,0.1,78,20,Damaged,12.3,4.3,Yes,16,Caution
Dairy,1.4,76,19,Good,17,4.6,Yes,19,Caution
Grains,22,80,30,Good,64.1,3.8,No,17,Caution
Vegetables,5.9,66,26,Good,66.9,7.2,No,13,Caution
Fruits,29,64,38,Good,56.2,5.7,Yes,2,Caution
Meat,15.4,80,21,Average,39.6,3.6,No,10,Reject
Meat,7.1,43,5,Average,41.6,3.8,No,8,Caution
Grains,6.1,62,35,Good,30.9,4.9,No,13,Caution
Meat,10.7,90,19,Good,26.7,4.9,Yes,19,Caution
Meat,11.2,60,18,Good,23.8,5.3,No,20,Reject
Grains,29.4,58,35,Good,87.3,7.1,No,9,Caution
Fruits,3.5,85,57,Average,30,5.7,Yes,19,Caution
Dairy,4.8,82,24,Good,85.5,5.3,Yes,15,Caution
Grains,28,48,3,Good,35.8,4,No,24,Caution
Grains,3,66,58,Damaged,68.8,4.8,No,7,Caution
Fruits,7.1,51,7,Good,83.6,3.3,Yes,23,Safe
Fruits,22.7,78,26,Average,20.9,3.8,Yes,16,Reject
Vegetables,23.3,59,39,Good,34.5,6.3,Yes,17,Caution
Vegetables,18.3,85,33,Good,59.5,6.7,Yes,2,Caution
Fruits,21.4,77,52,Damaged,83,3.4,Yes,5,Reject
Dairy,10.6,62,4,Good,85.8,6.6,No,2,Caution
Vegetables,16.1,91,41,Good,56.3,5.1,Yes,11,Reject
Vegetables,15.5,84,47,Good,46.1,6.9,No,13,Reject
Meat,6.9,75,55,Good,59.3,5.1,Yes,23,Caution
Vegetables,8.2,45,49,Good,79.3,4.5,Yes,17,Caution
Fruits,12,70,7,Good,9.3,7.1,No,2,Caution
Grains,19.2,90,38,Good,34.3,5.7,No,24,Reject
Grains,28.7,60,34,Average,57.5,6.3,No,15,Reject
Fruits,18.4,84,35,Good,10.2,5.6,No,11,Reject
Dairy,19.1,67,4,Good,89.6,4.2,Yes,20,Caution
Dairy,7.9,84,39,Good,72.9,6.2,Yes,19,Caution
Grains,7.8,48,57,Damaged,23.5,6,No,15,Caution
Dairy,17.9,55,11,Damaged,40.1,4.7,Yes,17,Reject
Dairy,21,87,42,Damaged,60.2,5.5,Yes,8,Reject
Meat,15.5,81,56,Good,29.9,7.2,Yes,4,Caution
Fruits,26,62,3,Good,46.3,6.8,Yes,22,Caution
Grains,30.2,47,23,Good,47.5,5,No,18,Caution
Fruits,31.3,91,52,Average,87.2,4.9,Yes,10,Reject
Grains,17,78,22,Good,72.2,3.9,No,20,Caution
Meat,24.5,88,9,Good,23.2,7.1,No,13,Reject
Grains,20.6,52,55,Good,86.4,7.1,No,21,Caution
Vegetables,23.3,89,15,Good,52.9,6.3,Yes,6,Caution
Grains,16.6,45,26,Average,17.8,5.7,No,3,Caution
Meat,0.7,87,11,Good,80.7,3.8,No,2,Caution
Grains,1.8,77,27,Good,21,7.2,No,18,Caution
Meat,32.2,62,46,Average,52.9,4.5,No,7,Reject
Dairy,25.6,47,36,Damaged,42,6.8,Yes,4,Reject
Meat,30.1,75,53,Good,44.8,3.5,Yes,4,Caution
Meat,31.5,71,15,Good,8.3,4.1,Yes,15,Caution
Grains,33.2,53,35,Damaged,80.5,4.9,No,20,Reject
Dairy,7.6,65,28,Good,26.9,4,Yes,9,Safe
Meat,19.6,77,9,Good,50.2,4.9,No,12,Reject
Vegetables,23.9,88,16,Good,87,3.7,Yes,11,Reject
Meat,3.5,70,56,Average,88.8,3.3,Yes,2,Caution
Vegetables,3.7,93,15,Average,44.9,4.5,Yes,8,Caution
Grains,19.7,71,45,Good,53,7.1,No,10,Caution
Meat,6.5,86,28,Good,26.5,4.2,No,18,Reject
Fruits,13.7,64,42,Damaged,74.1,4,No,13,Reject
Dairy,22.6,78,24,Damaged,69.8,7.2,No,5,Reject
Vegetables,30.6,83,32,Good,89.6,5.9,No,14,Reject
Fruits,26.3,82,29,Good,81.2,4.6,No,11,Reject
Grains,34.6,77,35,Good,11.1,5.8,No,2,Caution
Meat,4.3,60,38,Good,62,3.4,No,7,Caution
Vegetables,33.9,76,20,Good,81.5,6.9,No,22,Reject
Fruits,24.2,64,39,Average,54.5,6.9,Yes,3,Caution
Fruits,10.4,57,18,Good,19.9,3.3,No,6,Caution
Dairy,13.4,94,29,Good,42.5,6.3,No,13,Reject
Fruits,8.5,46,36,Good,30.4,4.7,No,20,Reject
Meat,4.8,60,1,Average,34.8,4.8,Yes,20,Safe
Grains,4.4,48,43,Average,46,7,No,14,Caution
Fruits,4.5,84,55,Good,64.8,6.5,No,7,Caution
Grains,16.4,50,28,Average,41.3,6,No,12,Reject
Grains,10.3,41,2,Good,49.1,6.9,No,17,Safe
Fruits,32.3,86,16,Good,90,3.4,Yes,20,Reject
Dairy,8.5,54,28,Good,70.9,4.1,Yes,12,Caution
Meat,14.8,91,51,Average,72.2,4.4,No,2,Reject
Vegetables,5.8,95,49,Damaged,85.7,6.1,Yes,19,Reject
Fruits,22.1,47,34,Damaged,22.2,6.4,Yes,14,Reject
Vegetables,11.4,89,54,Good,71,6.7,Yes,2,Caution
Fruits,0.4,67,57,Average,65.8,6.4,No,7,Caution
Grains,0.6,61,48,Good,79.2,3.3,No,7,Safe
Dairy,29.1,91,34,Average,81.8,3.6,No,12,Reject
Grains,23,77,36,Good,13.7,6.4,No,24,Caution
Fruits,30,82,54,Good,41.1,3.9,No,4,Reject
Grains,29.8,71,21,Good,86.8,6.2,No,4,Caution
Dairy,3,45,55,Good,80.5,4.2,Yes,13,Caution
Dairy,7.6,60,9,Damaged,88.9,6,No,3,Caution
Dairy,11.5,52,26,Average,41.6,4.2,Yes,11,Caution
Meat,12,75,10,Good,75.3,7.1,Yes,7,Safe
Dairy,8.8,73,60,Damaged,68.3,3.6,No,7,Reject
Meat,13.1,81,24,Good,44.7,6.4,No,18,Reject
Fruits,19.4,89,53,Good,37.1,5.9,Yes,7,Caution
Meat,8.3,40,35,Average,44.1,3.4,Yes,16,Caution
Grains,2.9,61,11,Damaged,8.4,6.8,No,1,Caution
Grains,14.6,61,3,Good,58.3,7.1,No,13,Safe
Meat,15.1,61,58,Average,59.2,4.5,Yes,19,Reject
Vegetables,33.9,57,42,Average,29.4,6.9,Yes,2,Caution
Fruits,3.5,63,57,Good,83,4.1,Yes,14,Caution
Fruits,20.6,78,6,Average,36.9,5.8,Yes,24,Caution
Vegetables,13.3,52,22,Damaged,72,6.5,Yes,7,Caution
Meat,1.5,53,11,Good,87.7,6.7,Yes,17,Safe
Meat,27.3,46,1,Good,19.2,3.9,Yes,19,Caution
Vegetables,9.7,91,47,Average,59.7,6.5,No,1,Reject
Vegetables,34.1,51,22,Good,28.5,6.7,Yes,20,Caution
Fruits,31.7,69,25,Good,50.9,4.9,Yes,23,Caution
Dairy,2.4,56,35,Good,79.9,6,Yes,20,Caution
Fruits,32.1,40,28,Good,9.4,6.9,Yes,7,Caution
Fruits,21.1,69,42,Good,29,5.6,Yes,24,Caution
Dairy,12,50,44,Damaged,12.2,6.4,Yes,14,Reject
Fruits,1.4,80,26,Good,18.5,5.1,Yes,3,Safe
Grains,16.4,67,50,Good,54.3,3.2,No,3,Caution
Dairy,4,61,57,Good,64.9,6,Yes,7,Safe
Grains,2.9,63,47,Good,23.9,5.1,No,22,Caution
Vegetables,1.7,63,37,Average,64.2,3.6,Yes,22,Caution
Vegetables,2.3,77,30,Good,24.9,3.8,Yes,9,Safe
Grains,33.1,55,59,Damaged,20,4.2,No,9,Reject
Fruits,3.1,61,3,Good,10.1,5,Yes,5,Safe
Meat,4.3,55,3,Good,22.3,7.1,No,18,Caution
Fruits,8,84,43,Good,21.7,3.6,No,16,Caution
Fruits,30.9,86,48,Good,25.7,7,No,22,Reject
Meat,16.5,77,48,Good,23,5.5,Yes,7,Caution
Fruits,4.5,42,21,Good,37.5,4.6,No,14,Caution
Dairy,22.8,58,22,Good,86.8,6.4,Yes,2,Caution
Dairy,0.1,93,40,Good,26.4,5.8,Yes,5,Caution
Dairy,17.6,87,4,Damaged,20.2,5.4,No,17,Reject
Grains,22.3,57,6,Average,34.6,5.8,No,22,Caution
Grains,31.5,77,42,Average,17.5,5.3,No,3,Caution
Vegetables,34.1,90,19,Damaged,38.9,5.4,No,22,Reject
Fruits,0.3,86,14,Good,28.4,4.3,No,4,Caution
Grains,2.1,89,18,Good,29.4,6.3,No,17,Caution
Dairy,10.2,94,28,Average,60.7,4.7,Yes,7,Caution
Meat,20.5,52,52,Damaged,43.5,5.8,Yes,5,Reject
Vegetables,13.6,46,45,Damaged,63.5,5.6,Yes,8,Caution
Grains,1.5,49,44,Good,33.4,4.5,No,23,Caution
Dairy,5,93,44,Average,64.6,3.9,Yes,24,Caution
Fruits,31.3,92,14,Good,20.6,4.6,No,16,Reject
Dairy,0.5,71,33,Good,56.7,5.3,Yes,14,Caution
Vegetables,29.7,66,6,Good,11,4.3,Yes,21,Caution
Vegetables,4.3,86,2,Average,46.7,5.5,Yes,6,Safe
Fruits,12,63,41,Good,78.5,5.5,Yes,2,Caution
Dairy,1.8,58,8,Good,38.9,6.5,No,24,Caution
Dairy,19.1,94,55,Damaged,50.7,7,Yes,6,Reject
Meat,16.1,81,43,Good,81.5,4.5,Yes,2,Caution
Grains,31.2,57,54,Average,39,4.7,No,11,Reject
Grains,18,84,56,Average,44.6,6.3,No,16,Reject
Vegetables,6.8,42,7,Good,38,7,Yes,4,Safe
Dairy,16.7,43,34,Good,35.4,5.9,Yes,6,Caution
Meat,7.7,93,47,Good,65.2,6,No,20,Reject
Dairy,14.9,54,32,Average,41.3,6.3,Yes,24,Caution
Vegetables,13.4,43,36,Good,71,4.4,Yes,5,Caution
Meat,18.4,75,19,Good,29,5.7,No,3,Reject
Grains,12.6,56,4,Good,64.8,3.5,No,5,Safe
Meat,22.2,69,39,Good,88.2,3.4,Yes,7,Caution
Grains,31,81,40,Average,11.3,5.7,No,8,Caution
Meat,8.9,95,38,Damaged,51.5,4.8,Yes,23,Reject
Fruits,26.7,47,32,Damaged,24.6,4.5,Yes,17,Reject
Vegetables,7.6,56,36,Good,75.4,7,Yes,20,Caution
Dairy,9.9,64,18,Average,39.8,5.5,No,2,Reject
Grains,0.3,76,56,Good,33.9,6.9,No,2,Safe
Vegetables,6.1,79,50,Damaged,85.3,4.2,No,8,Reject
Meat,30.2,95,17,Good,52,5.3,Yes,12,Reject
Vegetables,5.7,88,43,Good,31.6,5.2,Yes,4,Caution
Meat,6,60,36,Average,55.9,4.8,Yes,12,Caution
Meat,16.1,81,51,Good,44.3,4.9,Yes,4,Caution
Meat,26.6,58,41,Good,12.5,4.3,No,21,Reject
Grains,17.8,72,31,Average,57.6,5.7,No,18,Reject
Vegetables,0.5,86,28,Good,40.4,3.3,No,22,Reject
Fruits,25.4,62,28,Average,17.1,4.8,Yes,23,Reject
Dairy,12.2,49,59,Damaged,15.3,6,Yes,6,Caution
Meat,33,73,48,Good,63.3,5.7,Yes,23,Caution
Meat,6.7,72,30,Average,18.6,4.2,Yes,6,Caution
Meat,16.4,90,22,Average,44.9,6.6,Yes,13,Reject
Vegetables,20.5,40,36,Good,22.6,5.8,No,24,Reject
Vegetables,6,91,37,Good,39.5,6,No,10,Caution
Dairy,17.3,64,33,Damaged,9.5,3.6,Yes,6,Reject
Vegetables,29,75,51,Good,81.6,3.4,Yes,5,Caution
Meat,18.6,78,48,Good,82.6,6.9,Yes,1,Caution
Vegetables,32.2,47,56,Damaged,11.8,6,No,1,Reject
Vegetables,4.4,80,20,Good,82,6.6,Yes,23,Caution
Grains,15.4,77,29,Average,56.6,6.5,No,3,Caution
Grains,25.8,89,15,Good,32.6,4.1,No,8,Caution
Fruits,1.7,49,2,Good,10.9,4.3,Yes,3,Safe
Fruits,18.3,51,6,Good,42.9,5.1,Yes,5,Safe
Grains,6.6,54,5,Good,66,3.7,No,9,Safe
Fruits,2,51,37,Damaged,54.1,6.3,No,10,Reject
Meat,22.7,91,16,Good,32.9,4.2,No,13,Reject
Fruits,21.7,43,46,Average,75.8,6.3,No,6,Reject
Grains,20.3,82,32,Good,87.9,3.9,No,2,Caution
Grains,15.6,78,11,Good,55.7,3.9,No,15,Caution
Vegetables,0,63,34,Damaged,71.9,4.6,Yes,12,Caution
Fruits,20,60,2,Average,28.2,6.8,Yes,5,Caution
Grains,20.5,84,24,Damaged,26.6,6.6,No,23,Reject
Fruits,2.9,72,58,Good,64.2,5.8,No,14,Caution
Dairy,9.5,73,16,Good,81.6,4.9,Yes,11,Caution
Grains,33.7,64,30,Average,45.4,3.8,No,20,Reject
Dairy,4.6,90,48,Good,12.3,3.8,Yes,2,Caution
Vegetables,23.7,70,16,Damaged,76.5,4.5,Yes,13,Reject
Grains,8.4,94,33,Good,10.3,5.8,No,10,Caution
Dairy,12.1,78,6,Good,45.7,6.9,Yes,13,Safe
Dairy,33,73,3,Good,85.2,5.8,Yes,15,Caution
Dairy,6.8,52,35,Good,44.5,6.4,Yes,12,Caution
Grains,12.9,90,52,Good,10.5,6.7,No,16,Caution
Dairy,27.1,57,45,Good,43.8,4.3,No,18,Reject
Vegetables,24.6,42,10,Damaged,10.2,5.7,Yes,8,Caution
Grains,11.8,73,10,Good,24.7,6.3,No,22,Caution
Fruits,11.3,85,41,Average,45.3,5.4,Yes,24,Caution
Fruits,3.3,60,17,Average,13.2,6.8,No,11,Reject
Grains,32,44,42,Good,47.6,6.5,No,15,Caution
Dairy,31.5,91,16,Good,66.4,4.1,Yes,1,Caution
Meat,6.7,48,49,Good,85.5,5.3,Yes,4,Safe
Fruits,0.3,72,11,Good,25,3.4,Yes,15,Safe
Dairy,14.5,64,36,Good,9.5,6.5,Yes,13,Caution
Fruits,26.9,95,17,Good,88.1,5.5,Yes,24,Reject
Fruits,25.8,88,22,Average,33.8,6.9,No,11,Reject
Grains,22.1,91,13,Good,10.9,4.2,No,11,Caution
Meat,31.4,77,34,Damaged,81,6.9,Yes,24,Reject
Grains,3.8,92,50,Good,58.5,5.9,No,1,Caution
Vegetables,27.7,45,33,Good,57.5,5.9,No,24,Reject
Grains,9.6,48,27,Good,35.1,5.1,No,7,Caution
Meat,6.7,66,16,Good,87.3,4.7,Yes,5,Safe
Vegetables,19.7,81,28,Good,16.7,4.8,Yes,15,Caution
Dairy,28.3,65,21,Damaged,70.9,3.7,No,1,Reject
Grains,30,82,28,Good,53.4,6,No,15,Caution
Meat,28.8,85,59,Good,13.8,6.3,Yes,24,Caution
Fruits,26.2,75,16,Good,66.5,5.4,Yes,24,Caution
Fruits,8,73,16,Damaged,52.9,6,No,22,Reject
Vegetables,9.1,57,16,Damaged,68.5,6.1,No,20,Reject
Fruits,25.2,73,3,Average,60.2,4,Yes,16,Caution
Dairy,8.8,48,31,Good,32.5,5.2,Yes,2,Caution
Meat,26.8,44,22,Good,41.5,5.5,No,13,Reject
Dairy,17.3,69,23,Good,51.1,3.5,No,9,Reject
Dairy,9.4,91,10,Good,29.4,4.3,No,4,Caution
Dairy,20.2,90,50,Average,73.6,5.3,No,5,Reject
Fruits,16.6,63,46,Good,25.4,6,Yes,22,Caution
Meat,9.3,87,58,Good,86.2,4.3,No,3,Reject
Fruits,12.1,79,42,Good,25.3,5.7,Yes,18,Caution
Grains,22.7,60,29,Average,16.7,3.9,No,22,Reject
Grains,16.6,85,55,Average,30.6,4.6,No,24,Reject
Vegetables,16.5,53,1,Average,20.1,3.5,Yes,19,Caution
Vegetables,22.3,93,45,Good,16.4,6.4,No,4,Reject
Dairy,4.8,50,2,Good,34.7,7.2,Yes,19,Safe
Meat,14.2,82,55,Average,61.1,5.6,No,23,Reject
Fruits,19.1,60,42,Good,72.9,4.7,No,2,Reject
Fruits,19.5,92,23,Damaged,28.4,6.5,Yes,19,Reject
Meat,1.5,55,46,Damaged,73.4,4.1,Yes,18,Caution
Vegetables,21.9,54,3,Good,42.1,5.8,No,16,Caution
Grains,10.1,48,27,Good,89.1,6.3,No,3,Caution
Grains,15,47,56,Good,14.5,3.7,No,23,Caution
Dairy,14.4,55,25,Good,21.8,3.4,Yes,8,Caution
Fruits,32.5,60,14,Good,65.2,6.7,No,17,Reject
Meat,23.3,57,48,Good,44.6,5.7,No,23,Reject
Grains,31.3,66,23,Average,57.4,5.2,No,2,Caution
Dairy,20,91,20,Good,73.4,6.1,Yes,23,Reject
Dairy,12.7,90,26,Good,49.8,5.6,Yes,3,Caution
Vegetables,2.2,50,3,Good,63.3,3.8,No,16,Caution
Meat,23.2,94,5,Average,12.7,6.5,Yes,2,Caution
Meat,20.7,54,27,Damaged,76,5.3,No,8,Reject
Vegetables,25.6,62,4,Good,87.7,3.2,Yes,11,Caution
Dairy,31.6,57,34,Average,39.7,4.7,Yes,8,Caution
Fruits,0.7,64,36,Good,11.5,6.5,Yes,2,Safe
Vegetables,0.5,83,28,Good,64.4,5.9,Yes,7,Safe
Vegetables,15.9,67,60,Average,60.9,7.1,Yes,15,Reject
Grains,23.2,89,36,Good,81,3.6,No,9,Caution
Fruits,31,91,56,Average,17.6,4.8,Yes,3,Reject
Meat,30.5,86,17,Good,17.3,4.5,Yes,24,Reject
Fruits,3.1,74,40,Good,47.8,4.6,Yes,2,Safe
Vegetables,13,92,10,Good,45.4,6.8,No,11,Reject
Meat,9.5,78,14,Good,23.2,3.5,Yes,6,Safe
Meat,33.2,62,44,Good,59.5,4.8,Yes,8,Caution
Vegetables,5.1,55,14,Good,61.4,6.4,Yes,13,Safe
Meat,3.9,88,57,Good,73.8,6.3,Yes,20,Caution
Fruits,26.9,83,32,Good,64.1,4.8,Yes,16,Caution
Vegetables,28.7,76,53,Average,88.7,5.1,Yes,11,Reject
Meat,20.2,72,48,Damaged,11.3,6.9,Yes,7,Reject
Dairy,13.5,70,47,Average,83.8,4.2,Yes,23,Caution
Meat,10.7,93,47,Average,21.6,6.8,Yes,1,Caution
Dairy,1.9,66,17,Damaged,24.5,6.9,Yes,1,Caution
Vegetables,20.9,52,46,Good,76.3,4.7,No,15,Reject
Dairy,32,49,40,Good,70.4,3.9,No,19,Reject
Dairy,15.5,64,47,Good,24.2,6.6,Yes,23,Caution
Dairy,5.3,72,11,Good,41.1,6.9,No,7,Caution
Dairy,24.1,59,2,Good,71.4,3.7,Yes,15,Caution
Grains,30.2,68,36,Good,8.9,3.3,No,11,Caution
Meat,29.1,57,26,Average,18.9,4,Yes,20,Reject
Vegetables,23.2,76,40,Good,15.3,5.5,No,6,Reject
Fruits,10.1,79,60,Damaged,80.2,6.1,No,6,Reject
Grains,19.2,76,59,Damaged,71.6,4.5,No,1,Reject
Grains,31,66,43,Good,49.8,6.8,No,16,Caution
Dairy,0.6,48,56,Damaged,46.3,5.4,Yes,15,Caution
Fruits,19.8,59,34,Damaged,17.7,4.7,Yes,23,Reject
Dairy,3.1,55,5,Good,74.7,3.2,Yes,24,Safe
Grains,14.5,52,50,Good,78.1,6.1,No,22,Caution
Vegetables,11.3,46,43,Average,59.1,7,Yes,22,Caution
Fruits,5.7,78,51,Good,32.6,7,No,13,Caution
Grains,21.1,50,12,Good,73.8,4.9,No,16,Caution
Meat,3.6,66,38,Damaged,35.6,5.4,Yes,16,Caution
Meat,7.5,54,60,Good,81.3,6.5,No,7,Caution
Vegetables,6.7,76,12,Good,89,4.6,Yes,21,Safe
Vegetables,25.4,72,51,Good,77.2,7.2,No,19,Reject
Fruits,18.4,62,13,Good,55.4,3.4,Yes,14,Caution
Dairy,22.2,77,3,Good,20.3,4.4,Yes,22,Caution
Grains,9.7,75,9,Good,75.2,6,No,12,Caution
Vegetables,7.9,47,30,Good,44.9,4.7,No,20,Caution
Fruits,7.9,79,38,Good,77.2,3.5,No,23,Caution
Meat,19.3,47,30,Good,81.3,4.1,Yes,24,Caution
Meat,20.3,83,11,Good,68.1,5.1,No,11,Reject
Grains,5.1,91,6,Good,48.4,4,No,18,Safe
Fruits,13.1,92,25,Average,14.2,4.8,Yes,18,Reject
Grains,13.7,92,30,Good,57.2,4.3,No,16,Caution
Fruits,30.7,44,22,Damaged,25.2,4.2,No,4,Reject
Vegetables,8.5,76,34,Good,47.3,4.3,Yes,18,Caution
Fruits,9.7,43,44,Average,54.1,6.9,Yes,14,Caution
Meat,31,71,14,Good,59.8,4.3,No,23,Reject
Vegetables,14.7,78,35,Damaged,86.7,4.9,Yes,20,Reject
Dairy,28.9,67,11,Average,62.7,5.8,Yes,6,Caution
Grains,30.9,61,60,Average,60.1,3.4,No,14,Reject
Vegetables,30.6,90,59,Average,17.1,6.1,Yes,15,Reject
Grains,4.3,81,40,Good,64.1,4.7,No,13,Caution
Vegetables,0.5,63,29,Average,19.5,6.2,Yes,12,Caution
Fruits,4.7,87,31,Average,10.3,4.1,Yes,10,Caution
Vegetables,18.2,77,31,Good,24.2,5.7,Yes,24,Caution
Grains,24.8,76,3,Good,14.6,6.2,No,4,Safe
Dairy,26.5,92,60,Damaged,68.3,7,No,6,Reject
Fruits,19.2,92,19,Good,73.8,6.4,No,13,Reject
Dairy,0.5,81,28,Average,71.3,5.5,No,6,Caution
Dairy,23.8,91,54,Good,23.7,6.6,No,7,Reject
Grains,1.7,53,22,Damaged,69.7,4.9,No,2,Caution
Meat,31,63,30,Average,63,3.4,Yes,5,Caution
Dairy,18.8,40,24,Good,41.1,6.4,Yes,12,Caution
Meat,28.8,71,11,Average,78.5,4.4,Yes,21,Caution
Dairy,12.5,89,58,Good,81,5.3,Yes,6,Caution
Dairy,22.8,60,51,Good,83.3,4.9,No,12,Reject
Meat,10,66,30,Good,72.7,3.4,Yes,16,Caution
Meat,6.9,51,46,Good,14.6,4,Yes,14,Caution
Meat,6.4,50,39,Average,30.8,6.2,Yes,20,Caution
Vegetables,1.1,87,51,Good,75.3,3.8,Yes,19,Caution
Fruits,34.4,59,13,Average,32.3,7.1,Yes,22,Caution
Vegetables,3.4,62,28,Good,45.3,6.6,Yes,3,Safe
Dairy,12.8,80,41,Average,12.5,4.7,No,10,Reject
Meat,20.9,46,24,Good,34.3,4.5,Yes,8,Caution
Fruits,19.7,66,40,Good,63,6.5,Yes,15,Caution
Vegetables,21.5,86,52,Damaged,18.8,5,Yes,2,Reject
Dairy,32.3,53,29,Good,65.1,6.6,Yes,15,Caution
Meat,30.3,62,30,Good,69.2,6.6,Yes,17,Caution
Vegetables,19.5,64,57,Good,41.3,7,No,18,Reject
Dairy,1.5,42,32,Good,72.6,6.5,No,3,Caution
Grains,18.5,63,60,Good,41.3,3.8,No,12,Caution
Vegetables,29.6,94,53,Average,77.5,5.9,No,6,Reject
Fruits,3.8,68,48,Good,83.9,4.7,Yes,13,Caution
Dairy,5.5,54,37,Damaged,79.3,4.6,No,17,Reject
Dairy,2.1,56,36,Average,66.5,7,No,23,Reject
Fruits,15.4,70,3,Damaged,12.9,3.6,No,24,Reject
Dairy,8.2,41,51,Average,31.8,5.6,Yes,11,Caution
Meat,22.7,47,6,Average,45.3,6.8,Yes,23,Caution
Grains,16.8,86,15,Good,15.5,6.5,No,10,Caution
Meat,30.1,46,18,Good,10.9,6.3,No,21,Reject
Meat,2.6,85,53,Damaged,85.3,3.9,Yes,5,Caution
Fruits,4.8,42,4,Good,75.8,4.5,Yes,3,Safe
Fruits,24.5,81,59,Damaged,53.1,6.7,No,21,Reject
Fruits,27.3,77,23,Good,40.4,5.8,No,5,Reject
Grains,34.9,65,60,Damaged,16.8,6.6,No,24,Reject
Vegetables,21.5,74,25,Average,63.5,4.3,Yes,2,Caution
Dairy,1.2,85,2,Average,73.7,3.9,Yes,12,Safe
Dairy,8.9,77,31,Average,64,5.1,Yes,13,Caution
Fruits,20.6,41,7,Damaged,22.5,6.8,Yes,1,Caution
Fruits,33.2,56,44,Good,55.8,3.5,No,23,Reject
Dairy,0.1,77,20,Good,61.2,3.8,Yes,6,Safe
Vegetables,16.3,56,53,Average,75.3,5.5,No,20,Reject
Meat,23.5,77,51,Good,12.1,6.4,Yes,20,Caution
Grains,21.8,58,1,Good,58.6,3.8,No,23,Caution
Meat,5.8,61,49,Good,67.2,3.4,Yes,24,Caution
Meat,17.7,62,27,Damaged,51.1,6,Yes,24,Reject
Grains,19.6,60,17,Good,33.2,5,No,19,Caution
Grains,31.7,64,57,Good,13,4.8,No,9,Caution
Meat,2.5,89,16,Good,86.4,3.2,Yes,11,Caution
Dairy,21.1,56,59,Good,69.2,3.7,Yes,18,Caution
Meat,3.6,74,57,Average,29.3,5.6,Yes,14,Caution
Fruits,25,44,4,Good,75.1,4,Yes,12,Caution
Fruits,8.8,40,50,Good,55.2,6.1,No,16,Reject
Vegetables,23.8,63,44,Good,33.7,3.5,Yes,24,Caution
Grains,27.4,66,48,Good,85.5,3.6,No,13,Caution
Vegetables,31.2,92,40,Good,63.1,5.6,No,16,Reject
Fruits,7.3,53,6,Good,56.6,6.1,No,20,Caution
Fruits,22.8,55,39,Good,46.3,6.5,Yes,6,Caution
Meat,29.5,86,3,Good,55.8,5,Yes,12,Caution
Fruits,1.6,53,52,Good,66.2,4.1,Yes,5,Safe
Fruits,7.5,46,23,Good,62.1,6,No,8,Caution
Grains,24.6,43,3,Good,63.9,7.2,No,13,Caution
Grains,7.8,50,13,Good,41.9,5.9,No,17,Safe
Vegetables,25.8,92,21,Average,19.5,6.4,Yes,18,Reject
Meat,7.1,74,7,Good,9.8,4.1,Yes,14,Safe
Dairy,27.1,91,56,Average,21.3,4,Yes,11,Reject
Grains,23.7,83,57,Good,80,6.4,No,15,Caution
Vegetables,29.2,56,23,Average,11.9,5.5,Yes,23,Reject
Dairy,5.9,91,40,Average,28.7,6.6,No,23,Reject
Fruits,3.3,47,5,Average,9.6,4.9,Yes,3,Safe
Meat,20.9,85,8,Damaged,34.3,3.5,Yes,16,Reject
Grains,6.8,58,26,Good,41.2,5.3,No,14,Caution
Meat,2.9,85,47,Damaged,71.4,7,No,22,Reject
Fruits,0.5,95,30,Average,36.7,6,Yes,11,Caution
Vegetables,9.5,78,45,Average,38.8,6.9,No,10,Reject
Meat,15.3,48,4,Good,36.9,3.6,Yes,22,Caution
Fruits,27,82,24,Average,78.2,7.2,No,22,Reject
Grains,24.4,87,32,Damaged,52.1,7.2,No,21,Reject
Dairy,23.6,90,46,Good,30.2,7,Yes,8,Caution
Fruits,1.7,72,9,Average,53,6.1,No,22,Caution
Dairy,11.8,82,5,Average,23.6,5,Yes,14,Caution
Fruits,17.6,48,60,Average,81.9,3.5,No,8,Reject
Vegetables,20.9,41,36,Average,46.8,4.5,Yes,15,Reject
Grains,28.6,50,46,Average,60.3,6.3,No,24,Reject
Vegetables,19.1,71,47,Average,10.1,4.1,No,22,Reject
Grains,34.5,81,51,Average,14.4,6.5,No,15,Reject
Fruits,21.3,69,11,Damaged,58.3,3.9,Yes,15,Reject
Meat,15.2,49,3,Good,73.1,6.2,Yes,7,Safe
Grains,20.3,77,35,Good,56.6,6.7,No,11,Caution
Grains,33.7,57,33,Good,31.2,5.3,No,24,Caution
Meat,23.9,81,7,Damaged,22.2,4.6,No,18,Reject
Vegetables,8.5,74,31,Damaged,68.3,3.4,Yes,23,Reject
Dairy,31.4,73,33,Good,28.1,3.8,Yes,1,Caution
Meat,9.7,92,14,Good,54.3,4.1,No,5,Caution
Fruits,12.1,84,38,Damaged,83.3,4.5,Yes,7,Caution
Fruits,22.1,52,41,Good,87.9,6.6,Yes,22,Caution
Vegetables,19.4,56,7,Damaged,19.8,5,Yes,7,Caution
Meat,11.1,45,35,Good,34.7,7,No,20,Reject
Vegetables,18.8,41,58,Good,34.2,6,Yes,4,Caution
Fruits,3,51,55,Good,26.8,6.6,No,1,Caution
Fruits,18.9,81,38,Average,57.7,4.5,Yes,16,Reject
Fruits,0.3,75,51,Average,75.2,4.7,No,1,Caution
Vegetables,23.2,56,43,Good,31.1,5.3,Yes,7,Caution
Dairy,34.1,54,46,Good,24.5,3.4,Yes,20,Caution
Dairy,12.5,75,21,Good,19.1,3.9,No,17,Reject
Vegetables,1,92,16,Damaged,66.3,4.1,Yes,15,Reject
Vegetables,27.2,76,40,Good,59,5.5,Yes,4,Caution
Dairy,4.4,90,13,Damaged,69.2,7.2,Yes,3,Caution
Vegetables,34,86,22,Damaged,18,3.9,No,17,Reject
Fruits,29.2,69,47,Average,75.9,4.5,No,11,Reject
Fruits,0.3,40,24,Average,57,4.7,Yes,15,Caution
Grains,24.8,73,8,Average,23.2,7,No,18,Caution
Fruits,9.2,45,1,Good,15.6,5.3,No,14,Caution
Vegetables,32.4,49,43,Good,35.9,6.7,Yes,2,Caution
Vegetables,24.1,51,11,Good,56.5,4.1,No,10,Caution
Vegetables,22,50,21,Good,73.2,7,Yes,8,Caution
Fruits,29.2,80,16,Damaged,73.7,5.6,Yes,17,Reject
Fruits,5.3,60,50,Damaged,11.4,4.1,No,4,Reject
Meat,20.6,57,52,Good,71,4.9,Yes,17,Caution
Dairy,16.2,53,59,Good,81.8,4.3,Yes,12,Caution
Meat,7.6,72,4,Good,18.8,5.4,Yes,3,Safe
Fruits,29.3,91,58,Average,40,7,Yes,23,Reject
Grains,21.4,81,16,Average,67.6,3.4,No,4,Caution
Fruits,32.7,90,54,Average,26.7,3.7,No,1,Reject
Meat,33.9,48,10,Average,13.7,6.8,Yes,20,Caution
Meat,0.5,95,45,Average,36.5,3.3,Yes,19,Caution
Vegetables,27.9,78,46,Average,46.4,6.4,No,18,Reject
Fruits,25.6,40,33,Good,10.4,5.6,Yes,5,Caution
Dairy,25.2,71,1,Good,31.9,3.7,Yes,16,Caution
Meat,6.3,54,41,Average,65.9,3.9,Yes,2,Caution
Fruits,9.2,51,8,Average,86.7,3.8,Yes,24,Caution
Meat,1.9,41,45,Good,85.7,4,No,6,Caution
Fruits,19.5,71,4,Average,78,4,Yes,23,Caution
Dairy,23.7,66,29,Good,61.5,3.2,Yes,6,Caution
Fruits,15.8,60,48,Good,51.8,7,No,17,Reject
Grains,13.1,68,7,Good,57.6,5.5,No,9,Safe
Fruits,10.2,87,49,Average,74.2,3.9,Yes,20,Reject
Grains,34.9,84,57,Good,86.1,3.7,No,12,Caution
Dairy,1.9,89,12,Good,72.1,3.2,Yes,20,Caution
Meat,29.1,50,47,Good,34.6,5.4,Yes,15,Caution
Fruits,9.6,45,23,Good,64.2,6.3,Yes,7,Caution
Meat,25.5,81,59,Good,78.8,5.6,Yes,19,Caution
Meat,10.6,73,36,Good,76.4,5.3,Yes,20,Caution
Dairy,13.9,71,7,Damaged,8.1,3.9,Yes,16,Caution
Grains,25.9,73,34,Average,21.5,3.6,No,11,Reject
Grains,34.2,80,41,Good,55.2,4.2,No,7,Caution
Meat,12.6,88,40,Good,34.8,4.2,Yes,18,Caution
Dairy,18.8,75,14,Good,72.1,3.8,Yes,7,Caution
Grains,28.9,66,27,Good,72.1,3.5,No,21,Caution
Fruits,17.5,63,48,Average,64.4,4,No,5,Reject
Meat,19.3,75,60,Good,69.5,3.9,Yes,20,Caution
Fruits,24.3,67,45,Good,26.5,4.1,No,22,Reject
Fruits,21.3,52,34,Good,78.6,3.6,Yes,2,Caution
Fruits,18.7,52,20,Damaged,28.8,4.4,Yes,13,Reject
Fruits,29.5,70,51,Good,77.7,6.7,No,11,Reject
Dairy,33.7,86,43,Good,86.1,5,Yes,7,Caution
Vegetables,33,62,28,Damaged,67.8,3.5,Yes,5,Reject
Dairy,25.3,62,4,Average,86.3,3.4,No,6,Caution
Vegetables,34.6,49,11,Good,44,6,Yes,17,Caution
Meat,27.9,50,29,Good,72.8,5.8,Yes,23,Caution
Dairy,24.9,93,52,Damaged,45.1,4.8,Yes,15,Reject
Grains,13.6,51,24,Good,30.1,4.1,No,13,Caution
